grid_id,total_activity,total_sms,total_calls,total_internet,peak_hour_activity,active_hours
5161,274800.2956,22111.8562,15458.0512,237230.3882,33120.754400000005,24
5059,197968.3438,22296.9381,15522.6352,160148.7705,17500.2359,24
5758,143489.2707,9492.2861,6555.9564,127441.0282,13040.3491,24
5061,137435.4867,11429.9323,7646.3027,118359.2517,11297.983100000001,24
5955,135844.9556,7254.3985,7948.1145,120642.4426,9393.459099999998,24
5262,131322.87589999998,13093.9308,8033.8335,110195.1116,12492.089899999999,24
6064,126818.9053,15016.425,10646.1708,101156.3095,9980.393199999999,24
5162,124664.3217,11977.4647,7251.7104,105435.1466,11834.750399999999,24
4857,121991.8232,8057.2652,5750.7121,108183.8459,9340.6056,24
4856,114005.337,7933.3106,5806.1242,100265.9022,7601.4693,24
5458,113380.8117,6232.2949,4726.1809,102422.3359,7280.148999999999,24
4755,112272.013,5701.8915,4255.9775,102314.144,6968.7024,24
4654,111520.1209,6151.3189999999995,5057.4456,100311.3563,8584.662199999999,24
6073,110620.42300000001,7984.2065,6850.1378,95786.0787,6332.3012,24
5956,109792.7562,6364.963,6436.764700000001,96991.0285,10804.864699999998,24
5658,107140.1977,7223.3448,4959.8351999999995,94957.0177,7159.5971,24
6072,106965.59270000001,10299.032,10160.8623,86505.6984,6063.3271,24
5855,106165.8445,6493.4527,7002.0858,92670.306,7360.7955999999995,24
5857,106148.4458,5333.856,4858.1912,95956.3986,7043.3647,24
5567,105790.0871,6716.1983,4995.9252,94077.9636,6708.435799999999,24
6169,103415.8489,6887.1022,5776.8819,90751.8648,6212.3054999999995,24
4655,102825.7641,6243.0727,4877.1641,91705.5273,6773.1833,24
5959,102213.3588,6765.8399,4927.5404,90519.9785,7660.9428,24
4653,101830.7412,6064.2215,4834.3525,90932.1672,8332.8589,24
4457,101093.4741,5623.7311,4417.5937,91052.1493,5801.254800000001,24
4754,100498.129,5427.9231,4353.8921,90716.3138,6445.000900000001,24
4855,100417.7678,7413.4935000000005,5479.7021,87524.5722,5529.709,24
5258,100278.4717,7238.488,4634.7106,88405.2731,6652.1296999999995,24
6165,100257.6082,12030.802099999999,8758.7027,79468.10339999999,7549.9263,24
4456,100173.0297,5688.1483,4211.9758,90272.9056,6127.9562,24
5954,99716.8043,5636.3054,5687.7225,88392.7764,7070.227999999999,24
4556,98140.5294,7064.3375,5548.7898,85527.4021,7091.886,24
5858,97114.2977,5710.6291,4977.4858,86426.1828,6930.7837,24
5856,96982.11009999999,4917.5712,4721.1741,87343.3648,7085.9843,24
5958,95957.6396,6002.5072,5217.2564,84737.876,8132.8561,24
5060,95509.3967,9163.9007,6537.8675,79807.6285,8549.8075,24
4554,94423.409,5465.5037,4554.414,84403.4913,8422.728299999999,24
5765,93731.7915,7073.2976,5536.7488,81121.7451,5918.2002999999995,24
5854,93119.4077,5896.4734,5932.8314,81290.1029,5830.970200000001,24
4656,93028.1109,6506.2518,4926.1652,81595.6939,6876.397800000001,24
5967,92454.2819,7771.9742,5142.4854,79539.8223,5748.5874,24
4756,92426.7222,5820.0115,4075.5396,82531.1711,7345.8937000000005,24
5159,92329.7162,9342.3256,6471.1023,76516.2883,8400.8873,24
6058,91634.3312,7069.5752999999995,6272.3938,78292.3621,5967.6361,24
5859,91329.00230000001,5732.9717,4287.4393,81308.5913,5654.7033,24
5259,91275.547,4121.1932,2545.0127,84609.3411,10245.7718,24
4553,89686.822,5667.5375,5089.2699999999995,78930.0145,8971.7709,24
4462,89549.0931,5445.6399,3778.3659,80325.0873,6961.219999999999,24
4555,89503.7647,6120.2341,4621.9443,78761.5863,6212.077799999999,24
5957,89414.2945,4710.3149,5200.4259999999995,79503.5536,6374.3053,24
6065,88418.1211,9141.650099999999,5679.1589,73597.3121,5281.3822,24
5766,87940.05990000001,7676.0858,5293.7785,74970.1956,6925.5182,24
6260,87495.7691,5140.4953,4094.4704,78260.8034,6071.829299999999,24
5659,87038.756,7669.1984,5241.8216999999995,74127.7359,5133.1288,24
5160,86680.9504,10017.043,6130.6331,70533.2743,9867.8933,24
6067,85432.2439,7844.6275000000005,5078.1013,72509.5151,5231.4626,24
4957,84674.452,5207.4064,3784.015,75683.0306,5440.8115,24
4366,82933.0957,6469.9701000000005,6253.4502999999995,70209.6753,4972.2669000000005,24
5965,82601.205,8709.4173,5080.9462,68810.8415,4592.2780999999995,24
5263,82012.6221,6964.2374,4146.4018,70901.9829,6974.7179,24
4465,81855.9341,4081.198,3010.2706,74764.4655,4819.2884,24
5461,81845.2234,5043.881,3622.5787,73178.7637,5556.5036,24
4959,81813.50319999999,6554.4415,3918.0395,71341.02219999999,6678.5935,24
5968,81603.237,6029.9137,5049.6538,70523.6695,5340.7457,24
6068,81026.6309,6760.8203,5229.2852,69036.5254,5011.2786,24
5759,80572.3945,6587.9391,4816.8360999999995,69167.6193,4831.5132,24
4948,79493.86809999999,11991.8774,4453.4846,63048.5061,5690.900799999999,24
6164,79454.5725,8697.3065,6340.5525,64416.7135,5862.6231,24
4648,78751.9914,4421.8207999999995,3663.5946,70666.576,4770.739,24
6557,78321.0362,6912.2854,3774.6522,67634.0986,9356.3294,24
4757,78155.0997,5632.0013,3946.5687,68576.5297,5839.8796,24
4256,77998.0901,4309.9666,3260.4557,70427.6678,4806.0308,24
5256,77926.4271,4140.6251,3692.1730000000002,70093.629,5015.839199999999,24
4452,77782.3871,8704.9201,7196.9668,61880.5002,12112.689000000002,24
4453,77743.8191,7645.8817,6518.9146,63579.0228,9897.0013,24
5163,77663.48819999999,8387.2556,4623.8228,64652.4098,5897.3403,24
5866,77637.6922,6313.6744,3985.7531999999997,67338.2646,5899.905699999999,24
6358,77629.8953,3834.9,2574.7780000000002,71220.2173,4766.8652999999995,24
6345,77452.3971,5154.5516,5461.8048,66836.0407,7205.5886,24
6558,77405.9083,7207.1164,4163.9574999999995,66034.83439999999,7614.6714,24
5361,77293.8098,5381.1032000000005,3499.2644,68413.4422,6805.6608,24
5467,76895.5356,4899.3389,3177.6525,68818.5442,4284.1246,24
4958,75846.8144,6259.9412,4712.2714,64874.601800000004,5150.3274,24
4548,75416.6204,5275.1761,4501.7838,65639.6605,5124.741599999999,24
5068,75054.2302,4924.3338,3637.3136999999997,66492.5827,4557.7224,24
4961,74531.8124,5345.198,4028.1729,65158.4415,4718.995199999999,24
6066,74334.5815,8285.3141,4790.4137,61258.8537,4204.5134,24
4968,74172.5953,4958.3227,3626.0593,65588.2133,4363.8853,24
5349,74065.46669999999,8985.5394,4104.2353,60975.691999999995,4938.3889,24
5072,73229.0373,6911.7607,3319.8965,62997.3801,3858.8991,24
5248,73068.92689999999,5212.1459,3864.7010999999998,63992.0799,5703.920300000001,24
5148,73061.3993,5408.1694,3747.7072,63905.5227,5485.3,24
6074,72795.238,4805.3854,3685.6639,64304.1887,4124.1071999999995,24
4758,72446.6152,5078.1185000000005,3542.109,63826.3877,5681.0954,24
5358,72334.4753,4793.1852,3481.9629,64059.3272,4870.214099999999,24
6371,71713.9455,5115.4578,4818.6805,61779.807199999996,4334.5688,24
4854,71696.6716,4292.981,3256.2012,64147.4894,4347.392400000001,24
4762,71494.9757,5068.0731,5069.3042,61357.5984,4267.632299999999,24
4455,71436.4378,4199.8994,2808.7128000000002,64427.8256,5441.7068,24
6268,71408.6325,6061.3051,4468.1544,60879.173,4406.9466,24
4960,71075.8735,6029.5414,3784.2884,61262.0437,5478.158199999999,24
6069,70945.1393,5814.093,4782.7636,60348.282699999996,3929.6153999999997,24
6269,70166.2066,6241.4285,4591.7443,59333.0338,4377.6752,24
6460,69956.2103,4726.7023,3430.5113,61798.996699999996,4161.5869,24
5261,69763.5687,5175.4095,3009.3569,61578.8023,6248.3472,24
5367,69737.6117,4592.397,3081.8292,62063.3855,3836.585,24
6265,69700.3673,9662.4859,7499.5197,52538.3617,5089.8393,24
5255,69630.062,4316.4574,3531.2868,61782.317800000004,3996.9942,24
4355,69394.007,3997.5405,2670.2252,62726.2413,5009.4827000000005,24
5568,69261.6972,5194.9569,3780.453,60286.2873,3976.4873000000002,24
5860,68794.4016,4830.564,3714.6221,60249.2155,4370.7611,24
6264,68733.3183,7474.5035,5505.6326,55753.1822,4562.890299999999,24
5867,68267.057,4342.3288999999995,2890.5933,61034.1348,4881.318300000001,24
4257,67827.1773,4051.5953999999997,2852.1205,60923.4614,4106.282999999999,24
4853,67794.43,4699.1927,3888.1179,59207.119399999996,3912.8241,24
4753,67337.3096,4931.7644,3464.1456,58941.3996,4052.4717999999993,24
4559,67103.0383,4134.115,2921.6883,60047.235,4531.3746,24
4761,66842.0586,4827.4365,3726.0655,58288.556599999996,3970.117,24
8169,66531.4473,5753.5272,5662.7136,55115.2065,8110.5766,24
5667,66365.5778,4149.599,3038.6403,59177.3385,4056.8043,24
4458,66365.4996,4447.3593,3284.1554,58633.9849,4823.3847000000005,24
5147,66325.4416,4604.7874,3412.6016999999997,58308.0525,3929.9824000000003,24
4972,66305.1143,10634.1786,2957.8685,52713.0672,3559.4425,24
4356,66210.4582,3575.1621,2577.1292,60058.1669,3901.4139999999998,24
5868,66063.5384,3780.5429000000004,2987.867,59295.1285,4204.7705000000005,24
4362,66054.2313,4755.3664,3095.1571,58203.707800000004,4008.7226,24
7164,65761.4554,4936.6693000000005,3606.2822,57218.503899999996,4361.8679,24
6372,65724.7955,4829.4622,4596.2072,56299.1261,4138.4385,24
5151,65381.1275,4085.4046,3265.5617,58030.1612,4084.2875999999997,24
4459,65325.326,4025.0114,2864.3993,58435.9153,5098.6624,24
4956,65304.7928,4070.5335999999998,2582.8965,58651.3627,4319.9923,24
5767,64863.1276,3784.5764,2557.1783,58521.3729,4085.7355,24
5566,64766.5847,4535.8026,3662.5868,56568.1953,4026.5267,24
6560,64730.4246,4957.6468,3484.0704,56288.7074,4040.5571999999997,24
6151,64501.2574,4297.977,3524.8062,56678.4742,3667.9001000000003,24
5073,64397.1041,3893.7146000000002,3123.1184,57380.2711,3626.7721999999994,24
5047,64261.1141,4618.4669,3120.3728,56522.2744,3741.4139000000005,24
5769,63929.5872,4680.8626,3253.8309,55994.8937,4392.8743,24
4759,63779.304,4204.4235,2624.6471,56950.2334,4753.7349,24
6166,63688.1275,8448.083,6126.1492,49113.895300000004,4720.656300000001,24
6059,63652.8646,4656.1569,3306.6767,55690.031,5876.637699999999,24
5964,63405.5252,4365.4322,3051.0434,55989.0496,3423.9865999999993,24
5368,63260.9026,4528.8588,2968.2752,55763.7686,3640.5134,24
5966,63180.9769,6837.8807,3766.0256,52577.0706,3534.2374,24
5670,62564.9617,4542.4855,3015.4955999999997,55006.9806,3422.1860999999994,24
6674,62400.1232,4209.1925,3706.4846,54484.4461,4977.286900000001,24
5257,62341.062,5136.3931,3839.4526,53365.2163,4598.5621,24
5559,62263.3651,5456.3162999999995,3383.736,53423.3128,3750.5551,24
4561,62247.4695,4418.0597,2932.0633,54897.3465,4924.977,24
4354,62081.0368,3533.4998,2350.4564,56197.0806,5013.3828,24
5760,61600.292499999996,4534.7257,3628.3807,53437.1861,3609.6173,24
4557,61444.9269,4715.4551,3733.7270000000003,52995.7448,4432.4242,24
6565,61401.8496,7612.7304,3644.3899,50144.7293,3799.2932,24
5143,61217.3854,5774.2878,3444.4031999999997,51998.6944,3795.8093,24
6457,61186.3673,4843.011,3235.5780999999997,53107.7782,4178.0971,24
4659,61145.3522,3960.9859,2477.1008,54707.2655,3854.3068,24
4156,60843.780699999996,3612.4078,2748.9369,54482.436,3665.8785,24
4861,60832.5607,4955.5833999999995,3988.3665,51888.6108,4338.0467,24
4860,60789.5858,5123.9127,2914.6698,52751.0033,3985.2524999999996,24
4454,60777.3253,3458.0238,2400.6713,54918.6302,5030.1583,24
6051,60749.367,4156.2335,3440.4833,53152.650200000004,4356.7149,24
5757,60522.0151,3605.3391,3068.4292,53848.2468,3696.0647,24
5252,60467.49,4571.9293,3341.0513,52554.5094,3310.9127,24
6175,60339.3725,3715.6139,2846.0317,53777.7269,3269.5627999999997,24
5861,60315.445,3659.2617,3376.6565,53279.5268,3699.9997,24
5761,59568.792,3847.5963,2963.337,52757.8587,3334.2014,24
6458,59224.8781,4761.8716,3168.7687,51294.2378,3761.9480999999996,24
4363,59120.0536,3809.5268,2778.516,52532.0108,3395.443,24
6772,59064.5696,3753.2218000000003,2578.1032,52733.2446,3469.8071000000004,24
5669,58937.1713,4397.3691,3140.8057,51398.9965,4979.7244,24
5653,58933.7066,3781.4354,3004.8208,52147.4504,4743.3644,24
5770,58789.3953,3919.1493,2651.2519,52218.9941,3510.6841,24
5753,58726.2919,4176.1563,3647.5909,50902.5447,3649.0829999999996,24
5754,58700.989199999996,4512.3667000000005,3920.3302,50268.2923,3296.2782,24
6174,58617.9285,4146.7407,3199.5337,51271.6541,3145.3787,24
6050,58558.5827,4344.5242,3453.9817,50760.0768,3513.3196,24
5953,58493.28,3754.1917,3331.1426,51407.945700000004,3563.4776,24
5269,58246.4576,2888.8179,2607.6803999999997,52749.9593,3623.1503000000002,24
5069,58208.091700000004,4166.3388,2936.0062,51105.7467,3338.3224000000005,24
4858,58046.8517,4468.4591,2906.2919,50672.1007,3746.4618,24
5348,57920.9722,5920.8059,3521.9648,48478.201499999996,3916.1782,24
5268,57734.917499999996,3310.5686,2904.7798,51519.5691,3222.2913000000003,24
4969,57680.5826,3414.9483999999998,2547.1218,51718.5124,3609.7935,24
4955,57637.9825,3346.4946,2694.7597,51596.7282,3362.7711000000004,24
4652,57616.5314,4046.5831,3079.4494999999997,50490.4988,3525.9824,24
4558,57588.5923,4377.0988,3027.2325,50184.261,3892.1158,24
5158,57357.7748,4196.8233,3061.5486,50099.4029,4794.4212,24
4155,57055.6048,3261.4497,2554.4251,51239.73,3591.4728999999998,24
5468,56611.4209,3801.4685,2705.888,50104.0644,2969.5603000000006,24
4461,56546.8817,3391.7577,2428.5911,50726.5329,4479.4722,24
5755,56506.0071,3714.535,3476.5143,49314.957800000004,3211.6513000000004,24
5969,56456.2902,4345.2843,3572.8544,48538.1515,3650.1784,24
5662,56389.6902,3313.9894,2399.6298,50676.071,3609.1568000000007,24
5963,56312.707500000004,3119.9514,2488.864,50703.8921,3059.8235999999997,24
5267,56174.2991,3269.4208,2964.6801,49940.1982,3112.8002,24
5249,56041.9326,4599.0422,3291.1942,48151.6962,3813.8628999999996,24
6657,55921.2465,3665.8502,3083.4637000000002,49171.9326,3167.2024,24
7163,55858.3015,4371.6156,3189.5965,48297.0894,3760.4263,24
5970,55803.0088,4383.2602,3205.8904,48213.8582,3086.6427000000003,24
4255,55718.0152,3210.0998,2448.2541,50059.6613,3539.5865,24
5869,55490.194599999995,3968.9685,2842.5175,48678.7086,3166.3775,24
5048,55443.4539,6608.0821,2926.3869,45908.9849,2909.5352,24
4760,55195.2935,3897.8009,2662.4091,48635.0835,3861.7101000000002,24
5359,54808.0356,3428.1571,2576.387,48803.491500000004,3336.0793,24
4647,54691.707800000004,3220.1805,2756.3041000000003,48715.2232,3197.3066,24
5156,54570.297699999996,3089.1674,2383.502,49097.6283,3436.4312999999997,24
4547,54462.3854,3518.8170999999998,2891.2854,48052.2829,3100.7462,24
5172,54230.8482,3380.0979,2575.3957,48275.3546,3287.0916,24
4660,54148.3111,3581.589,2491.6593,48075.0628,3473.9226,24
6172,54015.7083,3710.1407,2474.5873,47830.980299999996,3089.0942999999997,24
4364,53839.880300000004,2863.2059,3388.2237999999998,47588.450600000004,3548.4623,24
4954,53738.9152,3429.855,2773.3136,47535.7466,3180.8255,24
4254,53730.5125,3206.126,2318.448,48205.938500000004,3600.1367999999998,24
6070,53702.5374,4173.6014000000005,3154.5892,46374.3468,3134.0445,24
6977,53677.368700000006,3253.3303,2502.9493,47921.089100000005,3303.1682,24
5661,53586.7068,3879.2155000000002,2925.6971,46781.7942,2824.5478999999996,24
6559,53565.8757,5156.8777,3722.7761,44686.221900000004,3399.9361,24
4466,53545.9058,3058.96,2330.9375,48156.0083,2950.0431,24
4359,53521.5,3284.2262,2215.4121999999998,48021.861600000004,4621.3713,24
5251,53511.4539,4058.88,3165.8393,46286.734599999996,3393.9102000000003,24
5459,53421.1325,4434.5526,3081.6759,45904.904,3633.9651,24
5155,53218.239,4369.4689,3283.651,45565.119099999996,3040.6949,24
5974,53212.3301,3856.3362,2619.5604,46736.4335,3075.8987,24
3856,53083.0187,4833.6615,2536.9483,45712.4089,2723.3839,24
4967,52874.0542,3913.3085,3225.1934,45735.5523,3462.966,24
5270,52836.4037,2954.8026,2349.3882,47532.2129,3265.5044000000003,24
6368,52765.8921,5056.2635,3893.4081,43816.2205,2942.3513000000003,24
6168,52682.3252,4328.0086,2885.3799,45468.936700000006,2986.3491000000004,24
5952,52558.4331,3814.123,2774.1621,45970.148,3213.2257,24
6274,52444.9804,3801.0158,3069.8601,45574.1045,3029.3995,24
5372,52354.4795,4462.6247,4305.303,43586.5518,3279.3857,24
5870,52346.0809,3989.1742,2688.8759999999997,45668.030699999996,2880.3562,24
6352,52343.3706,3296.4222,2367.7076,46679.2408,3155.6446000000005,24
5668,52306.6999,3787.381,2741.5694,45777.7495,2988.6926999999996,24
4971,52241.7301,8492.8019,2329.3563,41419.5719,3685.9721000000004,24
3857,52147.9393,4486.0571,3303.4880000000003,44358.3942,2872.7327999999998,24
5865,52060.9309,4204.4744,3065.6447,44790.8118,2978.6352,24
6374,52002.8976,3555.0755,3195.3748,45252.4473,3016.6989999999996,24
6459,51916.2593,4537.5005,3190.8908,44187.868,2870.2706999999996,24
7077,51883.3029,3174.0075,2482.4036,46226.8918,3143.0231,24
4157,51807.7351,3385.6688,2466.8131,45955.2532,2848.476,24
3956,51734.3305,5393.8803,2540.1188,43800.331399999995,2710.0799,24
5862,51679.529299999995,3844.7641,5762.2424,42072.5228,3246.6023999999998,24
6075,51640.0147,3512.5245,2641.5206,45485.9696,2863.4399000000003,24
4953,51541.5566,3519.1831,3123.9501,44898.4234,3348.5618000000004,24
4460,51410.9568,3312.5552,2352.0021,45746.3995,4401.9844,24
5453,51391.0046,2519.7417,2002.8276,46868.4353,3839.8750999999997,24
6063,51354.2291,3098.4251,2277.5137,45978.2903,2710.7765000000004,24
4369,51246.5184,3443.8703,2495.214,45307.4341,3083.9410000000003,24
5853,51190.9369,3601.1358,3520.0386999999996,44069.7624,2898.1187,24
5254,51141.2699,3594.4969,2706.0103,44840.7627,2749.4498,24
5062,51097.562,5249.5372,3501.1811,42346.8437,3768.3033,24
5170,51051.3829,3178.6050999999998,2374.9326,45497.845199999996,2737.1217,24
6370,51016.5314,4118.0597,3751.0288,43147.4429,4424.764,24
6158,50792.4864,3949.0233,3272.7473999999997,43570.7157,3256.6092999999996,24
5362,50771.0272,2937.9779,1997.1216,45835.9277,4117.1080999999995,24
6373,50699.1475,3229.1122,2641.146,44828.8893,2960.2162000000003,24
5168,50679.2446,3551.212,2898.2718,44229.760800000004,2824.7202,24
6149,50648.4192,3439.5018,3042.6181,44166.2993,2868.8702,24
3757,50584.0973,3515.3154,2523.0691,44545.7128,2768.2323,24
5149,50510.6307,3871.5808,2850.5472,43788.5027,3196.0032999999994,24
6757,50506.932,3458.2711,2937.1317,44111.5292,2792.2735000000002,24
5560,50343.5169,4260.2462000000005,3180.5379,42902.7328,3263.2781,24
6273,50267.3007,3173.0043,2524.4494,44569.847,2876.9385,24
5462,50100.0573,2885.6254,2009.6981,45204.7338,3693.2306999999996,24
4549,50025.538,3672.8755,2859.2798,43493.3827,2660.8934,24
5070,50019.878899999996,3237.9029,2329.4719,44452.5041,2555.1830999999997,24
4658,49979.1426,4053.4858,2560.0372,43365.6196,3210.0447999999997,24
5460,49850.9572,4326.0751,2593.2527,42931.6294,3377.1073000000006,24
6762,49836.0144,3311.5244,2976.6945,43547.7955,3122.3008999999997,24
4560,49770.5228,3508.3439,2315.9715,43946.2074,3302.0565,24
5660,49749.5308,4282.5958,3636.7934999999998,41830.1415,3022.0717,24
5562,49709.6824,3386.1522999999997,2247.6769,44075.8532,3339.6547000000005,24
4546,49419.4262,3386.5194,2608.2023,43424.7045,2649.7891,24
5058,49297.6331,3674.3886,2847.6795,42775.565,3428.1560999999997,24
6671,49288.3887,3447.0202,2659.0044,43182.3641,2567.2808,24
5154,49204.5435,3732.5625,2735.3414000000002,42736.6396,2927.7057999999997,24
4849,49197.755,3900.0221,3003.5634,42294.1695,2784.2928,24
4949,49099.7385,4401.1585000000005,2983.6515,41714.9285,2796.0804,24
5960,49058.1597,3331.093,2649.4992,43077.5675,3052.3999000000003,24
4962,49051.257,3364.1259,2845.5086,42841.6225,3632.0491999999995,24
6672,48744.6342,3196.9456,2317.681,43230.0076,2760.0896000000002,24
5570,48674.3159,4605.6047,2888.2422,41180.469,2537.8275000000003,24
5569,48582.029500000004,4532.3732,3266.1755,40783.4808,3805.6499,24
5752,48507.5939,2889.5996,2410.2217,43207.772600000004,2957.7185999999992,24
6251,48453.7171,3188.8412,2391.7656,42873.1103,2693.3982,24
5951,48441.9349,3200.4294999999997,2533.8908,42707.6146,2921.3401999999996,24
5973,47999.853,3996.1483,2581.1136,41422.5911,2731.9194,24
6658,47927.453199999996,5071.4387,3993.713,38862.3015,3069.8725999999997,24
6675,47853.659,3662.7452,3071.6815,41119.2323,3904.0468,24
5169,47849.3386,2923.9712,2273.468,42651.8994,2543.5809,24
4357,47787.019700000004,3335.7312,2426.8364,42024.4521,2544.71,24
5146,47745.3707,2996.9625,2848.5171,41899.8911,2850.3773000000006,24
4367,47735.132900000004,4495.6713,3978.9505,39260.5111,3781.0415000000003,24
4752,47727.317,3947.1939,2603.0933999999997,41177.0297,3105.7539000000006,24
6170,47722.191,3745.9076999999997,3119.9023,40856.381,2634.6348,24
4168,47655.5901,2854.1036,2330.2132,42471.2733,3132.6133,24
4451,47548.7711,4510.1393,2790.6702,40247.9616,7718.6668,24
5260,47533.402500000004,4210.6344,2432.2422,40890.5259,3853.2289,24
4657,47530.2189,4165.9011,2807.1772,40557.1406,3626.6706999999997,24
5449,47519.3215,4801.3116,2604.7921,40113.2178,3141.6830999999997,24
4650,47515.4147,3597.2851,2956.4831,40961.6465,2550.1124,24
4068,47506.2102,2885.4072,2349.9687,42270.8343,3175.2070000000003,24
4750,47496.4435,3949.4301,2864.4535,40682.5599,2664.8139,24
4662,47363.3473,3712.5635,3525.1831,40125.6007,2813.4571,24
5756,47263.896400000005,2638.9266000000002,2444.2364000000002,42180.733400000005,3015.7644000000005,24
6369,47248.6642,4212.9185,3576.1083,39459.6374,2567.973,24
6574,47240.1921,3158.3037,2830.5467,41251.3417,3363.3972,24
4973,47218.2364,2821.9179,2329.1055,42067.213,2723.1983999999998,24
4651,47165.8942,3056.9096,2597.9687,41511.0159,2526.1330000000003,24
4545,47060.6476,3345.2479,3315.6674000000003,40399.732299999996,3089.3813999999998,24
5975,46957.786,3021.4906,2134.0377,41802.2577,2693.6799,24
4446,46907.1465,3215.0081,2421.1691,41270.9693,2556.9946000000004,24
6270,46869.026,4351.5232,3667.3447,38850.1581,3299.6498,24
5360,46804.6832,3105.0378,1718.4682,41981.1772,3495.1588,24
5152,46645.4396,3825.217,2535.7896,40284.433,2889.681,24
5972,46644.1157,3783.2531,2441.0804,40419.7822,2751.6374,24
5342,46481.963,1869.2060999999999,3820.0543,40792.7026,2833.3878,24
5247,46448.6325,3228.3967,2724.9033,40495.3325,2693.8678000000004,24
6252,46404.3234,3527.5777,2840.9736,40035.7721,2775.0085,24
5450,46397.7492,3586.1756,2679.1115,40132.4621,2940.2641,24
4358,46392.4425,3062.5238,2018.2532999999999,41311.6654,3196.7601,24
4365,46221.6808,3471.9946,4030.6153,38719.0709,2620.3486000000003,24
4069,46144.378300000004,2927.9793,2457.9224,40758.4766,3010.1626,24
6471,46122.3744,3942.0715999999998,3712.6213000000002,38467.6815,2617.8802,24
6148,46075.0862,3019.9102,2865.1396,40190.0364,2657.1602,24
6359,46029.0336,3331.4120000000003,2491.4422,40206.1794,2759.0962,24
6176,45986.8107,2877.7766,2277.8069,40831.2272,2460.2709,24
9368,45983.8445,4561.3394,3686.4269,37736.0782,3151.0852999999997,24
4751,45906.342300000004,3062.6131,2476.5079,40367.221300000005,2465.2329,24
5768,45705.6915,2928.2182000000003,2057.2925999999998,40720.1807,2646.4347000000002,24
5063,45531.3263,3720.2663000000002,2759.9013999999997,39051.1586,3296.6563,24
4952,45484.0142,3241.9112,2740.7445,39501.3585,3117.5129999999995,24
6167,45476.1077,4328.3723,3000.1839,38147.5515,2355.5009,24
5762,45398.827,2679.9854,2001.4259,40717.4157,2770.8003,24
3756,45358.614199999996,3187.2381,2388.3519,39783.0242,2516.7320999999997,24
4269,45310.1056,3163.5622000000003,2257.7265,39888.8169,2792.2682,24
3957,45137.4418,3360.6653,2494.6776,39282.0989,2433.1644,24
5654,45088.6374,3422.8191,2222.111,39443.7073,3215.0271999999995,24
6173,45003.9386,3331.04,2517.9462,39154.9524,2380.2183999999997,24
5452,44945.7774,2389.6737000000003,1910.3603,40645.7434,2853.8997,24
6360,44864.2791,3645.7218,2658.2833,38560.274,2502.8658000000005,24
5442,44862.101,3902.0950000000003,3750.2058,37209.8002,2998.0024000000003,24
5558,44831.0596,2666.0686,1907.5195999999999,40257.4714,2801.6194000000005,24
6665,44813.5117,3594.5735,2742.2874,38476.6508,2859.0886,24
5646,44773.768599999996,3814.7675,2548.5053000000003,38410.4958,2866.8438000000006,24
6267,44772.334,5271.9982,3942.6295,35557.7063,2776.2839999999997,24
4169,44673.2402,2864.1042,2274.5182,39534.6178,2999.8223999999996,24
5561,44645.5611,3225.0843,2642.3826,38778.0942,2725.7295,24
6375,44626.978,2836.9642,2692.954,39097.0598,2560.7918999999997,24
4562,44625.1306,3613.1898,2365.1195000000002,38646.821299999996,3847.0702,24
6659,44604.1982,4008.7839,3806.1978,36789.2165,2682.0829999999996,24
4859,44551.3022,3472.182,2249.0428,38830.0774,2414.8618,24
6758,44513.3673,4390.8034,3446.2184,36676.3455,2426.7219999999998,24
6057,44478.755600000004,2360.6407,2327.0931,39791.0218,3208.6062999999995,24
4851,44321.1163,3264.6,2279.1697,38777.3466,2262.9371,24
4469,44284.0975,2567.1864,1979.7558000000001,39737.1553,2341.9487,24
4154,44258.5219,2334.3144,1937.7677,39986.4398,2611.6208,24
5656,43973.2096,2552.454,1867.4246,39553.331,2571.2698,24
5655,43961.8526,3312.9697,2100.8276,38548.0553,2919.0647,24
5271,43939.3909,3074.5528,2217.5619,38647.2762,2372.4287,24
6266,43888.169499999996,5840.7544,4690.519200000001,33356.8959,2809.885,24
4850,43877.4147,3724.2691,2622.1575000000003,37530.9881,2425.2403000000004,24
5071,43824.2087,3188.748,2383.8562,38251.6045,2507.2332,24
5171,43718.0714,3148.1382000000003,2315.4906,38254.4426,2337.0041,24
4649,43655.2558,3520.7556,2613.8594,37520.6408,2521.1484,24
6445,43628.5616,2915.9542,2794.1027,37918.5047,3026.4288,24
6771,43596.1363,2958.6468999999997,2527.5265,38109.9629,2305.0383,24
8762,43368.0166,2732.656,1994.954,38640.4066,2437.4885999999997,24
4444,43303.8846,3233.9998,3180.6814,36889.2034,3402.1881,24
6248,43301.1058,2769.9208,2707.0149,37824.1701,2565.0038,24
7076,43300.5282,2812.8363999999997,2437.5002,38050.1916,2401.4232999999995,24
4468,43209.5868,2797.4395,2580.7964,37831.3509,2892.15,24
4450,43153.8862,3036.1856,1945.7833,38171.9173,4492.7509,24
4349,43037.1019,3008.5688,2218.3242999999998,37810.2088,2668.3442,24
5246,43015.6561,2531.6169,2185.5292,38298.51,2445.4997,24
4661,43001.828,3297.3959,2091.7289,37612.703199999996,2385.9774,24
5150,42995.0697,2823.5668,2451.1841,37720.3188,2746.9448,24
4940,42795.6699,2834.5638,2329.8986,37631.2075,2390.418,24
4447,42775.1404,3124.483,2266.5497,37384.1077,2352.1213,24
5053,42736.7284,3213.9527,2571.9928,36950.7829,2801.4575,24
6053,42708.6033,2736.6629000000003,2285.079,37686.8614,2537.8898000000004,24
5157,42708.0375,2646.2558,1958.766,38103.015699999996,2617.7691999999997,24
3962,42670.6082,2739.2488,2136.2246999999998,37795.1347,2597.7779,24
6249,42476.3371,3214.5086,3356.3988,35905.4297,2478.812,24
5557,42428.2766,2524.4334,1706.2569,38197.5863,2953.2522000000004,24
5370,42354.4859,3337.7561,2139.5894,36877.1404,2316.4452,24
6662,42331.994099999996,3043.1151,2598.0421,36690.8369,2547.8635999999997,24
5046,42297.4256,2921.236,2686.4768,36689.7128,2523.6112,24
4368,42260.3773,2872.0471,2526.9554,36861.3748,2945.2926,24
4852,42235.7411,3189.9175999999998,2479.6015,36566.222,2759.095,24
6150,42215.3066,2843.5344,2340.5781,37031.1941,2554.1808,24
5245,42200.0494,2966.9773999999998,2186.0492,37047.0228,2392.7214,24
4747,42177.3243,2750.3468,2110.9974,37315.9801,2272.2266,24
6461,42109.7047,2766.2461,2472.7491,36870.7095,2620.317,24
4926,42100.8551,2503.2893,2152.4892,37445.0766,2502.5453,24
6056,41978.9312,2376.497,2290.1366,37312.297600000005,3231.7316,24
6351,41924.7032,2792.1174,2202.2143,36930.3715,2276.4831000000004,24
4566,41826.0153,2272.489,1727.9238,37825.6025,3346.9008,24
5962,41818.4729,2570.9788,2327.5939,36919.9002,2335.8097,24
5363,41773.0852,2280.8564,1625.362,37866.8668,3617.6338,24
5971,41713.3162,2419.4629,1710.0422,37583.8111,2616.2064,24
3955,41701.4847,3869.7405,2062.0813,35769.6629,2114.9118,24
5244,41666.0887,4086.7143,2734.3935,34844.9809,2292.3531000000003,24
4268,41569.2117,3113.5051,2670.7262,35784.9804,2393.1549,24
5272,41543.9028,2659.6073,2065.6830999999997,36818.6124,2539.4314999999997,24
6364,41496.8211,2764.9198,2239.0384,36492.8629,2907.3522,24
4445,41366.1736,2815.6148,2693.1469,35857.4119,2691.4399000000003,24
6673,41361.5015,2828.4611,2485.9266,36047.1138,3314.8722,24
4470,41309.0842,2978.0870999999997,2349.6669,35981.3302,2351.9266000000002,24
6446,41223.7611,3292.7342,3437.3832,34493.6437,2382.5045,24
8371,41208.3712,2849.4128,2584.9351,35774.0233,2450.6583,24
5273,41156.1537,3284.0791,2905.7246,34966.35,2561.4079,24
5652,41150.335699999996,2589.6028,2193.209,36367.5239,2192.4658,24
5040,41047.8488,2870.5956,2385.1359,35792.1173,2252.4265,24
4464,40790.4894,3538.6111,3420.4648,33831.4135,2826.3075,24
4826,40754.5142,2427.0121,2164.6367,36162.8654,2430.8193,24
8271,40690.2621,2805.2533,2544.873,35340.135800000004,2413.6302,24
5544,40493.0223,3738.8990999999996,2788.7707,33965.3525,2489.2142,24
4570,40400.816,2529.3807,2464.1851,35407.2502,3337.4596,24
6978,40345.947,2432.0858,1923.0059,35990.8553,2356.2176,24
4463,40311.089,2993.5964,2075.0179,35242.4747,2699.7396999999996,24
7078,40299.5162,2411.8152,1914.146,35973.555,2352.7257,24
5657,40223.8418,2368.0036,1695.0237,36160.8145,2629.0752,24
6052,40197.5923,2889.4863,2468.3,34839.806000000004,2496.8111000000004,24
6547,40166.2874,3238.1199,3409.1588,33519.0087,2375.1279,24
5647,39979.7434,2873.675,2036.3844,35069.684,2392.9869,24
4749,39867.3902,3342.5832,2407.5244,34117.2826,2207.204,24
6250,39833.1167,2942.9335,2517.8073,34372.3759,2229.4812,24
8675,39815.2566,3295.9655,2657.3339,33861.9572,2276.0308,24
6159,39787.8916,3214.2880999999998,2634.7556999999997,33938.847799999996,2025.2732999999998,24
5055,39646.377,3283.3516,2104.4721,34258.5533,2281.3817,24
6872,39611.1971,2917.7315,1933.3385,34760.1271,2618.6999,24
6976,39533.351,2515.4113,2220.372,34797.5677,2377.9067999999997,24
6049,39516.4958,2572.95,2090.704,34852.8418,2375.7171000000003,24
4748,39399.7705,2319.805,2084.3425,34995.623,2600.8232000000003,24
4070,39360.5449,2814.2372,2455.4327,34090.875,2216.9012000000002,24
4370,39172.4882,2448.2249,1846.4374,34877.8259,2160.0741,24
6564,39166.5914,7098.2887,2410.8763,29657.4264,2129.2016000000003,24
5350,39163.1135,3452.1865000000003,2794.3576000000003,32916.5694,2557.7713,24
5950,39112.679000000004,2999.3922,2177.9030000000002,33935.3838,2103.7114,24
6171,39016.8184,2885.2833,2079.8905,34051.6446,2216.749,24
5145,38994.3212,3461.3372,2517.6143,33015.3697,2154.306,24
6871,38959.0372,2872.1615,2537.8503,33549.0254,2053.6555,24
6271,38950.9749,4016.4797000000003,3380.2039,31554.2913,2397.0114,24
5771,38862.9353,3024.9464,1719.1124,34118.8765,2400.2138999999997,24
6469,38847.9671,3541.8485,3236.0821,32070.036500000002,2295.0932000000003,24
5369,38835.0007,3018.2731,2095.7442,33720.9834,2190.2356999999997,24
6451,38833.5135,2717.7491,2256.3855,33859.378899999996,2481.8700000000003,24
4544,38786.2763,2864.2277,2729.3867999999998,33192.6618,2601.9728999999998,24
4848,38768.1175,2976.1104,2163.2162,33628.7909,2293.5287,24
5173,38760.432,3290.0105,2893.8149,32576.6066,2245.2053,24
3858,38742.1706,3749.9213,2948.8239,32043.4254,2149.7762000000002,24
5049,38722.9781,3451.9161,2101.0828,33169.9792,2247.2708,24
4941,38683.0593,2624.5476,2109.11,33949.4017,2088.6267000000003,24
5871,38610.3914,2931.4863,1701.0846999999999,33977.8204,2404.1468999999997,24
6071,38480.8575,2303.988,1756.0517,34420.8178,2363.025,24
8370,38468.602699999996,2602.6403,2350.5906,33515.3718,2258.2753,24
6546,38376.7264,2906.4093,3092.7351,32377.582000000002,2832.2767000000003,24
5451,38373.8314,2637.5032,2455.6473,33280.6809,4103.2312,24
5644,38265.0316,4119.3446,2925.4653,31220.221700000002,2270.0295,24
4552,38259.3268,3222.9337,2610.2099,32426.1832,2570.5948,24
7064,38237.2956,2482.8614,1729.0201,34025.4141,2282.9601,24
4379,38209.2974,6521.1201,2822.0731,28866.104199999998,7395.5054,24
4927,38193.3557,2329.2023,2083.8935,33780.2599,2289.2457999999997,24
4943,38178.9125,2661.5306,2650.879,32866.5029,2409.3266000000003,24
6858,38162.0824,2504.6281,2343.8078,33313.6465,2278.4363000000003,24
4160,38157.8129,2070.6348,1570.7399,34516.4382,2261.2138,24
8272,38068.4656,2713.8134,2427.1799,32927.4723,2236.4170999999997,24
5056,38048.246100000004,3488.613,1590.31,32969.3231,2096.5531,24
4449,38023.7908,2884.58,1934.1606,33205.0502,2667.2241999999997,24
5852,37960.5256,3085.5886,2512.5896,32362.3474,2210.8754,24
5546,37925.6657,2811.7339,2345.3167,32768.6151,2209.0011,24
6561,37782.6,2608.9399,2315.7201,32857.94,2341.4148999999998,24
5352,37744.4052,3066.4421,1830.3878,32847.575300000004,2124.5776,24
6857,37735.4543,2795.4732,2621.6559,32318.3252,2170.1050999999998,24
6873,37698.1945,2784.7223,1949.2005000000001,32964.2717,2668.6591,24
8472,37607.8001,3282.16,2965.1723,31360.4678,2174.0398,24
5250,37566.8186,2832.8005,2495.4577,32238.5604,2487.4148999999998,24
9268,37513.921500000004,3384.8018,2746.796,31382.3237,2327.0214,24
6447,37331.1274,2615.224,2553.2013,32162.702100000002,1997.471,24
5547,37270.3086,2940.1676,2061.5901,32268.5509,2233.9383,24
8862,37163.545,2276.2381,1564.1384,33323.1685,2202.6766,24
5351,37144.9771,2567.6569,2060.3866,32516.9336,2054.2336999999998,24
4266,37120.3324,3080.7967,3753.4759999999997,30286.059699999998,2039.0407,24
4846,37094.3552,2525.0441,1941.8784,32627.432699999998,2017.2773,24
4264,37078.4008,2097.8088,2767.3127,32213.279300000002,2401.4498000000003,24
5344,37019.5861,2808.8007,2290.9395,31919.8459,2241.1342,24
4862,37007.7404,3309.0125000000003,3215.02,30483.7079,2548.7479000000003,24
6756,36953.5217,2801.1963,2467.1206,31685.2048,2075.0775,24
5052,36939.0119,2454.9542,1718.6978,32765.3599,2717.2212,24
6647,36926.720499999996,2905.2174999999997,2732.8965,31288.6065,2140.7684,24
4569,36874.7823,2650.9453,2521.0834,31702.7536,2049.6512000000002,24
5671,36857.2483,2616.9307,1754.7984999999999,32485.519099999998,1982.6428999999998,24
6452,36856.151,2634.1526,1986.6428,32235.3556,2026.1812,24
5555,36829.0073,2658.5796,1765.0765,32405.3512,2306.2028,24
8874,36828.1265,3230.6293,2623.2584,30974.2388,2128.4075,24
5039,36745.871,2766.1904,2328.1418,31651.5388,2152.1585999999998,24
8471,36734.623,2547.0872,2266.022,31921.5138,2107.0726,24
5371,36725.5016,3064.5866,2062.3607,31598.5543,2539.2518,24
5469,36697.3513,3505.2719,2331.5165,30860.5629,2009.1457,24
6759,36674.356,2992.3749000000003,3177.248,30504.7331,2868.8460000000005,24
5876,36653.1129,2472.2591,1753.5620000000001,32427.2918,2114.1440000000002,24
7056,36652.0841,3704.8761,3596.4464,29350.761599999998,2263.8714999999997,24
4161,36629.5264,2138.2185,1477.9389,33013.369,2236.8733,24
5144,36603.0755,3725.8395,2431.9844000000003,30445.2516,2034.9000999999998,24
8572,36475.4887,3362.696,3043.6827,30069.11,2160.4773,24
4847,36458.6209,2781.9368,1879.1691,31797.515,2309.4164,24
5356,36445.6273,2309.2837,1648.6687,32487.6749,2927.9017999999996,24
7059,36433.354699999996,3053.9661,3213.1768,30166.2118,2074.1026,24
5241,36431.2606,1802.4903,2065.2443,32563.525999999998,2078.5485,24
6568,36353.8693,2862.4882000000002,2109.5984,31381.7827,2392.7968,24
6055,36333.4561,2314.8681,2083.6599,31934.9281,2332.4588,24
5243,36325.8826,4442.7817,3194.7128,28688.3881,2397.8252,24
6350,36321.0669,2820.9629,2684.2251,30815.8789,2226.1443,24
8775,36317.7276,3069.9371,2485.8056,30761.9849,2114.3477999999996,24
6958,36316.4495,2838.7408,2721.193,30756.5157,2091.0594,24
6468,36309.6674,3496.9285,2850.4686,29962.2703,2174.3645,24
7176,36303.1834,2492.1684,2170.42,31640.594999999998,2045.4203999999997,24
4550,36251.8867,2079.766,1645.2964,32526.8243,2334.0281,24
7066,36214.1783,1789.8555,1647.7117,32776.6111,2355.0425,24
5064,36182.9355,2328.8303,1487.4154,32366.6898,1981.696,24
6773,36168.9558,2518.9528999999998,2167.7894,31482.2135,3262.9428000000003,24
5643,36167.7525,4021.3114,2792.9857,29353.4554,2202.5489,24
8774,36050.9246,3138.9969,2542.7258,30369.2019,2096.698,24
4350,36012.2697,2861.1254,1924.9895000000001,31226.1548,2727.375,24
7177,35999.0234,2330.9972,2003.1236,31664.9026,1983.7214,24
4072,35961.9871,2338.0102,2023.255,31600.7219,2025.3557999999998,24
5027,35898.2715,2214.2690000000002,1949.2736,31734.728900000002,2100.9104,24
4480,35887.6087,5862.6754,2574.8824,27450.050900000002,7638.338400000001,24
4071,35854.7875,2310.7252,1910.2101,31633.8522,1860.8270000000002,24
5976,35797.2195,2575.3574,1870.1503,31351.7118,2067.8626,24
6474,35668.5674,2487.7325,2283.9503999999997,30896.8845,2389.3322999999996,24
6763,35569.6953,3447.346,2442.8091,29679.5402,2138.5282,24
7271,35512.784,2273.0561,1988.2827,31251.4452,2217.7979,24
5341,35494.472,1442.326,2223.3605000000002,31828.7855,1909.2716,24
3855,35480.4768,3180.1979,1837.9448,30462.3341,1836.5598000000002,24
4467,35453.5823,2650.66,2091.8647,30711.0576,2318.849,24
4057,35443.5873,2698.0462,2084.0213,30661.519800000002,1969.4825999999998,24
6152,35380.5551,2990.5559,2632.4696,29757.529599999998,1847.5673000000002,24
6275,35347.977999999996,2035.7758999999999,1773.2048,31538.9973,2074.3096,24
6664,35345.9113,2649.8486,1743.0178,30953.0449,2090.127,24
3963,35315.9796,2256.0728,1781.1737,31278.7331,2085.7852,24
5345,35273.3077,2127.0226,1725.3812,31420.903899999998,2048.0737,24
6470,35261.0513,3452.5029,3008.1997,28800.3487,2071.2652,24
5457,35244.2692,2112.0524,1655.2973,31476.9195,2752.2986,24
6258,35189.797399999996,2287.8334,1690.9709,31210.9931,1949.7329,24
5556,35135.1714,2151.3492,1552.1222,31431.7,2134.0890999999997,24
8372,34989.4491,2719.3449,2357.45,29912.6542,2001.3218,24
5571,34984.1689,3106.0402,1939.4717999999998,29938.6569,2509.6321,24
5041,34949.9568,2613.7389,2117.6134,30218.6045,1962.2706000000003,24
4874,34911.2211,4807.1869,3170.6324,26933.4018,3622.4872,24
5745,34855.2623,3414.604,2515.0056,28925.6527,1952.6983000000002,24
3970,34853.5585,2632.1256000000003,2378.4574000000002,29842.9755,1940.2592,24
7058,34834.1555,2876.0742,2914.1472,29043.9341,2008.5355,24
4267,34804.9389,3470.509,4127.267,27207.1629,1849.8312999999998,24
6852,34784.4884,2961.8153,2397.8932,29424.7799,2124.9559,24
4442,34754.2597,2650.3828,2169.75,29934.1269,2198.8214999999996,24
6853,34733.8545,3274.8878,2913.1327,28545.834,2382.6443,24
6448,34598.294200000004,2165.785,1974.1194,30458.3898,1832.143,24
6272,34579.9487,3313.7014999999997,2448.8991,28817.3481,2108.1666,24
4351,34530.713,3201.7078,2070.3837,29258.6215,4097.1579,24
6956,34479.5655,3028.3622,2546.8997,28904.3036,1877.4784000000002,24
6646,34443.559,2312.0199,2354.1176,29777.4215,3154.0762,24
5744,34277.8158,3432.1369,2694.4187,28151.2602,1958.4327,24
6076,34272.0195,2643.5254999999997,1993.5063,29634.987699999998,2133.0305,24
3758,34195.895,2768.6798,2182.605,29244.6102,1910.8021999999999,24
5554,34161.4743,2503.0547,1691.2889,29967.1307,2115.998,24
4746,34155.19,2389.8989,1788.0494,29977.2417,1944.3905,24
6347,34112.2329,2276.1983,2132.3572,29703.6774,2062.8258,24
3869,34108.8074,2393.5899,2329.2189,29385.9986,1850.1257,24
6259,34050.1091,2640.4863,2170.5983,29239.0245,2022.8141,24
8575,34034.9184,3331.1928,2792.9734,27910.752200000003,2217.0235000000002,24
6753,34020.0956,3846.3349,3715.0908,26458.6699,2044.2075,24
3954,34006.2429,1815.2536,1390.2956000000001,30800.6937,1876.2981,24
6346,34005.0016,2284.6752,2149.3269,29570.9995,2122.1411,24
4970,33979.8338,2592.6395,1627.4268,29759.7675,1861.0617000000002,24
4964,33978.7569,1837.7218,1963.9362,30177.0989,2636.2356000000004,24
4265,33978.0305,2105.9953,3201.2975,28670.737699999998,2194.3517,24
7166,33950.6837,1593.8845999999999,1498.3914,30858.4077,2209.3783000000003,24
7264,33909.580200000004,2863.145,2554.1927,28492.2425,2321.9292,24
7165,33859.776,2118.5407,1917.4274,29823.8079,2040.0797,24
5445,33830.6613,2353.648,2052.4353,29424.578,2094.9366,24
4551,33823.6785,2124.9985,1619.0677,30079.6123,2040.2103,24
7372,33705.6585,1894.6498,1903.8566,29907.1521,1959.7648,24
6972,33654.9231,2638.7446,1880.934,29135.2445,2025.2759,24
6761,33628.0146,2411.6233,2083.3601,29133.031199999998,2267.6791,24
6246,33624.6677,2219.9051,2092.7004,29312.0622,2092.8292,24
6569,33609.5514,3311.6914,2745.9436,27551.9164,2042.5589,24
5347,33578.0081,2187.2941,1701.1918,29689.5222,2148.2839999999997,24
6656,33572.5136,2506.8653,2124.1167,28941.531600000002,1876.2393,24
6874,33495.1695,2365.4343,2013.242,29116.4932,2429.0403,24
4158,33491.4226,2369.2343,1854.8464999999999,29267.3418,1734.6221,24
6054,33488.5167,2288.7521,2064.961,29134.8036,2729.2888,24
6456,33384.4688,3565.4719,1995.5072,27823.4897,2080.7291,24
4056,33337.8877,2420.0777,1909.7004,29008.1096,1880.1511,24
4344,33205.8658,1858.7897,1610.3517,29736.7244,3315.0031000000004,24
3971,33183.6892,2490.7961999999998,1985.9345,28706.9585,1778.1047999999998,24
4058,33117.5932,2499.1707,1982.0609,28636.3616,1852.5682000000002,24
6156,33094.780099999996,1985.6149,1843.3279,29265.8373,2123.4053999999996,24
3958,33052.409700000004,2836.1431,2194.6952,28021.5714,2144.6110000000003,24
9369,33050.8039,3324.1121,2685.2729,27041.4189,1994.9726,24
4258,33013.77,2377.2611,1782.8981,28853.6108,1925.5989,24
4353,32982.7718,2503.9365,1783.8044,28695.0309,2279.8686,24
6566,32979.3194,3181.4154,2478.7939,27319.110099999998,2118.008,24
6764,32904.2565,2675.0063999999998,1748.6543,28480.5958,1794.6553,24
5354,32901.8767,2782.0766,1893.7557,28226.0444,1894.8520000000003,24
6247,32852.1918,2087.3712,1969.7051999999999,28795.1154,1958.4885,24
4261,32852.0007,1939.2982,1412.6203,29500.0822,2227.6824,24
5751,32813.4329,2417.4639,1663.6442,28732.3248,1808.0504,24
6774,32812.848,2795.5393,2272.5083,27744.8004,2442.0995999999996,24
6348,32811.079,1900.5143,1961.4655,28949.0992,2079.8673,24
5343,32805.0912,2014.7172,3046.027,27744.347,1891.1942,24
5353,32694.2961,3395.4853,1613.2021,27685.6087,1885.3824,24
6571,32681.6976,3318.097,2833.9183000000003,26529.6823,1915.3177,24
8662,32677.4706,2104.9851,1901.8844,28670.6011,2006.6773,24
3959,32660.3038,2420.4187,1902.3114,28337.5737,1899.8355000000004,24
4055,32632.5131,2025.9677,1488.8872000000001,29117.658199999998,1821.6482,24
6570,32585.721700000002,3336.376,2824.7736,26424.5721,1953.0486,24
7063,32566.78,2486.6153999999997,1647.7549,28432.4097,1801.9226,24
6663,32533.5173,2830.0848,1893.9392,27809.4933,1801.5109000000002,24
5253,32524.324200000003,3053.931,2205.4475,27264.9457,1909.9254,24
5153,32502.5649,3346.4062,2105.1945,27050.9642,1778.6703,24
3658,32469.3932,2073.2131,1544.9394,28851.240700000002,1914.0954000000002,24
5851,32452.8694,2513.344,1682.5491,28256.9763,2158.6702,24
6353,32304.4822,2501.2702,1803.2418,27999.9702,1894.1090000000002,24
6245,32301.8253,1913.9969,1867.2811000000002,28520.547300000002,2771.4402000000005,24
6856,32264.6475,2515.8427,2308.5362,27440.2686,1909.3488000000002,24
4260,32241.6632,1810.6572,1347.8898000000002,29083.1162,2131.0992,24
4963,32225.9042,2679.3985000000002,1957.6492,27588.8565,2371.7947999999997,24
9367,32203.2771,2487.5972,1983.2694,27732.410499999998,1946.1178,24
4942,32158.4623,2519.1943,2222.7152,27416.5528,1897.5827000000002,24
5444,32111.5966,2442.2751,2051.2141,27618.1074,1818.7266,24
4991,32093.0058,5233.5494,3137.3971,23722.0593,2763.8412,24
8676,32068.6065,2364.0335,1796.2204,27908.352600000002,2223.9320000000002,24
3862,31990.3009,1986.5808,1654.8536000000001,28348.8665,1989.8575,24
4443,31962.8591,2993.3821,2301.5474,26667.9296,1817.218,24
6473,31903.2305,2223.431,1993.7328,27686.0667,2583.1240000000003,24
8576,31902.460900000002,2381.6726,1812.6549,27708.133400000002,2206.6138,24
5067,31868.949,2742.6966,2420.4106,26705.841800000002,2031.5575999999999,24
8573,31865.9805,3074.0472,2689.2311,26102.7022,1902.1785,24
5057,31859.3242,2452.1392,1930.7356,27476.449399999998,2253.6964,24
5346,31859.1352,1977.7647,1631.8046,28249.5659,1905.4751999999999,24
4060,31855.8597,1828.5087,1533.8463,28493.504699999998,1824.0328,24
7157,31850.2737,1713.0738000000001,1405.5502999999999,28731.6496,1948.6424000000002,24
5357,31811.2592,1774.4677,1080.7713,28956.0202,3221.827,24
7869,31803.831199999997,1682.2642,1085.7798,29035.7872,4035.0539,24
7255,31765.410099999997,2882.8653,2397.1758,26485.369,2128.4013999999997,24
8473,31762.4539,3341.4242,2608.6808,25812.3489,1904.1594,24
5666,31736.597,2931.377,2517.2562,26287.9638,2224.2939,24
4670,31670.1912,2313.5153,2832.5331,26524.1428,2587.0739000000003,24
4062,31663.9252,2161.2288,1640.6777,27862.0187,1728.9918000000002,24
6472,31652.2826,3358.8462,3381.1229,24912.3135,2018.4418,24
4263,31650.7581,2421.269,1823.4698,27406.0193,1952.3079000000002,24
3558,31615.6481,2623.967,1896.6365,27095.0446,1844.7850999999998,24
3656,31570.5196,2323.0687,1791.8896,27455.5613,1827.6612,24
6959,31569.905,2463.7694,2546.9922,26559.1434,1836.8217,24
6573,31523.2284,2249.2088,2025.5268,27248.4928,2466.2778,24
4352,31484.6358,2549.5452,1745.2005,27189.8901,2686.258,24
5142,31483.8374,2468.2873,2073.7146000000002,26941.8355,1794.5312000000001,24
7263,31475.6374,2658.7928,2306.1021,26510.7425,2164.6461,24
6667,31461.2962,2457.7237,1815.1557,27188.4168,2049.1991000000003,24
5054,31442.817900000002,2445.2129,2264.4732,26733.1318,1960.1214,24
6971,31424.4169,2143.6879,1835.1692,27445.5598,1905.4695000000002,24
4950,31409.1037,2397.1026,1701.4075,27310.5936,1699.3348999999998,24
7060,31389.5904,2474.1762,2218.0239,26697.3903,1763.2436,24
5441,31315.949,2532.062,2637.4363,26146.4507,2078.7336999999998,24
1251,31305.0744,2408.8007,2027.0804,26869.1933,2023.6106000000002,24
9269,31257.5404,3127.9406,2545.4306,25584.1692,1811.5331,24
5872,31247.3592,1838.9042,1309.5484,28098.9066,1964.2683,24
6875,31183.2426,2125.2758,1997.0395,27060.9273,1885.1970999999999,24
7371,31107.703,1976.0625,1788.0698,27343.5707,1766.5976999999998,24
7769,31107.142699999997,1683.5831,1108.6401,28314.9195,3807.5822999999996,24
3854,31095.0536,1919.2114,1486.6703,27689.1719,2049.65,24
5545,31094.0734,2205.5107,2007.8992,26880.663500000002,1827.8307,24
4059,31065.4498,1739.8003,1506.7409,27818.9086,1754.9496000000001,24
7868,31027.5618,1931.6701,1274.8954,27820.9963,3782.6598,24
5026,30953.452,1918.5606,1643.0723,27391.8191,1802.9597,24
4345,30950.3354,2379.0793,1975.3991,26595.857,1785.1885,24
6077,30926.269500000002,2510.1098,1900.8063,26515.3534,1879.9918,24
3953,30864.6474,1609.0572,1537.4672,27718.123,1657.9747,24
3863,30837.860099999998,1935.8621,1632.0208,27269.9772,1903.5281,24
6361,30801.8144,2857.4168,2266.1391,25678.2585,1773.1725999999999,24
4063,30778.471,2287.3407,1746.1688,26744.9615,2020.7671,24
5874,30724.036200000002,2487.0286,1599.8569,26637.150700000002,1929.956,24
5470,30628.6123,3082.2551,1840.6758,25705.6814,1877.8491000000001,24
6747,30535.8797,2502.7307,2580.1554,25452.993599999998,1693.5819000000001,24
5141,30502.0643,2155.6281,1877.1557,26469.2805,1748.3128000000002,24
7969,30419.7494,1608.5759,1047.5233,27763.6502,3825.0931,24
6760,30366.283799999997,2314.4571,2216.161,25835.665699999998,1783.1189,24
7472,30254.601300000002,1621.451,1857.2687,26775.8816,1927.6341,24
6160,30230.3441,2241.2801,1855.1956,26133.8684,1751.8773,24
6957,30170.425,2762.4952,2396.3323,25011.5975,1836.8775999999998,24
8475,30130.9489,3186.9524,2681.6197,24262.376800000002,2004.3218,24
3972,30054.0473,2205.5489,1819.6668,26028.831599999998,1812.7302,24
8476,30039.894800000002,2489.2992,1995.662,25554.9336,1977.3164000000002,24
4965,30032.5883,1858.7408,2242.0648,25931.7827,1824.7931999999998,24
4568,29949.5184,1866.2816,1582.5958,26500.641,1949.958,24
4645,29946.2715,2355.1202,2006.2883,25584.862999999998,1997.6025,24
5466,29943.3613,3369.4863,3324.1276,23249.7474,1619.4612,24
4741,29906.639,2205.2454000000002,1648.3102000000001,26053.0834,1814.6915000000001,24
8474,29886.1482,3329.5396,2508.0564,24048.5522,2084.1892000000003,24
6349,29843.8116,2245.4209,2571.8334,25026.5573,1983.5133999999998,24
7175,29832.2703,2110.0188,1713.2469,26009.0046,1845.3550999999998,24
5743,29760.1574,3253.5422,2383.7151,24122.9001,1745.2051,24
6567,29634.449099999998,2499.1617,1868.7558999999999,25266.5315,1936.011,24
6277,29545.323,1861.2334,1375.0044,26309.0852,1745.2171,24
3847,29493.0001,2370.1801,1802.3503,25320.4697,1651.3202,24
4845,29462.3296,2135.2016,1806.556,25520.572,1678.9594000000002,24
7065,29384.557699999998,1673.7973,1435.9686,26274.7918,1745.2924999999998,24
147,29310.4565,1025.7895,724.6519,27560.0151,1527.0695999999998,24
6562,29286.914,2477.4274,1819.7471,24989.7395,1708.1718,24
6157,29245.9826,1781.5348000000001,1609.1232,25855.3246,1877.3416,24
5977,29229.5578,2260.1833,1826.2849,25143.0896,1677.3084,24
6670,29208.2387,2736.9692,2359.6164,24111.6531,1663.4679999999998,24
6261,29195.2272,1853.145,1632.5425,25709.5397,1831.9196,24
5051,29141.4175,1785.9662,1292.939,26062.5123,1844.4453999999998,24
5174,29137.03,2991.288,2397.1878,23748.5542,1415.2477,24
5164,29124.6385,1875.5792999999999,1359.7545,25889.3047,1698.3545,24
6177,29048.8967,2318.7391000000002,1750.2962,24979.8614,1873.8333000000002,24
6851,29015.875,2063.725,1895.6356,25056.5144,1788.6156,24
6464,29006.499499999998,3512.9038,2007.6731,23485.922599999998,1839.3188,24
6365,28968.4942,3919.7500999999997,3186.5703,21862.1738,1717.9726,24
5949,28937.195,1811.0311000000002,1481.4424000000001,25644.7215,1685.484,24
4380,28923.0597,4326.554,2046.5205,22549.9852,5038.305600000001,24
5448,28915.519800000002,2901.913,1680.6604,24332.9464,1610.7549999999999,24
4841,28897.2961,2146.2355000000002,1615.2071,25135.8535,1733.7880000000002,24
4128,28867.4421,2130.6267000000003,1871.7151000000001,24865.1003,1727.3257,24
6453,28848.3825,2205.4318000000003,1734.9684,24907.9823,1606.6586000000002,24
4865,28840.3938,2832.457,2758.3833,23249.553499999998,1756.9274,24
9370,28832.5688,2941.1326,2322.1612,23569.275,1741.127,24
3659,28791.305,2605.9541,1902.5518,24282.7991,1578.8082,24
7061,28758.1624,2364.4587,1561.6441,24832.0596,1756.2223,24
7062,28755.7204,2373.3951,1556.3625000000002,24825.962799999998,1782.8701999999998,24
3848,28750.8647,2709.4172,2659.6703,23381.7772,1584.1227,24
5446,28745.4356,2142.6711,1789.4322,24813.332300000002,1743.5432,24
5875,28723.3857,1988.9871,1331.9787000000001,25402.4199,1711.3869,24
8674,28711.9601,2490.4703,2093.5988,24127.891,1725.3809,24
7471,28667.5938,1717.7952,1655.1833,25294.6153,1597.3431,24
4471,28662.7077,2489.6526,2165.7474,24007.3077,1664.8343999999997,24
4745,28645.6887,2101.5339,1627.3469,24916.8079,1728.831,24
6276,28624.9529,1616.0667,1495.3357,25513.5505,1751.722,24
6752,28606.6746,2387.269,2038.1752999999999,24181.2303,1639.2792,24
5553,28592.7041,1849.4571,1543.9394,25199.3076,1464.9937,24
6645,28579.6108,2217.7494,2362.3903999999998,23999.471,2542.3513000000003,24
8672,28546.1806,2540.5454,2192.9654,23812.6698,1617.6757,24
7072,28524.6387,2301.6479,1636.3678,24586.623,1645.3453,24
8574,28504.5518,2981.4944,2582.0521,22941.0053,1902.9952999999998,24
4054,28469.6651,1527.322,1258.8589,25683.4842,1582.3636,24
4343,28444.254,1819.839,1461.9702,25162.4448,1846.9233,24
6861,28423.3679,2143.0795,1902.6767,24377.6117,1776.9149000000002,24
4448,28406.8821,2461.8752,1693.6122,24251.3947,1871.1667,24
6163,28397.6509,2443.8265,1581.5968,24372.2276,2132.0594,24
6955,28332.3276,2212.2293,1895.6351,24224.463200000002,1709.979,24
9267,28315.4453,2005.1614,1589.049,24721.2349,1639.4407,24
5845,28311.9098,2321.3993,1967.2178000000001,24023.292699999998,1599.6994000000002,24
6367,28295.7725,3517.3752999999997,2845.8423,21932.5549,1619.31,24
3634,28292.006,2554.0203,2400.915,23337.0707,2217.6562000000004,24
4646,28262.1561,2296.4563,1904.6822,24061.0176,1885.9726,24
6870,28218.0022,1770.7576999999999,1597.5392,24849.7053,1559.0151,24
4053,28214.9592,1455.0493000000001,1330.2019,25429.708000000002,1572.1225,24
7057,28211.331400000003,2490.4695,2202.0681,23518.7938,1857.5368,24
7768,28195.6662,2802.6578,1882.7398,23510.2686,2976.6135999999997,24
4644,28194.1378,2106.0277,1877.0691,24211.041,1725.0513,24
3846,28164.2647,2162.547,1528.7725,24472.945200000002,1571.9354,24
4567,28155.8958,2641.8877,1368.1652,24145.8429,1917.1178,24
3755,28096.1502,1966.4523,1588.1490999999999,24541.5488,1580.9924999999998,24
9467,28093.8521,2035.6937,1581.492,24476.6664,1623.0804,24
3960,28090.6998,1879.9707,1531.8267,24678.9024,1657.0935,24
6862,28012.2271,2446.4929,2176.0286,23389.7056,1787.2258000000002,24
4479,27976.0324,4329.8495,1811.4698,21834.7131,4280.1003,24
7257,27946.0758,1565.1731,1302.172,25078.7307,1691.3152,24
6660,27935.331,3014.6133,2673.7825,22246.9352,1657.7376000000002,24
4571,27899.7293,2357.9803,2408.1022000000003,23133.6468,1789.3643,24
5264,27892.9736,1575.6285,1881.862,24435.4831,1818.3635999999997,24
4472,27879.6415,2388.0695,2070.648,23420.924,1621.3872999999999,24
5471,27869.1187,2770.3546,1773.1154000000001,23325.648699999998,1919.2703999999999,24
3673,27867.9921,1563.9773,875.5731,25428.4417,3567.198,24
6548,27862.8211,1929.0063,1788.2936,24145.5212,1470.6199,24
4073,27861.8642,2123.7874,1600.1876,24137.8892,1515.955,24
6863,27800.2328,2533.4754000000003,2135.3117,23131.4457,1762.8528000000001,24
4342,27797.0122,1978.2908,1586.026,24232.6954,1732.2968999999998,24
6859,27787.7262,1944.7459,2014.3938,23828.5865,1689.7098999999998,24
3969,27769.4606,2137.2247,1944.2631999999999,23687.9727,1647.475,24
6960,27767.6593,1956.0287,2001.3789,23810.2517,1681.1084,24
4947,27735.0256,2162.9191,1568.3003999999999,24003.8061,1656.8757999999998,24
3633,27732.7615,2468.1767,2371.1987,22893.3861,2199.6099,24
5543,27720.5246,2647.3144,1887.1455,23186.0647,1644.8569,24
4944,27719.3713,2220.6099,2085.8874,23412.874,1622.9685000000002,24
4951,27689.9382,2779.0929,1543.8483,23366.997,1695.6939,24
6062,27654.4714,1823.32,1559.1922,24271.959199999998,1415.8909999999998,24
8857,27653.5469,1584.4421,1077.1607,24991.9441,1962.4218,24
6278,27647.0503,1714.9391,1149.5194,24782.591800000002,1618.3264,24
5551,27627.577400000002,1715.6016,1454.3757,24457.6001,1623.8699000000001,24
6860,27618.0746,1924.8604,2010.2546,23682.9596,1685.5185999999999,24
5850,27583.6574,2200.1331,1540.3023,23843.222,1718.0480000000002,24
5651,27553.0092,1953.3751,1672.3644,23927.2697,1710.3585000000003,24
6961,27542.426199999998,2220.3743,1591.4309,23730.621,1545.7815,24
6462,27492.3073,2340.784,1920.446,23231.0773,1716.2574,24
6668,27489.5538,2097.8677,1559.4683,23832.217800000002,1792.1178,24
4348,27474.2772,2259.8209,1480.1065999999998,23734.3497,1642.9098999999997,24
7240,27466.9001,2678.3709,2975.5332,21812.996,1832.8487999999998,24
5454,27441.2335,2095.6733,1468.108,23877.4522,1692.2466,24
7272,27434.1251,1789.15,1412.8335,24232.141600000003,1658.8291,24
5140,27403.3162,1833.4143,1777.9389,23791.963,1503.7642,24
5563,27392.158,1788.3128,1374.0613,24229.7839,1955.6842000000001,24
6253,27374.4521,2218.4806,1550.5536,23605.4179,1559.1688000000001,24
5863,27316.0593,1916.6215,1757.926,23641.5118,1484.7724,24
9468,27262.9654,2590.0034,2187.1864,22485.7756,1618.2611000000002,24
5746,27240.3057,2737.6896,1619.6262,22882.9899,1694.9458999999997,24
6973,27170.1238,1995.1668,1460.3735,23714.5835,1624.0792999999999,24
8374,27166.4879,2717.7093,1884.9281999999998,22563.8504,1852.1078000000002,24
4669,27092.0831,2543.461,3278.6443,21269.9778,1416.1123000000002,24
6975,27048.5579,1792.44,1723.5981,23532.519800000002,1559.8714,24
5750,27035.4261,2159.5166,1427.6796,23448.2299,1535.4319999999998,24
4166,27008.3457,1650.471,1309.5465,24048.3282,1915.8284999999998,24
7159,26989.2638,2237.1624,2900.7273,21851.3741,1595.2098999999998,24
4870,26942.3006,2538.246,1888.306,22515.7486,1489.7042,24
4140,26838.6171,2613.5339,1858.8425,22366.2407,1847.8197,24
7989,26828.731200000002,2097.7349,1331.4155,23399.5808,1749.7506,24
6661,26772.2971,2205.3449,1808.5362,22758.416,1805.6057,24
5961,26715.201100000002,1835.1392,1810.9621,23069.0998,1519.5354000000002,24
8090,26694.8472,2073.9527000000003,1322.0034,23298.8911,1734.8359,24
5844,26637.4023,2363.5849,1922.0398,22351.7776,1521.1611,24
8875,26610.7657,2548.6376999999998,2086.1899,21975.9381,1537.5957,24
5050,26537.2386,1599.5729,1162.0433,23775.6224,1477.3287999999998,24
6575,26524.1742,1543.0185999999999,1254.0777,23727.0779,1720.3424,24
3436,26493.9852,1800.7679,1391.9434,23301.2739,1863.9330999999997,24
7155,26474.835,1659.705,1510.2048,23304.9252,1768.9489,24
4543,26449.2313,2104.2132,1707.7497,22637.2684,1573.7493,24
4153,26361.3857,1433.7633,1267.1615,23660.4609,1416.1567,24
3536,26356.9855,1967.9796,1408.6091000000001,22980.3968,1710.7623,24
4159,26321.2059,1444.9378,1317.0951,23559.173,1398.3790000000001,24
3764,26316.7278,1672.3028,1491.7352,23152.6898,1597.8992999999998,24
4341,26292.1082,1869.703,1736.8807,22685.5245,1564.7539,24
6970,26264.6338,1442.3097,1357.4573,23464.8668,1489.8451,24
5042,26261.7978,2084.6241,1515.9767,22661.197,1615.8672,24
3773,26243.0126,1471.344,833.908,23937.7606,3283.3238,24
5355,26211.034200000002,2264.3424,1565.2773,22381.4145,1832.2664000000002,24
3868,26196.7379,2141.9262,1777.549,22277.2627,1485.8913000000002,24
8054,26179.557399999998,1663.5909000000001,1317.7558000000001,23198.2107,1704.8188,24
4346,26174.1083,2145.7184,1773.5706,22254.8193,1470.3120000000001,24
4141,26171.101599999998,1721.6491,1682.4740000000002,22766.9785,1882.5776999999998,24
4165,26167.018,1541.3451,1888.6734999999999,22736.9994,2041.5635,24
7158,26163.2516,1655.7787,1718.0966,22789.3763,1528.2,24
6450,26144.358500000002,2005.4567,1833.2074,22305.6944,1597.7721999999999,24
6376,26133.6888,1495.3652,1299.4625,23338.8611,1515.8873,24
7156,26114.8455,1648.1657,1412.134,23054.5458,1497.1387,24
4946,26107.7519,1870.3103,1659.2205,22578.2211,1550.1747,24
6178,26104.192,1828.1894,1304.6772,22971.3254,1597.9442999999999,24
7071,26090.6989,2031.4496,1605.7531999999999,22453.4961,1670.7053,24
3772,26074.2955,1679.6589999999999,1212.2692,23182.367299999998,2523.2831,24
4247,26052.999499999998,1735.9865,1304.2121,23012.8009,2827.1967999999997,24
7075,26051.4332,1752.307,1594.3267,22704.7995,1509.3879000000002,24
4643,26043.1422,1888.7678,1621.4496,22532.9248,1606.813,24
9059,26033.4706,1541.3564,1184.8516,23307.262600000002,1476.1282999999999,24
7767,26025.9668,2682.9109,1838.0185,21505.0374,2578.3525,24
5240,26022.5644,1224.4385,1310.637,23487.4889,1613.1779999999999,24
3437,26007.6203,1543.6045,1160.5139,23303.5019,1855.8137,24
8269,25993.339,1903.1763,1849.0535,22241.1092,2913.1288999999997,24
6775,25913.116299999998,2779.6692,2051.1053,21082.3418,1870.2342999999998,24
9977,25889.4278,1308.1992,855.683,23725.5456,1747.5207,24
5456,25862.296299999998,1959.6172000000001,1361.9563,22540.7228,2020.0129000000002,24
6954,25832.953999999998,1936.7749999999999,1659.0993999999998,22237.0796,1868.9992000000002,24
4869,25826.358099999998,2086.2416,1772.8533,21967.263199999998,1428.1055,24
6145,25824.0638,1375.3233,1332.9478,23115.7927,3173.7207,24
6263,25811.7362,2235.6453,1555.1301,22020.9608,1819.7919999999997,24
5472,25803.0673,2297.0788000000002,2051.0738,21454.9147,1641.8381,24
6045,25786.5481,1372.3147000000001,1332.9959999999999,23081.237399999998,3093.2864999999997,24
4067,25761.0909,1764.9528,1386.7372,22609.4009,1462.2243999999998,24
6556,25752.0081,2534.5694,1695.411,21522.0277,1812.1604,24
6969,25743.7316,1356.2146,1281.7575,23105.7595,1456.7364,24
7443,25728.2273,2362.2774,2633.6816,20732.2683,1542.2928000000002,24
8834,25712.2171,1878.9244,1330.6256,22502.6671,1512.1703000000002,24
4642,25678.573,1900.1982,1560.8129000000001,22217.5619,1461.0848,24
6475,25652.031300000002,1560.7307,1288.6626,22802.638000000003,1611.6144,24
5043,25642.1954,2025.0258000000001,1580.5524,22036.6172,1460.3787000000002,24
7990,25623.3073,2011.3308,1281.6915000000001,22330.285,1656.2164,24
5764,25606.8566,2656.9501,2620.4019,20329.5046,1605.5786,24
3748,25561.8048,2491.6379,2446.3794000000003,20623.7875,1519.6878000000002,24
4844,25485.6846,1884.7159,1869.9419,21731.0268,1594.7935000000002,24
6770,25461.485,2071.5951,1792.029,21597.8609,1422.6266,24
4253,25456.5278,1498.5453,1106.9828,22850.9997,1608.4222999999997,24
9978,25446.6718,1287.1176,842.1459,23317.408300000003,1712.6976000000002,24
3872,25444.2649,1936.8213,1352.6514,22154.7922,1748.3699,24
1250,25443.9641,2101.3148,1802.3137,21540.3356,1622.1505,24
9159,25440.4556,1522.2779,1175.213,22742.9647,1441.6291999999999,24
5447,25356.3021,2976.7516,1662.2929000000001,20717.2576,1457.7888,24
6363,25293.3483,2241.23,1734.6582,21317.4601,1462.6547,24
5463,25241.7991,1293.0846999999999,955.1151,22993.599299999998,2076.6044,24
3432,25229.7895,1585.198,1300.3217,22344.2698,1682.799,24
7279,25183.0632,1836.8207,1486.9682,21859.2743,1701.9388,24
6144,25180.7012,1343.0136,1298.9473,22538.740299999998,3082.0649999999996,24
7460,25180.1184,1944.3631,1928.8587,21306.8966,1465.6719,24
5645,25172.5091,1945.6051,1723.3153,21503.5887,1860.3377999999998,24
7668,25171.5758,1684.2406,939.2721,22548.0631,1520.2528000000002,24
4167,25144.6583,1692.9725,1372.8337999999999,22078.852,1489.8444000000002,24
6153,25130.2723,2142.7911,1742.7835,21244.6977,1338.1511,24
4871,25114.6002,3038.4448,1210.0209,20866.1345,1703.6655999999998,24
7180,25099.6115,1449.3999000000001,1204.7029,22445.5087,1483.8471,24
4270,25057.2595,1438.6554,1070.8755,22547.728600000002,1675.9493000000002,24
5552,25029.6698,1631.1083,1425.1722,21973.3893,1376.4405000000002,24
6962,25007.2846,2177.344,1610.7712000000001,21219.1694,1612.2838,24
4061,24984.4891,1679.3264,1249.4618,22055.7009,1364.4479000000001,24
4542,24957.2334,2001.1622,1720.1023,21235.9689,1396.9454,24
4843,24936.728900000002,1910.9444,1763.6406,21262.1439,1573.1939,24
4147,24910.5382,1667.8045,1220.5831,22022.1506,2638.2165,24
3533,24909.8972,2030.4495,1828.1541,21051.2936,1615.6473999999998,24
6545,24901.8397,1850.9581,1969.0244,21081.857200000002,1546.6141000000002,24
7067,24874.73,1470.3206,1323.1594,22081.25,1430.3260999999998,24
7568,24866.7736,1504.8217,776.1968,22585.7551,1492.0835999999997,24
6854,24823.6624,2116.5997,1852.0569,20855.0058,1560.5842,24
6963,24812.6502,2093.4686,1569.7471,21149.4345,1579.6626999999999,24
3537,24780.8052,1600.2147,1236.8592,21943.7313,1752.0182,24
6060,24748.5044,1866.7072,1505.4704,21376.3268,1559.3215999999998,24
7491,24705.2774,3750.4889,1376.9932999999999,19577.7952,1576.4062,24
7490,24705.2774,3750.4889,1376.9932999999999,19577.7952,1576.4062,24
5665,24675.770200000003,3055.8863,2366.6569,19253.227,1615.1747,24
7870,24663.6295,1363.0516,945.9307,22354.6472,2846.5365,24
6855,24644.9018,1832.083,1644.3396,21168.479199999998,1422.5636,24
8835,24598.9098,2032.2486,1056.8672,21509.794,1682.4588,24
3635,24598.2985,2301.0383,1580.336,20716.9242,1329.6907,24
5242,24563.7579,1607.1343,3048.6514,19907.9722,1620.9605999999999,24
5945,24530.1521,1406.9664,1261.3007,21861.885000000002,1658.6345,24
8756,24524.4392,1209.1996,1065.6882,22249.5514,1559.2061999999999,24
6578,24507.202,1435.1073999999999,976.4691,22095.625500000002,1438.0036,24
5873,24463.0772,1908.1957,1322.3402,21232.5413,1461.5558,24
5548,24415.3615,1739.0822,1304.7786,21371.5007,1568.6864999999998,24
4347,24407.5965,1949.3501999999999,1381.9927,21076.2536,1745.571,24
6572,24399.3764,2367.2789000000002,2155.0962,19877.0013,1817.0246000000002,24
4744,24375.7546,1799.3051,1677.9154,20898.5341,1570.8645,24
6449,24372.0589,1694.657,1739.0952,20938.3067,1582.0611,24
4259,24368.2683,1561.5797,1288.3594,21518.3292,1549.8174,24
8373,24348.1534,2656.8992,1872.4659,19818.7883,1710.2613,24
3864,24341.6096,1531.2897,1347.2314000000001,21463.088499999998,1325.4125999999999,24
7355,24336.4578,1697.4081,1750.4115,20888.6382,1602.596,24
8275,24323.8997,1846.2524,1291.0922,21186.5551,1451.7317,24
4170,24315.0735,1809.0052,1333.9422,21172.1261,1747.9661999999998,24
6155,24310.4975,1800.103,1628.6134,20881.7811,1399.6335,24
8571,24302.0687,1759.5122999999999,1475.858,21066.6984,1366.1951000000001,24
3655,24258.3142,1805.7257,1526.8085,20925.78,1355.0989000000002,24
8375,24230.5981,1852.5329,1273.4243000000001,21104.6409,1519.9159,24
4877,24225.2261,1682.0848,1163.9447,21379.1966,1500.0191,24
4171,24223.9695,1609.2591,1174.1539,21440.5565,1637.0606000000002,24
3559,24213.4692,3777.9692,1189.657,19245.843,1396.3522999999998,24
7560,24202.4127,1606.8423,1281.3262,21314.2442,1483.5678,24
3947,24195.589799999998,1849.0154,1254.1744,21092.4,1317.6212,24
4250,24175.26,2014.5622,1679.2501,20481.4477,1333.465,24
7567,24123.8673,1828.1529,1028.6549,21267.0595,1362.7005,24
4743,24104.223,1813.5673000000002,1660.5562,20630.0995,1546.5375,24
9976,24099.0968,1238.2051999999999,852.77,22008.1216,1608.9917,24
5375,24099.009000000002,1918.4656,1493.4831,20687.0603,1377.9245999999998,24
8276,24089.1835,1981.4302,1413.6619,20694.0914,1589.5340999999999,24
4371,24070.652299999998,1613.6656,1292.8135,21164.173199999997,1413.0451,24
4172,24056.557,1406.1206,1210.4391,21439.9973,1334.2727,24
5946,24050.1396,1439.1621,1287.1258,21323.8517,1628.4625999999998,24
4939,24040.6851,1949.4292,1654.8272,20436.4287,1302.2721,24
7454,24028.2986,1339.4195,1352.9206,21335.9585,1617.6275,24
8154,23965.4292,1524.6396,1215.5674,21225.2222,1559.0844,24
4945,23964.9016,1775.2274,1497.9635,20691.7107,1379.429,24
5455,23885.6488,2146.6387,1455.5943,20283.4158,1764.6503,24
7561,23756.0158,1600.3072,1336.6939,20819.0147,1456.3474,24
5045,23747.7244,1868.9200999999998,1449.8105,20428.9938,1331.0302,24
6746,23727.509000000002,2065.0555,1998.1334,19664.3201,1560.6725999999999,24
6279,23709.971100000002,1471.5095000000001,1004.665,21233.7966,1384.9072,24
7590,23685.4072,3490.5553,1312.8029000000001,18882.049,1506.3769,24
9484,23680.528,1495.8004,1202.1623,20982.5653,1565.2543,24
7467,23676.9769,1929.9608,1150.5962,20596.4199,1517.8659,24
7591,23634.5134,2961.8999,1369.4786,19303.1349,1508.9969,24
9877,23536.824399999998,1200.0728,795.064,21541.6876,1563.009,24
8274,23518.2905,1781.7741,1281.1382,20455.3782,1409.9565,24
4863,23509.3947,2074.116,2395.4221,19039.8566,1695.8383999999999,24
7654,23502.4819,1237.6938,1375.4242,20889.3639,1303.8964,24
3859,23478.4312,2095.3171,1847.1825,19535.9316,1404.3582999999999,24
5089,23474.9529,3236.1579,2641.2804,17597.5146,1918.8788999999997,24
9251,23458.8096,1315.955,994.1364,21148.7182,1280.7413999999999,24
8089,23458.3813,1622.2145,1208.1444000000001,20628.0224,1438.8349000000003,24
8562,23455.2763,1800.8995,1615.2928,20039.084,1375.0995,24
6146,23425.8839,1354.6393,1325.2789,20745.9657,2081.795,24
4868,23413.9163,2220.7016,2352.4638,18840.7509,1433.0130999999997,24
6377,23388.3521,1493.2037,1093.3133,20801.8351,1338.4454,24
8053,23383.2345,1599.4082,1283.4387,20500.3876,1457.5011000000002,24
9150,23371.2461,1304.1992,1025.0172,21042.0297,1279.9912,24
8734,23364.6978,1841.8445000000002,1198.4464,20324.4069,1356.6861000000004,24
5266,23354.5723,3190.9542,3243.7515,16919.8666,1475.3609999999999,24
7466,23354.0112,1936.7356,1137.645,20279.6306,1513.1335,24
8376,23352.593,1890.4747,1430.1579,20031.9604,1207.1472999999999,24
8959,23310.0429,1430.9856,1135.1924,20743.8649,1289.8339999999998,24
3534,23307.8197,2034.8818,1864.1187,19408.819199999998,1570.1593,24
4251,23246.1868,1684.1177,1339.1292,20222.9399,1435.4710999999998,24
7770,23240.8105,1363.3543,1024.988,20852.4682,2319.5526000000004,24
4777,23237.1619,1545.3472,1116.9258,20574.888899999998,1432.6958,24
3871,23143.6886,1941.951,1581.2193,19620.5183,1455.2536,24
7543,23138.5618,2336.2522,2461.09,18341.2196,1570.0665000000001,24
3968,23137.6144,2068.9468,1627.3911,19441.2765,1308.9838,24
4240,23115.112,2283.7518,2181.5434999999998,18649.8167,1450.1915,24
4163,23109.2771,2019.1559,1533.7614,19556.3598,1770.0883999999999,24
4890,23088.839500000002,3967.0693,1973.5503,17148.2199,2002.7334,24
5550,23079.2647,1975.4984,1346.1447,19757.6216,1450.7894999999999,24
4262,23049.7688,2198.6959,1599.1573,19251.9156,1389.996,24
6754,23046.4273,2183.8033,1928.8718999999999,18933.7521,1320.4873,24
9250,23043.7699,1293.3825,1003.9834,20746.404,1259.15,24
4148,23032.7448,1554.6204,1136.0839999999998,20342.040399999998,1300.4213999999997,24
7461,23021.5893,1751.6462,1733.1812,19536.7619,1359.4395,24
6968,22995.0855,1387.1741,1311.0119,20296.8995,1252.8401,24
7354,22985.4685,1202.5446,1331.7078999999999,20451.216,1385.6685,24
7554,22982.3514,1445.7378,1332.8327,20203.7809,1318.9115000000002,24
48,22973.0887,802.1466,567.0043000000001,21603.9378,1195.6364,24
3736,22906.9075,2054.8017,1219.0123,19633.0935,1264.9320000000002,24
3636,22904.3341,2053.7972,1218.6599999999999,19631.8769,1264.7677,24
7174,22903.0928,1624.6063,1108.6004,20169.8861,1383.2336,24
8190,22902.085,1694.904,1200.9491,20006.2319,1375.2012,24
2245,22895.5243,1237.0912,1211.3371,20447.096,2084.6764000000003,24
3535,22892.117599999998,2030.8336,1636.8337,19224.4503,1268.5205,24
8957,22859.3713,1375.9324,1002.4603999999999,20480.9785,1508.9959999999999,24
8277,22857.6244,1869.1983,1432.8626,19555.5635,1200.3854999999999,24
6864,22850.497199999998,1838.5506,1370.4627,19641.4839,1235.6596,24
3735,22778.7561,2040.1033,1206.6849,19531.9679,1256.4223000000002,24
9270,22760.9419,2348.7415,1897.3671,18514.833300000002,1452.2397,24
8677,22749.7413,1802.0911,1362.3877,19585.2625,1430.9955,24
4241,22720.0665,1557.3569,1503.9041,19658.8055,1522.7905,24
6366,22719.4875,3872.6395,3202.2944,15644.5536,1467.1525,24
6463,22677.117299999998,2265.4495,1576.5059,18835.1619,1315.2387999999999,24
7952,22658.5958,1609.3397,1305.6373,19743.6188,1362.1369000000002,24
4228,22657.2545,1573.9584,1394.8455000000001,19688.4506,1820.7668000000003,24
7055,22636.8054,1841.9853,1549.7185,19245.101599999998,1963.8708,24
5065,22632.7184,1785.4626,1603.6565,19243.5993,1272.0144000000003,24
9151,22599.3818,1279.05,991.9477,20328.3841,1236.639,24
7379,22592.3388,1595.741,1336.2923,19660.3055,1362.3241,24
8273,22546.2508,2271.4051,1657.3344,18617.5113,1530.1084,24
4867,22532.5007,2496.1916,2349.6172,17686.6919,1472.1581999999999,24
4248,22531.4832,1523.2168000000001,1026.7068,19981.5596,1401.2059,24
6666,22519.4239,1870.9021,1436.1405,19212.3813,1381.4589999999998,24
3949,22509.4766,2020.7394,1877.4825,18611.2547,1436.0102,24
6048,22508.763300000002,1274.5941,1300.9126,19933.2566,1357.5092000000002,24
7647,22490.6118,1924.483,2581.1978,17984.931,2683.9825,24
4252,22485.4114,1426.0657,1082.871,19976.4747,1468.4827999999998,24
4765,22469.5494,2611.5681,1997.4868999999999,17860.4944,1469.3685,24
4742,22454.2225,1829.7175,1482.8386,19141.666400000002,1294.2211000000002,24
7566,22391.246,1685.5910999999999,1111.6751,19593.9798,1195.4085000000002,24
7489,22390.6791,3679.5489,1310.5337,17400.5965,1388.792,24
4664,22367.9192,1959.4783,2021.1017,18387.339200000002,1329.5471,24
7390,22325.0139,3443.9561,1262.5854,17618.4724,1406.2968,24
6953,22266.077,2051.3867,1757.0318,18457.6585,1729.5665000000001,24
6563,22240.5508,2261.9053,1499.7547,18478.8908,1400.3873,24
6751,22187.3578,1483.4405,1384.5736,19319.3437,1708.255,24
5948,22165.6097,1279.2042999999999,1386.4332,19499.9722,1398.9103,24
8270,22162.1219,1416.7540999999999,1311.2328,19434.135,1558.9303,24
4249,22131.9865,1671.021,1183.5831,19277.3824,1246.4821,24
7644,22115.3282,2396.8711,2453.6050999999998,17264.852,1662.1354000000001,24
7178,22024.625500000002,1621.54,1461.4043,18941.6812,1485.586,24
4162,22007.2752,1858.4489,1334.8107,18814.0156,1259.964,24
7254,21995.9858,971.8339,1211.0249,19813.127,1720.2907,24
6745,21988.6858,2212.3459,2165.3747,17610.9652,1396.298,24
6078,21977.268799999998,1691.4632,1297.6432,18988.1624,1368.3753,24
6162,21966.8602,1633.6459,1358.4386,18974.7757,1224.6349999999998,24
5443,21956.857799999998,1869.5752,1430.6614,18656.6212,2125.4172,24
5274,21927.8023,2016.2516,1766.6615000000002,18144.8892,1260.6709,24
3759,21907.834199999998,2062.0393,1868.2640000000001,17977.530899999998,1345.6529999999998,24
7085,21902.4989,1540.5815,1713.3482,18648.5692,1467.682,24
4827,21873.3524,1678.6267,1619.4979999999998,18575.2277,1361.1507,24
4360,21860.3753,1298.1788,1050.7345,19511.462,1627.134,24
4326,21847.4488,1759.7278000000001,1377.5988,18710.1222,1314.9153999999999,24
4271,21817.4385,1378.5747000000001,1055.2072,19383.6566,1455.0566000000001,24
4778,21797.476,1523.459,1177.6488,19096.3682,1188.1769,24
4641,21794.7469,1847.4611,1434.3456,18512.9402,1280.3425000000002,24
3674,21756.1573,1135.9325,688.4544,19931.7704,2010.6335,24
4325,21721.861,1748.1722,1369.592,18604.0968,1308.3668,24
3771,21655.6427,1665.4488000000001,1552.6648,18437.5291,1423.1465,24
4049,21566.1479,1745.7512000000002,1476.5724,18343.8243,1341.9256,24
6257,21544.7986,1363.0272,1100.4364,19081.335,1217.9961,24
3853,21540.9374,1459.9102,1406.9919,18674.0353,1228.4331,24
7073,21533.884000000002,1638.7017,1155.9519,18739.2304,1213.9679,24
4149,21511.3755,1639.3980999999999,1298.0176,18573.9598,1264.9847,24
3754,21469.293700000002,1570.7767000000001,1287.7595000000001,18610.7575,1180.2875000000001,24
2145,21445.4921,1157.2107,1129.4325000000001,19158.8489,1921.2663,24
4671,21438.6165,2087.666,2920.9885,16429.962,1581.6664,24
4048,21418.2055,1487.3142,1075.3132,18855.5781,1378.9144999999999,24
9583,21417.6187,1413.4138,1131.5235,18872.6814,1398.4777000000001,24
9878,21417.227899999998,1076.1015,712.5042,19628.622199999998,1340.1487,24
7442,21416.2631,1574.5215,1747.2355,18094.5061,1253.5528000000002,24
7569,21375.5606,1369.661,837.6216000000001,19168.278,1155.2678,24
8377,21346.1262,1669.7301,1423.5861,18252.81,1272.0478000000003,24
7856,21340.7383,986.9791,1349.7153,19004.0439,1297.0537000000002,24
8974,21336.271,1820.6057,1634.5603,17881.105,1353.841,24
6876,21324.5591,1396.4867,1338.7624,18589.31,1290.056,24
9483,21316.2077,1367.4133,1097.0844,18851.71,1400.7612000000001,24
3532,21286.4594,1446.8496,1193.5468,18646.063000000002,1313.9917999999998,24
3948,21283.3243,1813.582,1604.491,17865.2513,1364.3580000000002,24
7444,21271.291699999998,2310.4378,2559.9522,16400.9017,1262.6203,24
7553,21234.6534,1715.9052,1314.728,18204.0202,1358.0566999999999,24
8577,21229.1285,1674.0797,1237.8562,18317.1926,1306.4469000000001,24
6496,21225.7555,1268.4148,983.9716,18973.3691,1173.213,24
8189,21198.6592,1433.5987,1134.9254,18630.1351,1321.0073,24
5565,21198.3816,2649.5834,2153.3442,16395.454,1300.5477,24
7343,21196.3914,1614.1684,1742.2193,17840.0037,1232.3752000000002,24
6396,21184.6238,1281.3559,982.7078,18920.5601,1173.5621,24
7162,21176.2182,1893.7212,1364.429,17918.068,1233.2805999999998,24
1151,21154.5874,1483.4371,1392.7865,18278.3638,1322.6006000000002,24
4840,21112.6263,1686.074,1382.054,18044.4983,1227.5234,24
4239,21109.8536,2313.1597,2309.7922,16486.901700000002,1328.2774,24
4842,21081.3024,1784.8298,1454.7148,17841.7578,1232.9692,24
3849,21044.8968,1874.0466999999999,1775.7037,17395.1464,1235.9366,24
3118,21025.849299999998,1321.477,1076.0586,18628.3137,1283.7219,24
6869,20991.7203,1306.5363,1113.018,18572.166,1216.1401,24
5366,20959.7458,1989.7687,2057.597,16912.3801,1202.5162999999998,24
8091,20958.704,1611.0227,1053.9994,18293.6819,1230.0628000000002,24
6397,20950.191,1270.7328,964.0789,18715.3793,1162.4452,24
7667,20931.7632,1538.5923,1075.0895,18318.0814,1584.5763000000002,24
7755,20920.6564,954.3339,1323.4839,18642.8386,1252.7564,24
6357,20919.5986,1418.7928,991.4165,18509.3893,1065.777,24
8772,20917.5979,1685.8259,1328.7937,17902.9783,1157.3489,24
6552,20912.0138,1748.4864,1499.5743,17663.9531,1252.4569000000001,24
3860,20891.0749,1542.799,1370.0442,17978.2317,1164.6752000000001,24
6061,20772.021099999998,1507.5684999999999,1413.2828,17851.1698,1140.3998,24
7669,20748.769,1306.6953,905.7136,18536.3601,1110.2332,24
8673,20742.1699,2135.9292,1763.434,16842.8067,1193.8503,24
9060,20730.0015,1301.8033,1017.0998999999999,18411.0983,1166.9501,24
4066,20721.1642,1394.3841,1014.7741,18312.006,1375.6806,24
5864,20715.9921,1738.2022,1803.4147,17174.3752,1192.7546,24
5376,20698.7147,1487.5009,1178.4584,18032.755400000002,1175.2808,24
4227,20693.0933,1632.6024,1338.8587,17721.6322,1339.7014,24
8191,20689.2263,1573.9333,1027.8388,18087.4542,1211.7217,24
7160,20625.9818,1277.0943,1444.0492,17904.8383,1250.4413,24
7167,20606.9714,1084.745,912.1274999999999,18610.0989,1161.5079999999998,24
7544,20596.280899999998,2353.271,2463.494,15779.5159,1414.6179000000002,24
3747,20560.7303,1835.3372,1410.0874999999999,17315.3056,1121.3471,24
7069,20548.5367,1164.1381,1099.0471,18285.3515,1113.6097,24
3751,20505.6318,1561.2981,1625.7083,17318.6254,1168.6266,24
7468,20499.1144,1220.4612,712.8495,18565.8037,1120.5404999999998,24
3763,20494.6109,1254.7695,1134.6701,18105.171299999998,1206.7513,24
6967,20471.6145,1476.963,1367.9070000000002,17626.7445,1081.0048,24
8975,20458.6291,1641.071,1514.0693,17303.4888,1350.3974,24
3966,20455.274,1446.7345,1236.2072,17772.3323,1006.9465,24
4977,20411.376099999998,1417.7595,953.3619,18040.254699999998,1256.9101,24
3967,20401.4798,1922.3036,1490.385,16988.7912,1212.758,24
9074,20359.8073,1647.1194,1435.0052,17277.6827,1473.9355,24
1655,20354.8027,1661.2535,1634.4252999999999,17059.1239,2349.0025,24
3850,20349.4863,1624.2642,1604.7247,17120.4974,1178.3093,24
1755,20338.6035,1653.2945,1631.2808,17054.0282,2346.9921,24
9469,20293.8404,2100.3496,1784.6244,16408.8664,1286.3885,24
8671,20293.0004,1235.9115,951.9415,18105.1474,1221.8652,24
5772,20286.2805,1548.0556,1010.3960999999999,17727.8288,1198.6864999999998,24
1756,20284.7975,1633.7245,1622.2966000000001,17028.7764,2340.2117,24
7179,20284.5845,1387.4566,1227.4726,17669.6553,1159.0067,24
3760,20269.826399999998,1634.4073,1508.7421,17126.677,1218.0306,24
3749,20260.7898,1707.8242,1688.1981,16864.767499999998,1159.9643999999998,24
4767,20246.9283,2150.6022,2074.704,16021.6221,1147.8850000000002,24
7173,20246.8247,1716.536,1058.3253,17471.9634,1216.3080000000002,24
3750,20208.7039,1625.6115,1639.5461,16943.5463,1185.0392000000002,24
5650,20156.8567,1330.7265,992.1043,17834.0259,1129.7322,24
5044,20149.5831,1614.3196,1217.1869,17318.0766,1194.3828999999998,24
3973,20144.2276,1481.7541,1200.8707,17461.6028,1039.1877,24
8661,20130.5006,2032.137,1604.0258,16494.3378,1174.2973,24
4372,20113.781600000002,1585.5112,1337.4382,17190.8322,1145.7353,24
8378,20099.5095,1601.4831000000001,1358.1881,17139.8383,1192.4533999999999,24
5564,20078.4072,2374.0509,1783.674,15920.6823,1334.6923,24
7756,20050.2586,1049.619,1136.0497,17864.5899,1116.4041,24
3650,20033.7714,1644.9602,1668.7223000000001,16720.0889,1184.0475000000001,24
5572,20032.2985,2074.0045,1481.2345,16477.0595,1217.4614000000001,24
4245,20027.6097,1706.7139,1330.1535,16990.742299999998,1129.1955,24
8771,20011.5364,1271.9053,1046.4726,17693.1585,1220.5531,24
9158,20007.5729,1308.5502000000001,1035.2705,17663.7522,1152.2622999999999,24
8477,20007.5435,1615.8049,1312.5537,17079.1849,1168.8254,24
8773,20002.1948,2070.1965,1692.5195,16239.4788,1159.329,24
1856,19975.1607,1582.8606,1588.283,16804.0171,2290.6692,24
7953,19968.9373,1358.1975,1263.2929,17347.4469,1195.9747,24
7465,19968.9013,1522.8518,1161.1842,17284.8653,1019.8752,24
6465,19960.983,4000.6631,1846.3783,14113.9416,1131.8850000000002,24
4565,19929.9302,1605.7778,1061.1311,17263.0213,1153.7223,24
7652,19900.9053,1154.7328,1249.8315,17496.341,1110.6353,24
7366,19891.1687,1489.3283000000001,1040.9498,17360.8906,1291.8468999999998,24
7455,19882.7226,904.4045,1186.9513,17791.3668,1209.7428,24
3218,19880.2272,1237.0083,996.353,17646.8659,1200.6677,24
7161,19848.5447,1745.9386,1303.6401,16798.966,1160.5901999999999,24
6979,19834.9726,1053.8846,935.0675,17846.0205,1105.3565,24
7079,19834.9726,1053.8846,935.0675,17846.0205,1105.3565,24
7666,19828.2634,1088.0917,1016.6034999999999,17723.5682,1479.0275000000001,24
4226,19820.8293,1609.0624,1272.0418,16939.7251,1193.4631,24
3961,19800.966399999998,1411.6009000000001,1136.7613999999999,17252.6041,1084.2358,24
7284,19798.7369,1568.8345,1547.5167999999999,16682.3856,1382.4218999999998,24
4340,19789.8729,2021.6293,2034.6344000000001,15733.609199999999,1182.591,24
3733,19788.3694,1406.2889,1359.9566,17022.1239,1275.2014,24
4770,19760.2795,2220.4714,2802.0207,14737.787400000001,1087.8779,24
5877,19725.8146,1489.5636,1258.3623,16977.8887,1394.4003,24
9075,19711.3784,1505.7653,1304.6499000000001,16900.963200000002,1335.8489,24
7559,19676.2181,1237.1383,952.3233,17486.7565,1176.2752,24
7492,19660.9202,3110.8861,1241.3678,15308.6663,1155.6341,24
6980,19660.4618,1039.353,913.6228,17707.486,1086.1771,24
3453,19647.930099999998,1304.7141,1153.2794000000001,17189.9366,1131.6854999999998,24
5672,19634.6768,1863.8669,1172.4756,16598.3343,1204.1575999999998,24
9569,19623.122900000002,2029.1813,1714.4125999999999,15879.529,1234.6701,24
6362,19602.8953,1726.9075,1790.2313,16085.7565,1115.1019,24
6669,19585.4777,1757.8328999999999,1414.8982,16412.7466,1223.8739,24
7280,19582.2641,1479.6752,1208.3058,16894.2831,1261.722,24
9477,19567.1538,986.8491,993.7946,17586.5101,2310.1699,24
9058,19555.5311,1280.4957,1012.0309,17263.0045,1125.4418999999998,24
4768,19547.135299999998,2013.1067,2294.4086,15239.619999999999,1078.8823,24
8055,19504.839799999998,1262.3492999999999,1044.7758999999999,17197.7146,1218.7859999999998,24
4441,19485.2939,1565.5829,1535.7166,16383.9944,1163.8926999999999,24
8873,19481.2163,2050.7171,1692.9871,15737.5121,1172.6255,24
4164,19473.1212,1685.4449,1325.0208,16462.6555,1352.1997000000001,24
3965,19465.583000000002,1162.7407,1050.2574,17252.5849,1156.9287000000002,24
6551,19443.2461,1455.6806,1324.6167,16662.9488,1135.1709,24
3870,19394.9253,1699.6923,1584.3872000000001,16110.8458,1126.8403,24
8278,19394.3875,1497.0752,1278.307,16619.0053,1113.6008000000002,24
3852,19366.3351,1280.0061,1296.0031,16790.3259,1054.9224,24
8171,19360.4317,1351.9065,1272.9454,16735.5798,1273.1336000000001,24
7646,19340.2029,1511.9779,1865.9075,15962.3175,2183.5786,24
5373,19327.3285,1958.2886999999998,1997.1091,15371.9307,1249.4695,24
6550,19326.6724,1267.6574,1164.9954,16894.0196,1221.521,24
1656,19325.89,1568.9436,1548.6399000000001,16208.3065,2213.5675,24
7855,19316.3439,871.6801,1299.8996,17144.7642,1152.9682,24
3433,19305.6537,1454.1134,1178.2999,16673.2404,1023.6141,24
6877,19301.8325,1052.2667999999999,850.6328,17398.9329,1159.3486,24
6795,19300.9463,1068.7496,756.1427,17476.054,1106.996,24
6895,19300.9463,1068.7496,756.1427,17476.054,1106.996,24
4152,19284.0364,1323.434,1040.5743,16920.0281,1262.5080999999998,24
7080,19279.2158,1007.6077,866.7767,17404.831400000003,1083.3501,24
7655,19232.2886,1147.2033000000001,1015.1801,17069.9052,1059.0566999999999,24
8852,19218.6557,1084.8268,804.1555999999999,17329.6733,1138.2383,24
3649,19217.4764,1701.5844,1472.8148,16043.0772,1078.1233000000002,24
3851,19196.557099999998,1365.3819,1378.8774,16452.2978,1039.3465,24
3845,19188.8908,1487.9771,1069.0478,16631.8659,1051.1171,24
6966,19170.9113,1403.0546,1300.8262,16467.0305,1024.2281,24
7555,19161.9356,1091.9157,1026.6925999999999,17043.3273,1049.0739,24
7656,19153.798,1155.4737,996.1157,17002.2086,1060.051,24
9152,19145.4471,1092.1974,858.8277,17194.422,1027.9266,24
9551,19135.054799999998,1158.3315,753.1599,17223.5634,1119.1056,24
4478,19133.3421,2779.9527,1202.5082,15150.8812,1967.0829,24
4150,19131.477600000002,1770.7562,1583.2957,15777.4257,1206.0994,24
7653,19108.533,1140.723,1217.0586,16750.7514,1074.4696000000001,24
8858,19096.9034,1218.6902,956.7616,16921.4516,1446.5699000000002,24
8085,19087.076399999998,1453.4047,1252.4934,16381.1783,1417.8448,24
4866,19084.3036,2316.8032,2032.0312999999999,14735.4691,1194.1826999999998,24
8958,19072.8713,1200.3311,946.2649,16926.2753,1157.6444999999999,24
8470,19071.3577,1213.9637,1064.3477,16793.0463,1141.2737,24
5074,19046.922599999998,1540.8687,1301.8477,16204.2062,967.6084000000001,24
3774,19036.19,982.0238,620.7557,17433.410499999998,1573.3560000000002,24
6878,19030.2622,1099.949,902.4465,17027.8667,1095.9882,24
6476,19024.5107,1150.7814,889.7570999999999,16983.9722,1318.3693999999998,24
6355,19020.4147,2189.5054999999998,1499.2475,15331.6617,1361.3721,24
7086,19019.2862,1373.5397,1542.7527,16102.9938,1274.2381,24
7068,19019.1966,1144.5634,1009.2387,16865.3945,975.9226,24
5978,19011.4104,1421.1321,1276.7758999999999,16313.502400000001,1304.1993000000002,24
7340,18997.2491,1624.4381,1797.2071999999998,15575.6038,1229.7255,24
7339,18977.0847,1445.2504999999999,1543.0437,15988.790500000001,1242.5799,24
5475,18974.3712,1465.6686,1481.1258,16027.5768,1254.1845,24
9466,18971.3623,2022.707,1258.5546,15690.100699999999,1094.8231,24
9552,18963.9716,1118.5931,705.1354,17140.2431,1112.0154,24
7754,18955.4626,868.568,1292.6214,16794.2732,1074.0894,24
1855,18948.1339,1507.3104,1488.6372000000001,15952.1863,2120.2296,24
7657,18940.6547,1168.5408,995.2375,16776.8764,1047.142,24
8176,18931.7389,1468.2604000000001,1082.6458,16380.8327,1097.6374,24
4229,18928.6207,1362.1433,1230.1847,16336.2927,1558.1149999999998,24
4279,18895.3479,2621.6492,1376.7751,14896.9236,2252.7658,24
9451,18876.5318,1102.3371,683.212,17090.9827,1107.0187,24
9651,18871.497799999997,1099.0114,682.27,17090.216399999998,1106.59,24
9652,18871.3993,1096.1605,681.8119,17093.4269,1107.2621000000001,24
9352,18865.9909,1101.2682,682.3766,17082.3461,1107.5372,24
9452,18865.921,1099.0911,682.064,17084.7659,1107.4854,24
9351,18863.927499999998,1100.0763,682.3204,17081.5308,1107.3733,24
5549,18854.7765,1623.7691,1156.7995,16074.207900000001,1327.9318,24
3946,18793.5685,1538.0189,984.7727,16270.7769,1029.1936,24
7274,18786.5278,1384.3426,971.7367,16430.4485,1455.042,24
7968,18781.0361,1076.2165,825.6996,16879.12,2039.7372999999998,24
6262,18778.9366,1551.6906999999999,1245.6793,15981.5666,1132.2204,24
9174,18773.7938,1630.2051000000001,1471.9436,15671.6451,1273.5404,24
8952,18768.286,1105.6168,814.2544,16848.414800000002,1090.5984,24
3651,18756.6794,1491.7998,1590.6759,15674.2037,1066.2586000000001,24
6894,18746.0431,1043.9525,741.5683,16960.5223,1073.8556,24
6549,18736.2511,1506.8063,1584.5863,15644.8585,1120.3442,24
6868,18720.5934,1409.4134999999999,1230.4603,16080.7196,1091.8772000000001,24
9167,18714.1362,1446.1816,1084.546,16183.4086,1117.9771,24
8960,18707.2718,1202.8425,961.4104,16543.0189,1042.8074000000001,24
6395,18702.6657,1156.4278,894.3744,16651.8635,1036.4924,24
6161,18699.6918,1372.841,1220.3717,16106.4791,967.8891,24
3353,18684.4828,1216.3175999999999,1055.5309,16412.6343,1096.1998,24
7344,18658.3462,1523.9138,1603.5706,15530.8618,1065.6361,24
3336,18641.8835,1506.1284,1171.3231,15964.432,1104.9218,24
247,18635.056,732.8989,525.7133,17376.4438,968.995,24
4027,18620.0223,1682.4549,1321.4198,15616.1476,1105.7134999999998,24
7662,18616.984,1343.3118,1110.3445,16163.3277,1144.9245,24
7265,18586.6748,1389.2473,1347.5891,15849.8384,1220.453,24
7391,18583.1737,2940.9542,1078.7721,14563.447400000001,1135.714,24
1684,18529.4951,710.4115,675.0235,17144.060100000002,2591.8316999999997,24
7651,18517.8883,987.1345,1138.285,16392.4688,1023.2446,24
7278,18512.4034,1430.2887,1233.1302,15848.9845,1116.9933999999998,24
6974,18476.7303,1194.8451,1102.3229000000001,16179.5623,1109.0238000000002,24
6497,18468.0164,1052.9313,818.4679,16596.6172,1020.3737,24
8855,18451.0606,1104.7783,1041.3425,16304.9398,1493.2207999999998,24
6880,18437.7954,974.8924,869.6972999999999,16593.2057,1045.2787,24
7661,18411.3524,1343.4603,1100.7935,15967.0986,1129.2195000000002,24
3775,18400.8213,1044.475,651.5842,16704.7621,1288.8094999999998,24
6046,18397.0081,1161.9682,1114.2592,16120.7807,1572.3020000000001,24
7766,18392.3523,1099.3755,987.594,16305.3828,1281.8688000000002,24
7241,18389.8388,1576.4314,1722.5583,15090.8491,1182.1793,24
6755,18378.3149,1712.5582,1446.545,15219.2117,983.4408000000001,24
3964,18370.3072,1178.6884,995.7288,16195.890000000001,1068.7902000000001,24
6495,18366.1017,1098.38,848.7675,16418.9542,1009.4227000000001,24
9653,18363.5773,1080.8145,672.6256,16610.1372,1078.8014,24
7889,18361.7814,1507.2136,1043.282,15811.2858,1087.1595,24
7991,18355.2536,1381.3344,964.8988,16009.0204,1038.4214000000002,24
8757,18350.7765,1112.1232,815.3704,16423.282900000002,1105.4904000000001,24
4541,18346.9217,1519.6838,1505.8551,15321.3828,1121.6899,24
4127,18340.6833,1733.8083,1314.6411,15292.2339,1135.9484,24
8084,18332.0024,1094.3691,1035.6992,16201.9341,1412.8018,24
6579,18329.6695,1145.5806,821.4205,16362.6684,1075.0299,24
7364,18304.8835,1370.6629,1479.9791,15454.2415,1168.2501000000002,24
4236,18298.5954,2162.5341,818.9093,15317.152,1497.679,24
3672,18235.9581,1231.1621,934.5045,16070.291500000001,1571.0887,24
6444,18233.2739,1426.9779,1462.5714,15343.7246,1265.0800000000002,24
7378,18186.0136,1339.8663000000001,1112.4532,15733.6941,1010.7649999999999,24
4679,18185.2377,1231.1231,1222.7621,15731.3525,1115.2625,24
7986,18179.7451,1909.0745,1182.1555,15088.5151,1498.3077999999998,24
9057,18175.6606,1265.96,1010.6046,15899.096,1062.4508999999998,24
1757,18143.7676,1473.672,1453.8337000000001,15216.2619,2057.7176,24
6653,18142.365,1672.2723,1278.5953,15191.4974,1012.1967000000001,24
7565,18130.0436,1224.1228,890.5275,16015.3933,972.7769000000001,24
5277,18120.658199999998,742.511,549.3752,16828.772,1155.3013999999998,24
4989,18114.2225,2126.5008,1609.8478,14377.873899999999,1482.6972999999998,24
3734,18113.6613,1362.1117,1095.5225,15656.0271,1050.3489,24
4329,18112.7082,1330.6315,1243.8825,15538.1942,1586.8032999999998,24
5846,18104.4198,1310.0445,1099.8668,15694.5085,1025.0977,24
9476,18099.2127,966.8018,856.7058,16275.705100000001,2131.9979000000003,24
4246,18097.4882,1612.0492,1310.4893,15174.9497,1033.1722,24
5090,18086.6173,2179.4663,1717.8717,14189.2793,1425.5175,24
7469,18060.8491,1255.8809,829.4236000000001,15975.544600000001,1071.5219000000002,24
9560,18038.2608,1500.1177,992.1248,15546.0183,1001.4714999999999,24
9561,18038.2608,1500.1177,992.1248,15546.0183,1001.4714999999999,24
9460,18038.2608,1500.1177,992.1248,15546.0183,1001.4714999999999,24
9562,18038.2608,1500.1177,992.1248,15546.0183,1001.4714999999999,24
6553,18037.8169,1668.0417,1266.0476,15103.7276,1056.0147,24
8478,18033.9242,1511.3259,1227.4325,15295.1658,1074.0938,24
5275,18033.4013,1490.2837,1099.3362,15443.7814,1029.403,24
6867,18033.3181,1337.4286,1229.3752,15466.5143,959.4272,24
8976,18032.1889,1352.4404,1137.8602,15541.8883,1204.3381,24
9661,18025.9434,1497.2863,990.3154000000001,15538.341699999999,1000.5880999999998,24
9461,18016.5641,1502.2857999999999,991.3982,15522.8801,1000.4787,24
7373,17999.3491,1131.2699,1024.6196,15843.4596,1518.1917000000003,24
7365,17988.0421,1283.285,1274.0882,15430.6689,1012.4685000000001,24
9568,17987.363400000002,1795.8046,1467.5399,14724.018900000001,1110.3291,24
9252,17986.4929,1036.1926,738.1109,16212.1894,1006.8924999999999,24
7643,17985.882,1816.9575,1813.897,14355.0275,1248.5040999999999,24
9584,17971.9827,1247.0717,981.5953,15743.3157,1150.7787,24
6879,17969.9304,939.2552000000001,836.4696,16194.205600000001,1007.2788,24
6652,17933.863699999998,1477.9228,1171.9596999999999,15283.9812,1085.3768,24
8670,17929.8216,1107.3241,874.5004,15947.9971,1062.8709,24
7571,17907.039099999998,1330.0017,888.549,15688.4884,1176.6126,24
3648,17895.2505,1689.6255,1255.0558,14950.5692,991.6248,24
3654,17871.4279,1411.0831,1210.9168,15249.428,992.1777999999999,24
9662,17868.410499999998,1474.5807,975.0848,15418.745,990.4186,24
8052,17867.9759,1440.9718,1187.7717,15239.232399999999,1086.9576,24
3435,17855.4987,1442.4814,1165.8612,15247.1561,971.3357,24
7988,17852.8982,1497.43,1041.9746,15313.4936,1103.4053,24
4540,17841.3783,1555.7108,1449.5549,14836.1126,1109.6513,24
3337,17833.9497,1170.7835,878.4141,15784.7521,1167.2099,24
7358,17824.665699999998,1680.0703,1850.1341,14294.461299999999,1173.4989,24
7479,17797.8235,1248.8227,1131.6634999999999,15417.3373,1085.4399,24
8856,17789.6395,1116.4754,821.1027,15852.0614,1153.1808,24
4769,17770.5898,1877.3678,2059.0769,13834.1451,977.6143,24
6794,17766.809,1000.1969,715.8512000000001,16050.760900000001,1015.3731,24
7542,17761.613699999998,1230.8413,1378.8671,15151.9053,1541.6051,24
7570,17739.9374,1226.5891,934.6386,15578.7097,1067.4819,24
4064,17723.055800000002,1356.366,1027.8973,15338.7925,1013.4454000000001,24
7470,17710.3666,1197.2366,892.8914000000001,15620.2386,1227.4770999999998,24
5947,17705.7857,1074.8495,878.6774,15752.2588,1311.733,24
8851,17692.6782,1004.1725,759.2342,15929.2715,1049.5552,24
3434,17672.9423,1435.4941000000001,1161.7061,15075.7421,954.6259,24
3334,17672.9423,1435.4941000000001,1161.7061,15075.7421,954.6259,24
9175,17664.3136,1336.5171,1120.1374,15207.6591,1308.0484,24
8186,17662.069,1458.459,1223.1904,14980.4196,1321.8735000000001,24
1584,17648.2661,674.6846,646.3901,16327.1914,2475.2187999999996,24
7074,17638.9941,1121.1274,1018.3725999999999,15499.4941,1070.1451,24
3737,17608.8621,1545.7236,1029.4027,15033.7358,982.0095,24
4244,17597.3145,1407.7495999999999,957.3322000000001,15232.2327,1088.0981000000002,24
8291,17575.8776,1308.84,982.9904,15284.0472,1199.4226,24
7306,17553.4049,8177.7645,603.8466,8771.7938,1041.8689,24
3553,17542.9277,1233.549,1163.8861,15145.4926,1048.7692000000002,24
5038,17534.0634,1089.8969,957.6179,15486.5486,949.7018,24
9271,17463.0851,2052.1908,1802.7987,13608.0956,1108.1069,24
3873,17445.0084,982.9783,625.1039999999999,15836.9261,1729.1063,24
8656,17433.5835,1020.1546999999999,889.5228,15523.906,1101.7176,24
7670,17431.5569,1186.4338,1031.0226,15214.1005,1035.2142999999999,24
7239,17431.1182,1208.4911,1217.1675,15005.4596,1143.5281,24
6768,17423.0361,1349.3826,1102.6885,14970.965,1104.0229,24
7645,17419.0424,1765.0842,1878.8458,13775.1124,1360.1043,24
5878,17397.8509,1286.9172,1131.5988,14979.3349,1281.2779,24
1857,17372.7913,1370.8811,1382.4224,14619.4878,1956.7383,24
4440,17366.0192,1463.2644,1465.5457000000001,14437.2091,1060.9871,24
8751,17356.4614,1092.6559,747.3706,15516.4349,1171.9231,24
9577,17353.1269,887.6841000000001,858.3614,15607.081400000001,1962.5629999999999,24
9360,17351.5594,1376.0496,926.0272,15049.4826,953.0814000000001,24
9985,17349.248199999998,854.6435,632.8428,15861.7619,1058.8676,24
7592,17320.6979,1527.2011,1298.3247,14495.1721,1058.1964,24
3253,17313.601,1124.2871,901.3403,15287.973600000001,1035.7689,24
7370,17310.2028,1128.1109,879.8553,15302.2366,1248.6155999999999,24
4029,17306.0109,1417.3785,1238.6019,14650.0305,1249.3692,24
3861,17300.299899999998,1293.4233,1084.3883,14922.488299999999,998.1463,24
4726,17288.554200000002,1489.5078,1469.546,14329.5004,1099.8646,24
9170,17280.8098,1783.864,1473.2158,14023.73,1511.4235,24
7852,17275.2592,977.3406,1113.7109,15184.207699999999,1019.7774000000001,24
4878,17261.2991,1284.7866,905.2931,15071.2194,933.6093999999999,24
5378,17250.8733,638.5829,462.0381,16150.2523,1100.9105,24
9361,17233.8528,1410.7075,937.9687,14885.1766,950.3209999999999,24
1247,17230.8436,1262.5446,1134.855,14833.444,1006.7456999999999,24
6576,17210.1961,935.091,709.7538,15565.3513,1062.9405,24
4144,17205.268500000002,1393.2603,939.5039,14872.5043,1071.116,24
1654,17192.8583,1429.4392,1306.361,14457.0581,1761.8083000000001,24
4173,17147.421599999998,1074.5257,912.9227999999999,15159.9731,944.7415999999998,24
6354,17139.178,1560.2764,1388.2379,14190.6637,952.5816,24
6356,17135.9771,1681.922,952.7423,14501.3128,1062.988,24
8752,17122.9472,1052.6390999999999,739.3674,15330.9407,1152.2816,24
3554,17111.8251,1388.2143,1207.7966,14515.8142,1056.3083000000001,24
8088,17107.7663,1300.4026000000001,1005.8081000000001,14801.5556,1018.8775,24
9171,17096.2697,1733.3126,1530.0477,13832.9094,1400.3423,24
5374,17091.238400000002,1642.2148,1675.7385,13773.285100000001,1000.5988,24
7970,17072.0557,1052.6553,783.6976,15235.702800000001,1590.0422999999998,24
3333,17068.085900000002,1279.8545000000001,1008.3816,14779.8498,1297.6579000000002,24
7275,17036.7709,1246.2832,993.7088,14796.7789,1067.6389,24
8173,17026.1273,983.2133,1175.7874,14867.126600000001,1077.0495,24
4361,17023.4649,1078.1798000000001,859.0033,15086.281799999999,1341.5546,24
3752,17022.5326,1222.3171,1212.2835,14587.932,1059.7482,24
6378,17019.3376,1128.4649,818.5245,15072.3482,1000.6134,24
7342,17007.3925,1254.742,1338.2932,14414.3573,956.3148,24
9366,17002.9806,1608.2092,1244.9155,14149.8559,1056.7586999999999,24
4779,17002.2595,1141.0677,964.0827,14897.1091,980.7826000000001,24
3950,16999.2177,1442.8522,1361.6728,14194.6927,997.8648000000001,24
4339,16991.4728,1939.79,1894.7341000000001,13156.948699999999,1046.9021,24
9462,16942.8218,1515.8646,930.7937,14496.1635,944.1125999999999,24
9553,16928.7692,1026.6977,638.5309,15263.5406,998.3834,24
6769,16928.2843,1284.3523,1009.9115,14634.0205,1072.9587000000001,24
8172,16913.4581,1249.1156,1194.6817,14469.6608,1242.2752999999998,24
3874,16907.99,954.8831,611.1952,15341.9117,1205.568,24
9194,16906.5183,862.3591,658.8444,15385.3148,1046.8137000000002,24
7665,16904.5017,933.0785,898.119,15073.3042,1069.6378,24
6952,16877.3362,1561.8109,1327.5,13988.0253,1035.6591999999998,24
8919,16856.2161,706.927,463.64750000000004,15685.6416,920.299,24
6467,16854.3887,2054.8775,1621.455,13178.0562,1034.0451,24
3875,16853.057,1579.2777,803.8102,14469.9691,1311.7685,24
8073,16852.7933,918.5305,1164.185,14770.0778,1067.4279999999999,24
9195,16848.4173,858.1279999999999,655.0792,15335.2101,1043.6105,24
8719,16844.6032,707.8724,462.24850000000004,15674.4823,919.3717,24
8720,16844.6032,707.8724,462.24850000000004,15674.4823,919.3717,24
8621,16844.6032,707.8724,462.24850000000004,15674.4823,919.3717,24
8819,16844.6032,707.8724,462.24850000000004,15674.4823,919.3717,24
8721,16839.368,707.4113,462.0787,15669.878,919.1836000000001,24
7046,16822.9954,1170.128,1026.4124,14626.455,988.3774999999999,24
3753,16821.9976,1201.4754,1169.0278,14451.4944,1144.3841000000002,24
8390,16818.899400000002,1348.2744,1103.1793,14367.4457,1293.2971000000002,24
9073,16817.6342,1410.5148,1371.1054,14036.014,1190.6872,24
9173,16812.4546,1539.109,1470.4453,13802.900300000001,1156.2348,24
3653,16804.6648,1199.5509,1164.4619,14440.652,1164.4323,24
4766,16804.2809,2312.1,1577.4986999999999,12914.6822,1141.7563,24
9295,16796.9343,867.086,652.3435000000001,15277.5048,1044.8486000000003,24
7258,16791.7065,1055.177,1427.9664,14308.5631,1228.4755,24
4930,16789.1136,896.9426,852.7585,15039.4125,1109.8175999999999,24
9172,16757.8559,1515.2494000000002,1465.7197,13776.8868,1138.0652,24
8490,16755.4835,1340.1271,1088.6956,14326.6608,1344.7714,24
7562,16750.15,1093.8988,928.9236999999999,14727.3275,999.7587,24
8290,16749.3762,1333.6187,1119.9042,14295.8533,1216.6390000000001,24
8391,16746.5325,1334.7245,1085.8883,14325.9197,1343.6465,24
3867,16736.3979,1690.2152,1330.5359,13715.6468,1050.1925,24
7762,16726.8695,1229.0245,1031.1988,14466.646200000001,1024.4396000000002,24
8153,16722.351,1233.3546000000001,1048.1538,14440.8426,1030.4903,24
9377,16721.1576,887.1036,871.3052,14962.7488,1862.7942,24
8561,16703.8566,1887.0268,1459.0248,13357.805,991.1093999999999,24
8491,16687.3628,1321.9325,1074.2488,14291.181499999999,1338.4403,24
6945,16673.613,1184.8784,1022.0391,14466.6955,970.1427000000001,24
4966,16672.168700000002,1903.7404,2609.7187,12158.7096,1118.5832,24
3647,16670.748199999998,1557.7505999999998,1145.4306,13967.567,928.4859,24
4151,16670.5294,1299.9653,1078.5621,14292.002,975.3307,24
7266,16647.285,1036.8586,1005.4617,14604.9647,1169.6431,24
4727,16629.6614,1474.2563,1460.1907,13695.2144,1062.7986,24
3652,16627.7783,1190.2532,1156.0338,14281.4913,1147.4472,24
4028,16623.1051,1753.29,1292.4042,13577.410899999999,1060.5608,24
8289,16620.6981,1317.0703,1107.9556,14195.6722,1246.5995,24
7045,16620.6099,1150.1413,1013.3801,14457.0885,971.0942,24
7541,16613.8292,1079.9491,1231.387,14302.4931,1620.2113,24
7867,16596.3612,1253.0708,982.2733,14361.017100000001,1260.634,24
347,16583.7535,675.5996,487.2127,15420.941200000001,862.1224000000001,24
7540,16580.4866,1061.3581,1262.8044,14256.3241,1589.9722,24
3952,16579.5459,1073.4462,1044.3874,14461.712300000001,855.7813000000001,24
6586,16559.906600000002,1000.3431,756.2857,14803.2778,1014.1414,24
3335,16558.783499999998,1391.3855,1109.996,14057.402,889.3747999999999,24
6845,16535.0972,1437.1214,1183.7634,13914.2124,1076.7634,24
9149,16527.4834,998.5765,811.0771,14717.829800000001,898.7082999999999,24
8175,16495.3382,1463.1562,1129.2731,13902.9089,889.5539,24
3865,16480.7904,1034.8796,911.1954,14534.715400000001,1023.481,24
8389,16475.8633,1363.9128,1141.7203,13970.2302,1073.7475,24
7361,16471.4894,1281.3332,1326.7365,13863.4197,1020.2709,24
6577,16452.3442,931.9833,678.6372,14841.7237,928.0439,24
9371,16431.482200000002,1910.8057,1586.5749,12934.1016,959.4525000000001,24
4990,16425.3521,1999.671,1248.3656,13177.3155,1350.9984,24
9887,16417.7383,998.0677,722.6493,14697.0213,932.5937,24
6147,16400.4916,895.8565,960.3469,14544.288199999999,1028.2186,24
8188,16396.6482,1330.4778,1107.7924,13958.378,1143.8790000000001,24
8872,16392.5501,1315.6848,1123.5185999999999,13953.3467,1030.2289,24
7360,16385.8571,1091.1654,1337.3805,13957.3112,1053.4544,24
8859,16378.0567,1163.2781,1029.6213,14185.157299999999,1293.4525999999998,24
8973,16377.6155,1461.0053,1418.6649,13497.9453,1128.5397,24
9650,16376.7389,968.3218,623.2633,14785.1538,948.3772,24
8820,16342.4115,680.3913,447.1223,15214.8979,895.3498999999999,24
7663,16328.735,1036.8764,906.2563,14385.6023,961.5948,24
3454,16321.5376,1284.3606,1053.632,13983.545,887.9982,24
7854,16302.7588,767.7746,1205.6531,14329.3311,927.3933999999999,24
9660,16300.7787,1246.729,841.6158,14212.4339,900.8559,24
7886,16298.9112,2085.9012000000002,837.6083,13375.4017,1487.8582999999999,24
7367,16298.1622,1109.7312,758.6449,14429.7861,1062.941,24
6585,16297.8074,999.5006,751.7081000000001,14546.5987,1005.3114,24
6686,16278.726,999.1468,751.3762,14528.203,1004.0944,24
6256,16278.6152,1215.8339,1001.5998,14061.181499999999,915.6503999999999,24
8920,16277.5775,690.7382,469.3659,15117.4734,887.8331000000001,24
6951,16266.7118,1440.4286,1200.2474,13626.0358,1051.4017000000001,24
5030,16263.7973,876.9970999999999,834.1034,14552.6968,1072.7195,24
1147,16254.6722,1231.0710000000001,1125.6458,13897.9554,950.0722000000001,24
8072,16211.4192,1202.351,1196.6776,13812.3906,1205.9254,24
4929,16209.2713,1002.6825,965.8139,14240.7749,1048.1453000000001,24
3637,16201.4199,1272.6662000000001,946.0450999999999,13982.7086,1012.1959,24
8185,16179.454999999998,1220.423,1031.6974,13927.334599999998,1191.8226999999997,24
4872,16157.365899999999,970.836,907.7915,14278.7384,958.2386,24
6866,16150.4437,1274.2461,1159.5353,13716.6623,841.4552,24
4378,16149.8932,2501.3419,1117.1438,12531.4075,1350.9386000000002,24
3660,16136.274,3302.0136,943.0119,11891.2485,912.8146,24
4738,16129.4341,1483.3128,1506.9246,13139.1967,1225.6237,24
8935,16102.9442,1371.9449,849.291,13881.7083,1007.0763999999999,24
9986,16094.2618,750.7976,552.9539,14790.5103,908.0038999999999,24
5763,16084.4803,1095.9447,1240.765,13747.7706,1201.8102000000001,24
7277,16073.4876,1239.9607,1019.3244,13814.2025,980.0964000000001,24
6044,16068.6328,908.5582,849.4333,14310.6413,1742.2776999999999,24
3928,16068.5532,1363.9492,1118.2812,13586.3228,1071.4639,24
7389,16056.0583,2266.4497,887.1556,12902.453,1017.7048000000001,24
9168,16053.529700000001,1233.1152,1019.0464,13801.3681,982.6278000000001,24
3538,16039.7876,941.9732,700.4671999999999,14397.3472,1085.9075,24
4572,16038.2737,1866.2944,2399.3341,11772.645199999999,940.2857999999999,24
9157,16028.9364,1142.8479,870.5659,14015.5226,945.0545000000001,24
7641,16028.8678,1082.0907,1191.4825,13755.294600000001,1497.9553999999998,24
4678,16026.8745,1054.163,977.5412,13995.1703,1074.7993,24
7270,16025.055,1073.8927,914.3541,14036.8082,952.6088,24
7954,16021.4873,1066.7978,1118.0325,13836.657,985.7716,24
7887,16019.465,1999.3577,777.0502,13243.0571,1757.3197,24
8758,16007.647,1223.6082,972.23,13811.8088,1021.2743,24
5175,15990.2935,1528.5608,1280.4331,13181.2996,776.9177,24
3657,15990.1473,971.3398,697.408,14321.3995,949.4828,24
7384,15985.402900000001,1322.6281,1113.7996,13548.9752,1138.0338,24
8619,15976.708499999999,641.6522,419.1342,14915.9221,914.8475,24
6244,15970.9762,1142.1574,1069.2692,13759.5496,1737.5529,24
8489,15964.6392,1374.5623,1107.9538,13482.123099999999,1215.4326999999998,24
7556,15960.7873,815.4125,896.9363999999999,14248.438400000001,1151.4669,24
6047,15960.785,927.7957,963.8474,14069.1419,942.0581999999999,24
8663,15919.999,1111.3747,976.6521,13831.9722,963.6662,24
4928,15906.8154,1442.0764,1428.424,13036.315,996.2644,24
1051,15901.9787,1011.7601,1059.6428,13830.5758,1051.3381,24
7081,15899.3534,794.6494,629.2423,14475.4617,987.8033,24
7070,15894.0629,1097.1641,1151.2048,13645.694,869.6394,24
8620,15868.5848,666.8317,435.525,14766.2281,875.9156,24
5437,15857.1517,1688.7527,1824.6624,12343.7366,1452.9208999999998,24
5541,15855.699700000001,1502.3622,1373.6865,12979.651,995.3670999999999,24
7369,15841.740300000001,988.2464,763.4277999999999,14090.0661,1086.7766,24
7273,15828.1603,1323.349,935.5817,13569.2296,1178.4568,24
4828,15827.2013,1330.7173,1318.5631,13177.9209,1027.3427,24
9550,15820.878,964.4947,631.8604,14224.5229,914.9979000000001,24
5139,15815.8741,1120.1036,1290.7897,13404.9808,946.1144999999999,24
4142,15805.393,1157.9448,956.3883000000001,13691.0599,923.834,24
8886,15760.0354,1070.0957,770.6234000000001,13919.3163,987.6105,24
7377,15755.9704,1185.7375,950.0267,13620.2062,1027.8847,24
9450,15749.663700000001,948.1498,613.1058,14188.4081,911.7225,24
8560,15742.2263,1380.9285,1188.0957,13173.2021,1173.3152,24
7261,15727.6003,1194.3071,1256.4044,13276.888799999999,949.3983999999999,24
8885,15725.9234,1060.3142,763.1756,13902.4336,986.5955000000001,24
4030,15714.391,1269.1434,1151.0182,13294.2294,1133.8381,24
4145,15707.802099999999,1413.7441,1055.847,13238.211,898.153,24
4139,15702.5992,1587.4943,1273.6159,12841.489,1016.4561,24
5091,15698.057499999999,2035.0314,1610.1819,12052.8442,1230.3701999999998,24
7765,15695.9233,848.1265,871.7209,13976.0759,928.8462000000001,24
9052,15695.0605,955.1897,733.2626,14006.6082,884.7912,24
7359,15689.1126,1066.5301,1356.0682,13266.5143,1049.7557000000002,24
3836,15664.772,1347.5814,963.202,13353.9886,916.9691,24
7545,15658.9961,2123.2271,2263.1751,11272.5939,944.1765,24
9885,15651.8678,1121.4948,845.7134,13684.659599999999,912.5125,24
4047,15650.8249,1240.384,835.6777000000001,13574.7632,930.6854000000001,24
8759,15647.6547,1410.6642,1198.5067,13038.4838,1075.2921,24
7973,15641.337300000001,823.6926,1017.2674,13800.3773,966.8037,24
8761,15639.152399999999,1204.7605,1019.5955,13414.7964,923.4440999999999,24
3549,15629.8397,1450.9901,1067.43,13111.419600000001,855.9175,24
1150,15620.3654,1411.5944,1290.1544,12918.6166,969.5628,24
3927,15606.2128,1237.5674,1026.9624999999999,13341.6829,1065.5217,24
9396,15592.2027,948.998,698.1373,13945.0674,944.1366,24
8071,15592.0623,1183.6354000000001,1139.7847,13268.6422,1207.5612999999998,24
7985,15590.2847,2016.0853,1153.0782,12421.121200000001,973.5744000000001,24
7757,15584.3326,984.5079000000001,943.3811,13656.4436,831.9647,24
4129,15569.8595,1342.8364000000001,1255.6906,12971.3325,1475.0593,24
6154,15568.0733,1237.5025,1218.5728,13111.998,1010.2820999999999,24
7356,15560.9814,971.4754,1055.8849,13533.6211,1030.3887,24
9294,15557.8618,815.5198,613.8241,14128.5179,968.8,24
8578,15543.4887,1255.2060000000001,860.7593,13427.5234,1039.6888,24
3385,15533.538,1113.6178,674.854,13745.0662,957.4418,24
3285,15533.3415,1113.4985,674.8115,13745.031500000001,957.4328,24
6964,15533.2989,1204.3500999999999,1042.7526,13286.1962,939.3231,24
8174,15532.8913,948.1221,1098.4765,13486.2927,899.9549999999999,24
8288,15531.2198,1342.6480999999999,1138.0991,13050.472600000001,1102.2060000000001,24
7181,15518.7003,850.2385,804.8398,13863.622,1080.0639999999999,24
9395,15498.9475,827.1134,615.7923999999999,14056.0417,964.7707,24
8792,15484.5089,1011.9847,711.7822,13760.742,1073.0215,24
9984,15477.0826,753.6165,533.557,14189.9091,1111.8718,24
8559,15456.063900000001,1437.2281,1237.8223,12781.013500000001,1086.7514,24
3876,15453.8629,1545.8866,728.0691,13179.9072,1266.1958,24
951,15452.4164,984.1681,1023.3253,13444.923,985.9643000000001,24
3768,15435.2466,1309.0526,1207.604,12918.59,1016.2522,24
6695,15433.7391,895.5486,657.0494,13881.1411,863.0539,24
8660,15433.3953,1605.7157,1322.8521,12504.8275,1004.6267,24
5664,15428.2014,2176.8768,2107.8923999999997,11143.432200000001,949.998,24
7965,15410.1614,918.4273,706.8636,13784.8705,969.003,24
4050,15405.4091,1458.6213,1387.8894,12558.8984,867.4955,24
4873,15386.9494,855.9915,939.3368,13591.6211,894.453,24
3929,15386.1176,1299.5629,1126.3401,12960.2146,1115.3313,24
1754,15369.221300000001,1294.9428,1133.6811,12940.5974,1482.6698000000001,24
3761,15366.413,1062.0103,936.0475,13368.3552,817.3325,24
8011,15353.6891,1088.9612,955.4947999999999,13309.2331,958.9658999999999,24
9072,15350.5882,1347.2222,1347.7901,12655.5759,1084.3378,24
3332,15344.8893,929.0398,694.3804,13721.4691,1391.6448,24
8086,15323.3598,1385.9915,1119.8772,12817.4911,985.4437,24
1052,15316.5059,977.3041000000001,1013.1525,13326.049299999999,966.2361000000001,24
7552,15316.0779,1079.2428,1048.8803,13187.9548,908.8207,24
7459,15269.0465,968.542,880.1157,13420.3888,913.1757,24
9350,15266.7807,906.866,592.2143,13767.7004,878.9342,24
8392,15247.9749,1140.2921999999999,943.7286,13163.954099999999,1195.3890000000001,24
3765,15239.2765,1032.5176,879.7988,13326.9601,942.6166,24
4639,15207.822,1769.9207000000001,1161.9467,12275.954600000001,1070.1935,24
8821,15204.776600000001,639.3341,424.5679,14140.874600000001,841.5262000000001,24
4136,15173.3377,877.274,727.1501,13568.9136,1043.9044999999999,24
7593,15171.081,1401.8705,1211.6314,12557.579099999999,915.6108999999999,24
9397,15129.2037,957.1297,692.4930999999999,13479.5809,947.6147000000001,24
3219,15121.4254,983.749,783.5808999999999,13354.0955,833.108,24
4143,15115.7135,1169.6411,907.3824,13038.69,910.2417000000002,24
3234,15104.0008,1320.2454,1037.2963,12746.4591,805.1607999999999,24
4640,15101.22,1770.5565,1138.2502,12192.4133,1070.0311,24
4238,15096.9034,1366.5474,1223.4276,12506.928399999999,992.6500000000001,24
9258,15095.8491,994.4562000000001,805.5924,13295.8005,852.3439,24
7671,15094.9794,1188.068,1081.5677,12825.3437,865.3862999999999,24
3555,15092.4876,1118.0681,984.7614,12989.6581,967.5013000000001,24
7580,15088.2182,1126.4375,982.8726,12978.9081,860.3149999999999,24
4978,15086.0284,1125.7618,777.1014,13183.1652,817.5998999999999,24
7691,15078.9617,1093.3949,890.7464,13094.820399999999,878.1483,24
5379,15078.2575,675.3664,535.7879,13867.103200000001,1130.5844,24
7260,15071.3487,958.8618,1257.4212,12855.0657,1085.4764,24
9475,15069.1172,854.6785,681.4681,13532.9706,1588.652,24
4638,15065.0559,1454.5809,1360.2288,12250.2462,1038.5495,24
7853,15064.3171,775.1052999999999,1168.6693,13120.5425,861.5689,24
9987,15063.145199999999,686.766,513.8557,13862.5235,863.3616999999999,24
4740,15027.836,1411.0561,1123.3372,12493.4427,898.7420999999999,24
7763,15020.8308,1030.0906,951.632,13039.1082,867.6022,24
7172,15000.7049,1408.0538,986.8865000000001,12605.7646,987.3917,24
6846,14997.8747,1413.6069,1273.2218,12311.046,900.2394999999999,24
8818,14983.0687,645.2927,419.10339999999997,13918.6726,824.7276999999999,24
1555,14982.4671,1173.1663,1177.9445,12631.3563,1576.3245000000002,24
8636,14966.1733,1477.6565,824.6271,12663.8897,863.262,24
6765,14964.8566,1422.1786,979.8569,12562.821100000001,867.5161,24
7589,14936.0838,2855.9054,1005.6376,11074.5408,817.4388,24
9886,14935.056199999999,1167.6731,827.2968999999999,12940.0862,935.4612999999999,24
8180,14922.260400000001,1097.8111000000001,887.7766,12936.672700000001,834.2314,24
6255,14918.3719,1390.4282,1275.4312,12252.5125,1164.3959,24
7955,14917.0618,911.7107,1068.3372,12937.0139,918.4848000000001,24
8659,14905.8567,1498.7269,1261.4735,12145.6563,1038.093,24
7154,14900.8672,644.6474000000001,938.0823,13318.1375,1135.6861000000001,24
9497,14890.0422,924.3556,674.569,13291.1176,909.9524000000001,24
6254,14881.2356,1267.7981,1195.0282,12418.4093,977.1804000000001,24
8739,14877.941,1108.1712,555.7916,13213.978200000001,884.2069,24
8080,14871.7052,1170.2176,936.4774,12765.010199999999,878.1487000000001,24
5775,14867.7061,1167.7493,709.3655,12990.5913,1001.1304,24
8287,14846.2395,1369.2998,1126.7472,12350.1925,966.5301999999999,24
3827,14838.0242,1196.0799,1014.1311000000001,12627.8132,1010.9248,24
7044,14809.0102,974.8607999999999,883.464,12950.6854,1092.9048,24
3386,14808.946899999999,1068.7486,649.1422,13091.0561,909.5806,24
9979,14801.0329,778.4945,556.7018,13465.8366,870.2031000000001,24
7464,14796.2413,833.4567,786.4234,13176.3612,884.8663999999999,24
5364,14780.0268,1067.5997,1308.466,12403.9611,1117.0965,24
4041,14766.657500000001,1217.1587,1217.4002,12332.0986,969.0826999999999,24
3762,14763.1841,911.7709,792.0055,13059.4077,795.0242000000001,24
5167,14724.7915,1585.6618,2091.221,11047.9087,923.7112,24
4146,14718.6701,1242.8322,940.971,12534.8669,1077.7948000000001,24
6454,14713.8697,1433.9857,1193.3363,12086.5477,832.2018,24
6344,14712.12,1296.9485,1323.3755999999998,12091.795900000001,1071.3217,24
7890,14711.9937,1087.0048,818.4927,12806.4962,880.8409,24
7441,14704.275300000001,1159.624,1279.1937,12265.4576,989.574,24
5380,14697.0907,675.3917,548.5507,13473.1483,1198.0665,24
3352,14682.2745,1021.1514,956.9026,12704.2205,776.1741999999999,24
4280,14681.869999999999,1145.2418,957.8779,12578.7503,885.5357,24
5031,14680.8305,901.9939,829.1779,12949.6587,916.9283,24
7374,14674.6668,991.7121,807.3317000000001,12875.623,1378.1561000000002,24
5381,14673.700100000002,672.6064,546.9649,13454.1288,1195.1973,24
8953,14669.748899999999,931.9036,735.4232000000001,13002.4221,863.706,24
8519,14662.479800000001,571.7187,377.2385,13713.5226,862.3062,24
7966,14659.0348,878.7242,713.1255,13067.1851,885.5826000000001,24
6865,14656.4479,1198.9676,1026.1073,12431.373,844.8574,24
3236,14655.548400000001,1268.8242,982.4626999999999,12404.2615,822.6109000000001,24
9080,14654.9687,832.2428,761.1278,13061.5981,1916.2944000000002,24
4830,14638.7852,808.6993,764.2874,13065.7985,943.9177,24
6981,14635.8866,769.7844,652.7538,13213.3484,923.5512,24
7385,14628.8056,891.0547,767.5522,12970.1987,955.6534000000001,24
4829,14627.517899999999,842.3256,817.4562,12967.7361,936.0990999999999,24
7040,14614.7546,929.7511,799.5796,12885.4239,1001.2638,24
8635,14609.454600000001,1450.016,895.2165,12264.2221,843.7428000000001,24
3354,14608.5798,1063.0928,848.7207999999999,12696.7662,781.2347,24
7453,14606.7525,848.7104,981.8765,12776.1656,928.205,24
7557,14602.5436,824.4209,839.6674,12938.4553,957.4495,24
9081,14588.784,824.1066,761.4385,13003.2389,1909.7844999999998,24
8459,14585.769,1204.7959,1070.4247,12310.5484,1088.6585,24
9181,14577.416000000001,809.4533,751.5328000000001,13016.429900000001,1837.9321,24
3548,14575.7546,1306.4771,1000.0291,12269.2484,809.1993,24
1152,14555.003200000001,937.7844,969.1003,12648.1185,968.7502,24
8638,14546.4215,1392.5045,647.1805,12506.736499999999,849.2941,24
8460,14535.8878,1098.8887,996.9263,12440.0728,1116.5754,24
7865,14532.393900000001,735.7105,746.9361,13049.7473,894.7994,24
5480,14527.6689,676.7136,549.5091,13301.4462,1185.4499999999998,24
3671,14522.546699999999,1276.0448999999999,1220.321,12026.1808,863.4167,24
4277,14520.1126,2401.0171,1083.0103000000001,11036.0852,1021.9324999999999,24
3235,14516.3941,1310.5312,1015.2072000000001,12190.6557,808.4287999999999,24
6965,14512.891,1112.9617,1020.2409,12379.688400000001,909.2697000000001,24
952,14507.9877,927.4123000000001,947.6897,12632.8857,930.152,24
8836,14506.0592,1437.7702,706.7075,12361.5815,921.1387,24
7242,14499.374,941.0428,998.5211,12559.8101,965.9199,24
5737,14490.552,1903.3887,1115.5479,11471.6154,1397.1088,24
7256,14470.7053,1518.3766,1256.9515000000001,11695.3772,943.7989,24
9752,14468.4189,856.3497,607.4398,13004.6294,843.002,24
4130,14456.7903,1225.0763,1186.481,12045.233,1210.7393000000002,24
9598,14441.2507,827.0647,507.41610000000003,13106.7699,1420.8882,24
9698,14437.1893,826.4004,507.2769,13103.512,1420.2248,24
9180,14427.5411,771.7855999999999,721.3113,12934.4442,1713.0621,24
7243,14422.697100000001,931.5524,974.8955,12516.2492,952.5142,24
4979,14418.4813,1056.1134,719.1873,12643.1806,795.9471,24
7440,14398.3932,1175.7502,1279.4716,11943.1714,952.2774999999999,24
8735,14397.134,1460.973,882.0789,12054.0821,844.1614999999999,24
4739,14394.184,1369.9138,1170.2611,11854.009100000001,843.6412,24
7406,14377.3727,6176.7933,529.3416,7671.2378,846.9383,24
9082,14376.0574,814.9966000000001,754.1172,12806.9436,1873.0443,24
8177,14375.9526,1079.4443,828.094,12468.4143,957.7498,24
4879,14372.1734,1049.1767,718.855,12604.1417,794.2353,24
7140,14369.6522,921.3151,835.439,12612.8981,957.1684,24
7692,14362.6216,1326.6657,1131.987,11903.9689,777.4131,24
6896,14362.5518,808.4897,580.1922,12973.8699,795.5955,24
5166,14354.6685,1822.4875,1930.607,10601.574,842.5241,24
3664,14352.1135,886.7984,724.1850000000001,12741.1301,812.5264,24
7888,14349.279,1287.6998,885.0500999999999,12176.5291,1221.0824000000002,24
7563,14339.6725,768.7612,698.8678,12872.0435,871.5284,24
7143,14331.866,924.4427999999999,932.7234,12474.6998,856.1442999999999,24
9066,14330.6704,1125.3047,768.4548,12436.9109,998.2798,24
8892,14330.368,949.6387,679.6838,12701.0455,911.8875,24
7564,14312.9959,765.386,696.0203,12851.5896,869.9603,24
4328,14311.616899999999,1052.9017,1057.7377999999999,12200.9774,1089.8751,24
3438,14306.065,840.7488,599.3666999999999,12865.949499999999,932.7948,24
7145,14305.721,941.311,822.3901999999999,12542.0198,916.9122,24
7463,14292.703599999999,775.5659,708.604,12808.5337,865.0382999999999,24
6944,14286.3947,1065.8179,962.6996,12257.8772,829.7125,24
8918,14272.0492,630.4634,410.707,13230.8788,825.6233,24
4242,14269.3796,1145.7522999999999,900.878,12222.7493,833.1765,24
47,14257.8688,515.6616,370.3112,13371.896,742.2822,24
4667,14252.3361,1461.534,1594.9556,11195.8465,805.6663000000001,24
4728,14248.066799999999,1048.2515,1039.8601,12159.9552,957.5699999999999,24
4771,14245.459,1275.7467,1842.0407,11127.6716,833.0302,24
851,14243.1968,896.8203,911.8736,12434.5029,909.8368,24
7259,14230.4237,944.0337,1424.7602,11861.6298,1171.8330999999998,24
4763,14228.180699999999,1711.3418,2142.7392,10374.0997,1199.0028,24
3675,14214.7146,697.473,462.2712,13054.9704,1152.4332,24
9585,14209.5169,1011.8226999999999,795.4992,12402.195,900.0967,24
4278,14202.1828,2339.244,1065.7615,10797.1773,994.865,24
9160,14198.8586,996.9969,798.8108,12403.0509,785.5082000000001,24
8051,14192.362000000001,1259.6428,1013.8364,11918.8828,898.2839000000001,24
9019,14190.1465,645.5278,460.5106,13084.1081,771.2398000000001,24
9876,14163.4244,786.1206999999999,732.1946,12645.1091,1049.2232999999999,24
7462,14157.8842,1021.5754999999999,1006.3429,12129.9658,880.8061,24
8770,14150.9583,1016.4445000000001,938.7548,12195.759,837.8378,24
9376,14139.4774,938.1531,812.132,12389.1923,1309.4549,24
7478,14122.1223,1011.8770000000001,949.3314,12160.9139,844.946,24
9567,14119.3405,1654.0728,833.5122,11631.7555,844.9876999999999,24
9485,14119.07,776.0432,644.2537,12698.7731,1112.0826,24
7891,14118.0794,1009.227,775.9515,12332.9009,859.3256,24
8951,14114.4681,846.5472,693.7221,12574.1988,778.9544000000001,24
8740,14104.941,1059.9595,534.7357000000001,12510.2458,830.4377000000001,24
7791,14102.631300000001,1002.3429,773.1232,12327.1652,858.5291,24
7792,14080.103,990.3525,796.6658,12293.0847,845.1792999999999,24
3563,14070.0376,958.3675,653.9273,12457.7428,849.6698,24
7341,14056.9527,1159.1798000000001,1235.288,11662.4849,988.0060000000001,24
7144,14055.2108,903.8201,814.2762,12337.1145,1211.7997,24
6651,14054.499,981.9513000000001,857.4466,12215.1011,1196.0960999999998,24
4889,14036.8937,1596.8435,901.0656,11538.9846,1267.8808,24
7761,14032.8863,1063.1507,899.4027,12070.3329,847.5607,24
3254,14028.3531,1271.5164,920.3477,11836.489,806.3144000000001,24
9770,14024.047999999999,1016.646,777.0871,12230.3149,889.4898000000001,24
5847,14016.8917,938.0790000000001,776.7491,12302.0636,1027.3978,24
7244,14011.6811,903.5856,824.7257999999999,12283.3697,1134.3456999999999,24
9076,13996.6452,994.4401,943.9612,12058.2439,913.2591,24
3776,13994.3928,1049.6226,686.3569,12258.4133,1220.8374,24
9182,13994.235,806.1560000000001,741.0083,12447.0707,1793.0284000000001,24
4243,13989.6716,1109.2807,852.8224,12027.5685,913.0967,24
9169,13981.5483,1390.637,1157.6469,11433.2644,1135.0366,24
7790,13978.564,1020.2648,777.3987,12180.9005,845.0009,24
8012,13959.1139,986.6601,873.1487,12099.3051,818.784,24
7084,13958.4882,942.746,995.5099,12020.2323,966.6907,24
7892,13958.4609,937.1538,743.7773,12277.5298,851.8106,24
5663,13953.273,1044.8353,1372.1444000000001,11536.2933,792.0649999999999,24
3564,13943.6238,927.0115999999999,660.1021,12356.5101,836.5201000000001,24
7664,13937.0293,739.2497,700.4078,12497.3718,815.2185999999999,24
4230,13932.2523,1163.7203,1134.6639,11633.8681,1186.4654,24
3117,13928.5187,780.2553,632.5863,12515.677099999999,921.2545999999999,24
8181,13914.7832,1019.2488999999999,849.7748,12045.7595,835.2752,24
4637,13911.3449,1142.1608,1009.6166000000001,11759.567500000001,771.9979000000001,24
9771,13906.709,969.4802,750.7420000000001,12186.4868,924.7537,24
5779,13906.2808,732.3632,611.6948,12562.2228,844.9481000000001,24
9470,13903.5012,1723.9835,1504.5209,10674.9968,895.713,24
1346,13901.6314,752.7007,656.9462,12491.9845,835.9529,24
7363,13897.5881,1109.3988,1145.3118,11642.8775,900.0837,24
7480,13893.734400000001,1109.0348,969.1604,11815.5392,803.5344,24
9398,13890.336,933.5262,624.4927,12332.3171,877.4394,24
7746,13881.7399,962.0023,1068.0439,11851.6937,1469.9143,24
9070,13875.6262,1270.5635,1219.8672000000001,11385.1955,1004.789,24
8065,13875.5403,929.6195,612.9465,12332.9743,859.1329000000001,24
3930,13870.697,1166.3749,1039.3051,11665.017,920.1668,24
9296,13870.0343,805.0913,579.6705,12485.272500000001,819.4234,24
7041,13868.8012,1155.6663,1150.6791,11562.4558,949.9882,24
4629,13867.5195,860.5985000000001,816.3129,12190.6081,1075.4088,24
8977,13857.7858,1161.1049,920.1162,11776.5647,871.9951000000001,24
7039,13846.8303,794.5807,673.3904,12378.859199999999,968.8203000000001,24
5476,13843.4427,1114.0184,1090.1536,11639.270700000001,926.6243000000001,24
5464,13835.8582,1044.1803,1048.0493000000001,11743.6286,1079.2171,24
8639,13829.9909,1060.278,560.2896000000001,12209.4233,812.6338000000001,24
8738,13828.4472,1240.248,593.0353,11995.1639,804.8323,24
7551,13819.2482,731.095,959.4544999999999,12128.6987,788.9258,24
6654,13806.3447,1412.6863,1143.9271,11249.7313,780.9849,24
3663,13792.786,884.2025,719.7871,12188.7964,680.8447,24
3665,13790.7819,891.2096,726.2716,12173.3007,836.8771999999999,24
9699,13790.293099999999,798.025,489.0445,12503.2236,1323.6954999999998,24
6885,13767.6336,1353.1361,1407.8654,11006.6321,926.2782000000001,24
6687,13766.5067,876.9025,644.5894,12245.0148,802.7578,24
8755,13753.456699999999,950.1331,810.5706,11992.753,951.9870000000001,24
7142,13747.0811,909.4846,975.8786,11861.7179,866.5532000000001,24
4272,13745.106399999999,823.1587000000001,732.6516,12189.2961,824.8723,24
7138,13741.1575,759.1183000000001,648.9558,12333.0834,947.8915999999999,24
4737,13731.2807,1087.3912,1005.0981,11638.7914,809.6484,24
7139,13722.314900000001,725.3045,612.5966,12384.4138,971.9659000000001,24
8718,13722.0978,595.2246,387.3068,12739.5664,773.2877,24
2348,13721.1467,1087.2315,1412.8222,11221.092999999999,1916.5689000000002,24
7992,13717.3912,900.2444,678.1424,12139.0044,809.9366,24
7368,13696.6672,855.5568000000001,614.4762,12226.6342,942.2283,24
7262,13695.533599999999,1147.926,1188.2695999999999,11359.338,923.5754,24
7764,13687.7374,709.1444,722.7459,12255.847099999999,813.9527999999999,24
9559,13684.8625,995.9589,755.1491,11933.754500000001,753.4410999999999,24
7987,13684.8279,1288.2405,904.5488,11492.0386,1353.9568,24
9778,13676.7558,665.6459,440.8262,12570.2837,903.734,24
3638,13675.2521,1063.6602,867.3109999999999,11744.2809,970.4983000000002,24
7857,13670.458499999999,1004.6365,1073.2665,11592.555499999999,820.9179999999999,24
8187,13667.7724,1332.1368,1041.373,11294.2626,887.5106000000001,24
3769,13664.9264,1340.7142,1364.805,10959.4072,817.9948,24
7268,13657.2938,879.4104,675.1083,12102.7751,943.1472000000001,24
3866,13653.8028,1148.8746,1002.0398,11502.8884,719.2275999999999,24
3136,13650.4464,1004.8498000000001,737.4693,11908.1273,773.2183,24
3452,13649.986,1029.0889,991.5371,11629.36,724.6706,24
4043,13649.4002,1049.5932,877.2945,11722.5125,791.3143999999999,24
5234,13647.4018,1266.6094,1122.5831,11258.2093,853.6655000000001,24
7362,13631.7731,1139.1716,1179.6549,11312.9466,921.0818,24
9453,13622.7163,897.9606,559.9845,12164.7712,811.8348000000001,24
5747,13616.4854,1139.2439,796.1267,11681.1148,823.0559,24
8070,13613.3862,809.1083,770.2973000000001,12033.9806,1170.2557,24
8388,13610.8018,1257.6929,1105.849,11247.2599,1061.4934,24
7267,13610.0497,847.1449,681.7379,12081.1669,943.0037,24
7866,13609.2197,814.9655,715.8574,12078.3968,1150.8229000000001,24
4536,13604.1936,1446.4984,870.9630999999999,11286.732100000001,843.0976,24
5066,13590.5238,1612.037,1822.2454,10156.2414,855.2952,24
4174,13587.1828,1462.9044,791.6459,11332.6325,770.627,24
6650,13583.1423,707.2385,638.2289,12237.6749,1771.3108,24
2246,13573.0316,824.9327000000001,946.9906,11801.1083,1180.6681,24
3837,13567.3246,1288.0313999999998,1092.5701,11186.7231,788.649,24
3828,13565.196,1204.2955,1008.346,11352.5545,888.6066999999999,24
4052,13564.806,842.6993,754.1627,11967.944,811.4636,24
9777,13556.9346,664.1296,463.3173,12429.4877,883.0810000000001,24
3626,13554.5534,1162.4929,1241.6053,11150.4552,1365.1331,24
3036,13554.4076,1059.5974,737.9941,11756.8161,877.576,24
3119,13552.3664,815.8222000000001,684.3561,12052.1881,757.6615000000002,24
9272,13543.5108,1550.3318,1442.5413999999998,10550.6376,876.3668,24
3625,13534.4974,1114.8842,1161.2597,11258.3535,1398.9914999999999,24
8192,13525.1919,923.8213999999999,638.5073,11962.8632,880.5070000000001,24
8066,13524.004,902.2893,775.9881,11845.7266,838.5923,24
9884,13521.2452,897.6685,691.1023,11932.474400000001,803.4231,24
3727,13520.8693,1153.5493999999999,1048.2473,11319.0726,1058.7754,24
8652,13514.7395,784.6371,703.2411,12026.8613,1173.7049,24
6379,13514.2225,931.0225,707.297,11875.903,797.3561,24
8193,13512.8484,913.7317,635.0042,11964.1125,878.6689,24
7753,13501.2931,701.9847,1078.9374,11720.371,934.3796,24
8092,13500.1267,910.7782,633.2505,11956.098,877.6739000000001,24
8658,13497.8781,1213.4818,984.9584,11299.4379,845.6753000000001,24
3668,13485.9138,1203.7042999999999,1123.4223,11158.7872,876.1016999999999,24
8179,13479.118699999999,999.976,851.1272,11628.0155,826.8116,24
8791,13475.0862,890.5135,635.164,11949.4087,864.4019999999999,24
8558,13474.6826,1187.7114,987.4263,11299.5449,834.4044,24
9071,13460.5063,1148.7373,1183.5688,11128.2002,1024.2595999999999,24
8972,13459.1846,1160.3315,1176.9377,11121.9154,1034.6,24
7640,13458.0763,1070.0154,1099.7679,11288.293,888.7261000000001,24
6485,13447.7883,909.918,703.8556,11834.0147,844.2090000000001,24
8076,13440.9687,1120.0441,861.9836,11458.941,772.364,24
4564,13437.9346,1565.9141,1036.0602000000001,10835.9603,773.7447000000001,24
4377,13432.0165,2043.5079,988.8444,10399.6642,987.6867,24
7972,13425.556199999999,861.5438,916.9247,11647.0877,828.7377999999999,24
6679,13404.102,707.9387,555.8054,12140.3579,775.5699,24
4736,13404.0859,1023.9284,914.7782,11465.3793,785.4974,24
8093,13398.5052,857.8974999999999,611.938,11928.6697,867.1689,24
9280,13383.9319,656.1496,617.9235,12109.8588,1347.8052,24
9496,13382.9833,825.5686,633.7306,11923.6841,896.0181,24
4436,13377.5616,3024.0644,680.3848,9673.1124,885.9721,24
7642,13376.199,990.8308999999999,991.3430999999999,11394.025,1002.3434000000001,24
4636,13373.3259,1062.5136,911.7383,11399.074,726.9075,24
8776,13365.8504,1381.7115,1111.3597,10872.7792,764.4268999999999,24
2247,13363.4547,1039.048,1340.5305,10983.8762,1807.5284000000001,24
5774,13350.5583,1181.496,749.3061,11419.7562,858.8557999999999,24
9281,13327.3384,663.4841,620.7632,12043.0911,1349.9686,24
7326,13322.1606,2003.3651,921.4788,10397.3167,1023.1767,24
3767,13315.2411,1213.4949,1126.4778,10975.2684,875.4065,24
9095,13312.7434,866.9599,608.3203,11837.4632,773.8104,24
8170,13307.5202,716.3105,678.2847,11912.925,1315.2762,24
9275,13295.4408,1169.6329,1022.931,11102.8769,1070.3184,24
8853,13293.0521,884.5814,729.3333,11679.1374,842.5744,24
7227,13290.2524,1868.3798,895.5894,10526.2832,996.3719,24
7690,13236.116399999999,903.9093,710.8225,11621.3846,729.2654,24
9690,13228.2821,435.4633,424.9574,12367.8614,1553.5439000000001,24
5235,13210.6674,1304.6686,1259.5815,10646.4173,950.9004,24
2338,13206.3185,614.9344,533.4019999999999,12057.9821,905.8111,24
3632,13201.8546,1208.7504,1220.6103,10772.4939,814.673,24
8292,13201.5038,847.5256,612.0169,11741.961299999999,866.4103,24
4833,13194.5912,1168.0618,1224.7843,10801.7451,855.1155,24
5843,13187.638500000001,1079.6135,882.0976,11225.9274,739.2383,24
8279,13180.5394,986.4875,730.9391,11463.1128,743.4705,24
8971,13173.1062,1132.9648,1154.0903,10886.0511,1020.1269,24
7283,13163.0567,781.5187,755.0121,11626.5259,974.0396000000001,24
9785,13162.7301,1126.7554,806.7153000000001,11229.259399999999,837.0693,24
7141,13162.5236,1045.2186,1086.7763,11030.528699999999,926.6247,24
4836,13159.315200000001,825.8267999999999,769.7180000000001,11563.770400000001,934.7364,24
3726,13140.1175,1092.0604,1100.7733,10947.2838,1284.1531,24
3551,13139.4642,1088.454,1156.6778,10894.3324,750.4497000000001,24
8590,13137.8587,1067.9722,891.6167,11178.2698,880.6581000000001,24
7357,13137.3333,836.8815999999999,750.167,11550.2847,818.5275000000001,24
4733,13126.903699999999,1162.7558999999999,1207.0641,10757.0837,854.3464,24
8281,13121.445,972.1911,760.0371,11389.2168,736.6302000000001,24
9459,13111.1729,956.9445000000001,738.4241,11415.8043,729.5883999999999,24
4237,13098.219000000001,1818.4687000000001,789.6437999999999,10490.1065,866.598,24
6796,13078.0345,732.735,515.182,11830.1175,722.1208,24
8871,13070.9562,1032.4083,967.7917,11070.7562,851.6218999999999,24
4835,13058.2568,1094.2837,1084.0895,10879.8836,770.6244999999999,24
2632,13058.1837,1059.4737,645.1685,11353.5415,757.7352,24
2631,13039.0993,1060.4035,636.9352,11341.7606,756.3248,24
7168,13037.552,870.7922,688.6223,11478.1375,865.3149000000001,24
8891,13037.46,873.8856,633.6798,11529.8946,847.775,24
9297,13037.0181,852.6938,592.4076,11591.9167,764.1648,24
2248,13035.2685,1020.5838,1323.9480999999998,10690.7366,1785.8871,24
7054,13027.1632,926.2116,1090.3803,11010.5713,876.3585000000002,24
1347,13025.3695,785.2664,678.6969,11561.4062,752.2416,24
9273,13023.5354,1344.2764,1262.6445,10416.6145,841.5981000000002,24
4138,13022.0113,916.8657000000001,850.7775,11254.3681,907.498,24
8369,13018.2233,775.7198,697.0246,11545.4789,1022.9145,24
2339,13017.6491,612.227,531.6251,11873.797,879.6283999999999,24
3217,13010.8977,740.709,633.1308,11637.0579,871.0241,24
246,13009.765599999999,553.7054,401.8322,12054.228,675.4526,24
5165,13001.0989,1381.0998,1382.4652,10237.5339,711.4976,24
6787,12999.24,839.3312999999999,700.1794,11459.729299999999,789.7228999999999,24
4834,12998.3316,1147.9357,1176.5091,10673.8868,850.0444,24
8280,12990.2505,969.114,694.9936,11326.142899999999,769.3978,24
9381,12973.1121,655.9929,606.161,11710.958200000001,1270.5211000000002,24
2732,12971.364599999999,1026.4723000000001,657.2096,11287.6827,756.6294,24
8379,12966.900099999999,968.8263000000001,692.9906,11305.0832,775.1129999999999,24
4666,12965.4162,1552.5223,1185.9225,10226.9714,770.9043,24
8380,12949.9237,968.4317,692.5729,11288.9191,774.613,24
4837,12946.743,681.832,664.4465,11600.4645,1148.7205,24
6648,12935.0702,1401.1394,1596.2576,9937.6732,702.9389,24
9257,12930.1768,962.9599999999999,725.0041,11242.2127,870.5662,24
8657,12930.1424,1060.5356,840.9484,11028.6584,791.0073,24
1053,12926.948,791.5387,808.5373,11326.872,814.9092999999999,24
5280,12926.6099,609.0008,484.4916,11833.1175,1031.0557000000001,24
9669,12915.7964,1222.9093,954.644,10738.2431,779.3661,24
4735,12913.6447,1007.1378,951.6861,10954.8208,714.1794,24
4425,12890.3554,1137.7674,972.0112,10780.5768,787.1344,24
4839,12859.9413,1305.5392,1111.4884,10442.913700000001,791.2460000000001,24
7579,12848.6094,934.8882,889.4522000000001,11024.269,795.9576,24
7043,12845.8215,864.7843,883.8577,11097.1795,867.7281,24
9576,12841.626,738.8202,645.3665,11457.4393,1433.0691,24
8552,12840.8748,714.4843,691.5932,11434.7973,1200.2502,24
9266,12838.4826,1369.0983,1043.5309,10425.8534,875.7253,24
8387,12833.9699,1133.0937000000001,958.8738,10742.0024,1043.5720000000001,24
4137,12833.6288,890.2296,818.2472,11125.152,863.6084,24
7325,12826.8077,1280.1217,901.0007,10645.6853,892.5418999999999,24
9751,12824.6023,815.7078,645.5048,11363.3897,711.8524,24
6486,12822.6984,884.5707,693.6357,11244.492,895.007,24
7327,12820.4585,2001.0707,918.595,9900.7928,1046.155,24
4040,12811.8286,1290.3307,1165.0935,10356.4044,749.4007,24
4276,12807.5303,2075.3319,906.8344,9825.364,826.273,24
4934,12798.7989,1138.2901,1109.0732,10551.4356,775.8113,24
5131,12792.0193,1034.4976,910.6818,10846.839899999999,736.7312000000001,24
6946,12788.3142,959.3474,872.4501,10956.5167,742.8492999999999,24
9879,12761.9875,694.1408,464.0072,11603.8395,751.5648,24
2733,12755.5236,971.8277,650.7183,11132.9776,778.5248,24
7425,12750.0626,1233.9645,860.9441,10655.154,896.3026,24
9498,12741.3117,819.1989,533.5001,11388.6127,780.4877,24
3135,12731.1724,919.9956999999999,659.5621,11151.614599999999,748.7950999999999,24
8956,12726.7161,870.5271,667.8384,11188.3506,810.866,24
7956,12721.782,896.1167,966.9574,10858.7079,828.1046,24
8094,12721.2957,819.1078,588.4417,11313.7462,821.7612000000001,24
9762,12721.1886,1335.5276999999999,691.2569,10694.404,725.113,24
8283,12720.5997,942.2534,812.8547,10965.4916,840.1024,24
6297,12717.9103,766.9929,566.8841,11384.033300000001,708.5567,24
7282,12711.207999999999,729.1776,719.3452,11262.6852,972.2683999999999,24
8282,12707.6736,941.5217,812.2291,10953.9228,839.3909,24
6386,12704.0861,881.0693,691.7669,11131.2499,899.6431,24
6385,12704.0861,881.0693,691.7669,11131.2499,899.6431,24
7456,12696.1885,496.8619,788.0184,11411.3082,1359.9559000000002,24
5265,12692.8585,1574.6662,2140.4036,8977.788700000001,815.701,24
6685,12682.9859,932.3176,688.6409,11062.0274,774.7402,24
7269,12680.6083,873.3272,703.5578,11103.7233,691.1238,24
7439,12674.7783,983.2121999999999,1031.9788,10659.5873,827.1363,24
6487,12671.5063,880.0011000000001,690.7632,11100.742,896.6144,24
9274,12669.1908,1344.0208,1219.275,10105.895,855.2848,24
5377,12661.5576,482.0045,433.7282,11745.8249,774.6507,24
7407,12655.2337,5340.2511,478.5149,6836.4677,763.0020999999999,24
8458,12655.1616,1064.9764,950.4919,10639.6933,794.9034,24
4579,12652.9293,1430.7298,789.6625,10432.537,1237.3333,24
8557,12649.972899999999,916.5725,755.9693,10977.4311,761.0711,24
2731,12649.5484,1042.3851,629.2860000000001,10977.8773,727.9415999999999,24
4065,12646.4485,916.0871,760.146,10970.2154,885.4393,24
9380,12638.1863,627.0581,589.9693,11421.1589,1267.9581,24
9768,12637.5121,1193.2624,984.4353,10459.8144,755.4694,24
8452,12636.8964,727.1333,699.0906,11210.6725,1135.5273,24
8383,12631.01,936.5452,807.8513,10886.6135,832.943,24
9166,12620.9684,1067.0839,736.5932,10817.291299999999,815.5683,24
7392,12617.5242,2114.131,787.7029,9715.6903,737.4412,24
3566,12598.2844,879.6659999999999,718.7852,10999.833200000001,770.0882000000001,24
4933,12589.331400000001,1123.2639,1052.7479,10413.3196,754.973,24
2347,12587.916,977.7964,1265.3978,10344.7218,1725.8643000000002,24
8640,12586.923,877.8024,500.7736,11208.347,747.6468000000001,24
8985,12581.1549,898.4411,691.2803,10991.433500000001,789.5759,24
9256,12577.851700000001,976.3626,709.1374999999999,10892.3516,883.9585,24
7226,12573.1709,1367.1143,762.1813,10443.8753,860.9271,24
6387,12566.0777,874.0697,684.9469,11007.0611,882.5212000000001,24
8194,12564.679100000001,827.7125,616.0612,11120.9054,805.6501000000001,24
4729,12552.7336,762.7144,742.1170999999999,11047.902100000001,813.6456,24
6455,12552.2676,1532.5551,1003.7349,10015.9776,949.4925,24
5481,12548.5934,574.1774,465.3469,11509.0691,1035.05,24
9090,12545.0985,964.3499999999999,609.2143,10971.5342,768.4857,24
9094,12541.1953,802.9125,603.249,11135.0338,706.8581,24
4281,12540.9026,939.769,855.5687,10745.5649,745.5618000000001,24
6786,12540.316,909.6767,713.154,10917.4853,770.4817,24
7639,12540.2572,1058.1509,1087.6416,10394.4647,890.5648000000001,24
8184,12529.6565,745.1218,663.5541,11120.980599999999,759.7821,24
7993,12519.7685,824.1509,610.2648,11085.3528,767.7203000000001,24
8152,12519.079600000001,1051.5825,941.6561,10525.841,748.0975000000001,24
8651,12513.7703,854.9336,628.5416,11030.2951,923.7899,24
7578,12505.1634,911.7532,871.7857,10721.6245,772.4761000000001,24
5334,12498.3334,1431.0102,1420.9602,9646.363,811.7342000000001,24
9769,12491.7429,1111.326,901.4100000000001,10479.0069,742.4757,24
7457,12491.096,732.7497,696.8535,11061.4928,1037.3222,24
8441,12473.27,1015.2428,672.0862,10785.941,751.6566,24
4734,12472.2043,1060.5455,1096.0923,10315.5665,792.6997,24
3565,12462.796199999999,761.9014999999999,593.3768,11107.517899999999,775.1997999999999,24
6285,12461.6546,868.7739,679.7876,10913.0931,869.5661000000001,24
3732,12455.8499,905.1539,885.5372,10665.158800000001,833.3432,24
852,12454.3508,703.7391,702.8573,11047.7544,782.0959,24
7747,12451.300299999999,859.1692,958.1327,10633.9984,1278.9907,24
9888,12446.4061,474.84159999999997,480.1542,11491.4103,673.9229,24
7539,12441.148,959.1449,1057.0655,10424.9376,804.6562,24
7839,12433.031500000001,1053.0215,1056.9041,10323.1059,883.4183,24
7739,12426.3625,1047.9469,1055.7865,10322.6291,882.6902,24
9196,12419.2101,794.6925,548.5651,11075.9525,751.6531,24
9067,12413.295,1023.1514999999999,749.3624,10640.7811,857.2312,24
6694,12410.65,691.6443,513.4336999999999,11205.572,721.2393,24
5917,12402.8608,662.1914,570.8229,11169.8465,796.0275999999999,24
4578,12402.378799999999,1307.1274,808.6441,10286.6073,904.8913999999999,24
9677,12401.170100000001,633.0576,434.0867,11334.0258,816.0306,24
4537,12392.312600000001,1107.6828,767.1826,10517.4472,769.5989999999999,24
7864,12387.2396,632.675,690.6496,11063.914999999999,729.8011,24
1246,12374.621799999999,746.4629,649.5966,10978.5623,727.1888999999999,24
8442,12374.6046,998.2154,662.0128,10714.3764,740.4658999999999,24
3835,12367.5754,999.2285,676.6551,10691.6918,726.4676999999999,24
9156,12361.4421,983.8017,696.7479,10680.8925,869.1835,24
9668,12353.914999999999,1168.0668,878.6075,10307.2407,750.6524999999999,24
5335,12333.836,1431.0448,1461.9114,9440.879799999999,876.3619,24
3233,12333.5794,1124.2148,883.7628,10325.6018,932.7135000000001,24
2833,12333.5606,904.1451,608.2549,10821.1606,759.4374,24
8182,12332.3664,900.1995,771.4517,10660.7152,818.3463,24
9597,12327.3939,745.5400999999999,549.1952,11032.6586,969.0113,24
3318,12327.2837,788.6052,544.4003,10994.2782,655.3623000000001,24
3418,12327.2837,788.6052,544.4003,10994.2782,655.3623000000001,24
5916,12326.871000000001,660.003,568.2472,11098.6208,789.3742,24
7752,12325.449,645.4357,936.2592000000001,10743.7541,846.5772000000001,24
2337,12318.3275,590.2042,513.8179,11214.3054,835.6817,24
8069,12316.5488,663.5578,616.5057,11036.4853,1113.6552,24
3037,12306.3919,875.8402,587.6191,10842.9326,802.368,24
4838,12304.2263,995.9891,960.9973,10347.2399,744.9406,24
7445,12301.201500000001,1428.1444000000001,1491.1501,9381.907000000001,711.0968,24
4628,12297.6348,846.8335,832.3727,10618.4286,876.6124,24
7740,12256.414499999999,1059.863,1007.1422,10189.4093,869.4053,24
8966,12252.2582,979.538,690.3549,10582.3653,824.9751,24
6676,12249.848399999999,684.0723,594.9666,10970.8095,783.4227,24
7572,12242.589100000001,818.9381999999999,708.7928,10714.8581,677.4888,24
2936,12238.8131,920.2116,675.3648000000001,10643.2367,823.8615,24
2654,12234.293899999999,972.8234,903.4008,10358.0697,778.9402,24
8991,12231.5325,828.3791,607.9265,10795.2269,896.256,24
2655,12223.841,977.6174,899.206,10347.0176,778.1705,24
9298,12207.5218,903.9087000000001,586.0887,10717.5244,710.9331,24
8488,12206.943800000001,1026.7532,897.4978,10282.6928,1014.8482000000001,24
3550,12203.166799999999,1072.1255,1057.3572,10073.6841,708.4135,24
7840,12192.295,1003.3695,989.2991000000001,10199.626400000001,862.6527,24
9786,12188.3326,1014.2434000000001,746.7039000000001,10427.3853,775.4412,24
9784,12182.8308,922.6315999999999,710.1061,10550.0931,674.1288999999999,24
7424,12178.1972,797.8529,772.6348,10607.7095,939.7348,24
9155,12168.4627,952.9879999999999,681.5736999999999,10533.901,837.5391,24
8863,12167.6539,766.9902,538.8614,10861.8023,739.4005,24
8381,12156.7834,920.657,683.0229,10553.1035,701.4889000000001,24
8854,12127.0659,932.3429,814.0004,10380.722600000001,887.9016999999999,24
3844,12116.3667,969.3715,668.0454,10478.9498,663.7411999999999,24
3945,12112.0582,1113.9057,684.8425,10313.31,713.1537,24
9375,12099.9549,910.6716,749.3166,10439.9667,1135.566,24
9789,12099.9373,444.5328,443.5914,11211.8131,691.1292000000001,24
8570,12084.8349,800.0604999999999,683.7349,10601.0395,808.9617000000001,24
5133,12084.523000000001,1077.4468,932.206,10074.8702,732.5395,24
5132,12084.523000000001,1077.4468,932.206,10074.8702,732.5395,24
5033,12084.523000000001,1077.4468,932.206,10074.8702,732.5395,24
4668,12074.604299999999,1285.5691,1757.6245999999999,9031.4106,691.4263000000001,24
8151,12069.7706,1001.98,902.3614,10165.4292,717.2740000000001,24
3319,12067.798,789.2553,573.8492,10704.6935,632.9532999999999,24
9359,12061.691200000001,840.9349,687.5251,10533.2312,675.0948000000001,24
7171,12060.6507,991.7467,992.5227,10076.381300000001,664.3471,24
5032,12051.225699999999,1070.5338,925.5271,10055.1648,730.8106,24
7146,12043.0618,788.8301,667.2355,10586.9962,784.1213,24
8183,12041.8173,845.0407,725.5718,10471.2048,783.0472,24
5231,12039.1386,1070.3327,910.0232,10058.7827,722.4642,24
9091,12033.4703,860.2402,610.263,10562.9671,738.9522,24
5778,12026.5839,957.3633,842.4786,10226.742,897.7155,24
8414,12018.2432,928.1834,745.7035,10344.3563,764.6073000000001,24
7967,12018.212800000001,739.7,689.5779,10588.9349,867.3414,24
2144,12018.0739,551.9522000000001,604.0051,10862.1166,937.2811,24
5880,12001.2819,486.2561,436.7598,11078.266,713.9587999999999,24
9870,11998.4279,929.9027,737.9743,10330.5509,856.4532,24
3728,11990.0442,1122.603,958.409,9909.0322,878.0029,24
8252,11983.9709,991.1617,933.3021,10059.5071,698.7637,24
5232,11981.576,1059.2406,906.085,10016.2504,727.626,24
5773,11981.3009,1054.8866,793.0957,10133.3186,707.695,24
8342,11970.145,942.1922,666.4113,10361.5415,707.5268,24
9869,11967.5128,948.9242,749.9261,10268.6625,820.5331000000001,24
5034,11965.4422,1061.0117,902.9072,10001.5233,727.7954,24
8884,11963.8637,829.1033,588.1599,10546.6005,748.1654,24
8622,11962.8168,561.9557,367.7067,11033.1544,662.1560999999999,24
5233,11958.0156,1055.357,897.8429,10004.8157,726.9117,24
9249,11957.0479,726.7383,582.9311,10647.3785,652.9295000000001,24
6847,11953.646,1242.9174,1443.9203,9266.8083,752.5512000000001,24
7383,11953.5462,949.0839,708.7858,10295.6765,817.7043000000001,24
5134,11942.2833,1057.4706,897.2316,9987.5811,726.8163999999999,24
8899,11930.406500000001,856.1533999999999,564.0189,10510.2342,723.3261,24
8900,11930.406500000001,856.1533999999999,564.0189,10510.2342,723.3261,24
7771,11929.868,921.6555,866.2509,10141.9616,637.2908,24
5127,11926.8501,994.9655,826.3371,10105.5475,650.8773,24
8898,11925.681,857.3566,564.0436,10504.2808,721.1081,24
6284,11925.3034,833.0016999999999,659.4882,10432.8135,828.3008,24
3431,11922.3823,836.1286,689.5221,10396.7316,750.2358999999999,24
5637,11921.7385,1336.2292,978.6789,9606.830399999999,713.3548,24
8050,11916.6118,967.477,764.6263,10184.5085,707.1598,24
3255,11911.727499999999,1295.0984,895.703,9720.9261,786.3529,24
6595,11909.7614,722.5316,561.9148,10625.315,665.7463,24
3662,11906.3057,984.8845,638.7415,10282.6797,700.3982,24
4880,11903.1284,747.3468,594.8861,10560.8955,685.2236,24
9582,11899.448,1027.2094,797.592,10074.6466,755.0625,24
8155,11882.039,834.3224,749.3058,10298.4108,718.8512,24
4044,11877.8597,1080.4641,730.0171,10067.3785,711.6961,24
8799,11869.971,850.6525,560.84,10458.4785,718.7615,24
7672,11867.0337,1159.5433,1139.9114,9567.579,677.2375999999999,24
9761,11853.6485,734.8147,552.9044,10565.929399999999,711.458,24
6398,11848.0735,752.0801,588.5022,10507.4912,650.3801000000001,24
4327,11841.359400000001,923.8507,946.7674,9970.7413,1130.7124000000001,24
5879,11840.1637,539.3172,489.5725,10811.274,780.8165999999999,24
4535,11834.4342,1074.4723,800.0758,9959.8861,745.3714,24
8563,11833.356,1267.3201,1157.4351,9408.6008,725.0234,24
6748,11832.2368,1320.6413,1541.4086,8970.1869,649.8539000000001,24
6587,11831.0075,815.4199,601.8991,10413.6885,654.0765,24
7182,11824.916799999999,652.0227,641.1904000000001,10531.7037,901.111,24
5078,11823.3649,781.6576,569.2668,10472.4405,820.1189999999999,24
8785,11822.5982,808.572,612.3935,10401.6327,666.3369,24
9790,11815.327299999999,416.0457,426.7947,10972.4869,669.1675,24
8786,11801.6714,779.4684,591.126,10431.077,665.234,24
7815,11796.2286,769.8117,541.8183,10484.5986,708.8171,24
4635,11792.7571,882.891,834.7468,10075.1193,709.3301,24
6750,11790.2061,782.9425,667.2769,10339.9867,1136.2441,24
8688,11786.0607,1024.2433,610.8166,10151.0008,819.5659999999999,24
8787,11781.3486,974.5009,600.2374,10206.6103,803.6447000000001,24
7951,11780.0884,956.8757,764.5135,10058.6992,707.8963,24
8788,11773.9087,1021.0857,627.178,10125.645,787.2841000000001,24
9089,11772.5437,962.4924,623.8819,10186.1694,701.1253,24
3423,11770.2127,989.4278,1181.0351,9599.7498,1218.202,24
9357,11758.9108,795.6028,659.6443,10303.6637,647.7798,24
7493,11757.8338,707.649,567.0055,10483.1793,686.3868,24
7426,11754.3109,1822.1186,812.2728,9119.9195,850.1117000000002,24
7477,11752.4171,887.7205,795.5383,10069.1583,671.259,24
8589,11752.355,888.5223,758.1365,10105.6962,808.5878,24
5279,11750.9861,563.0172,488.13419999999996,10699.8347,838.9515999999999,24
8502,11746.8175,1357.6361,1290.4941000000001,9098.6873,1133.5758,24
7714,11732.2966,659.5323,522.6647,10550.0996,710.9413999999999,24
6384,11714.4916,847.4261,660.4205000000001,10206.645,783.5880000000001,24
6554,11709.2461,1325.2755,1038.8613,9345.1093,686.1253000000002,24
8520,11692.6598,489.2836,333.4092,10869.967,679.4275,24
7458,11689.734699999999,768.134,688.9812,10232.619499999999,774.8254,24
7558,11687.3462,766.0582,690.8202,10230.4678,770.4821999999999,24
8068,11671.246799999999,872.4278,866.7406,9932.0784,845.1566,24
9051,11667.8469,799.5856,667.2,10201.0613,638.6016000000001,24
9362,11663.5823,1154.8564000000001,707.0732,9801.6527,634.3891,24
7324,11660.2572,926.5477,884.1388,9849.5707,869.8497,24
7483,11660.1041,1028.3704,698.897,9932.8367,848.7887999999999,24
3422,11659.489899999999,972.2827,1156.1271,9531.0801,1200.9461,24
4935,11654.9681,939.4143,935.7649,9779.7889,731.0503,24
3725,11652.8261,964.303,924.8729,9763.6502,1027.4328,24
8167,11647.9763,890.0902,891.0413,9866.844799999999,827.2177,24
7126,11646.167500000001,767.3131,602.9354000000001,10275.919,701.8255,24
7026,11646.167500000001,767.3131,602.9354000000001,10275.919,701.8255,24
9096,11638.3925,839.4658000000001,555.1510999999999,10243.7756,728.1406,24
8311,11637.0898,1051.1548,851.5354,9734.3996,863.1564999999999,24
3639,11636.5685,721.9117,551.5121,10363.1447,868.5814000000001,24
7484,11635.0353,1027.112,697.6703,9910.253,846.8838000000001,24
9097,11617.4969,838.9055,553.6542999999999,10224.9371,726.8534,24
3137,11613.572,805.9061,555.6041,10252.0618,616.8585999999999,24
9190,11613.4761,682.4007,383.0016,10548.0738,733.8699000000001,24
3572,11610.863800000001,847.4621999999999,707.7558,10055.6458,731.1298,24
1652,11610.390800000001,912.2153999999999,637.3041000000001,10060.8713,775.8772,24
7524,11607.7094,284.386,351.61379999999997,10971.7096,1002.4529,24
9951,11607.3699,758.5636,660.0239,10188.7824,687.0977999999999,24
9950,11606.9026,758.3627,659.9575,10188.5824,687.0626,24
9949,11606.0174,757.9825,659.8311,10188.2038,686.9961,24
9358,11604.8642,771.4546,650.4796,10182.93,647.2545,24
9458,11604.8642,771.4546,650.4796,10182.93,647.2545,24
9558,11604.8642,771.4546,650.4796,10182.93,647.2545,24
9457,11604.2464,771.0832,650.371,10182.7922,647.1752,24
9851,11604.122,757.1677,659.5613000000001,10187.393,686.8534,24
9557,11603.6734,770.7385,650.2705,10182.6644,647.1016,24
3463,11603.056,785.2676,543.9449,10273.8435,656.2067000000002,24
4042,11601.5197,963.7139,879.5217,9758.2841,688.6764999999999,24
148,11595.991399999999,536.1951,391.6297,10668.1666,622.3705,24
8145,11592.2523,1511.9542,593.3335999999999,9486.9645,801.5211000000002,24
7583,11590.2903,1057.9891,727.2159,9805.0853,833.5339000000001,24
9695,11587.2772,702.2418,567.8257,10317.2097,971.8239,24
9596,11587.2772,702.2418,567.8257,10317.2097,971.8239,24
9595,11587.2772,702.2418,567.8257,10317.2097,971.8239,24
9696,11585.3308,702.1567,567.7346,10315.4395,971.6806999999999,24
9670,11584.1584,1029.3559,827.3982,9727.4043,696.6979,24
9365,11582.4747,1409.3362,1015.3733,9157.7652,791.2929,24
4337,11582.4646,2858.2884999999997,598.5545000000001,8125.6215999999995,789.2008999999999,24
7679,11581.2192,1082.6978,869.1534,9629.368,623.3806000000001,24
9056,11578.3729,881.0081,682.6458,10014.719000000001,720.5491,24
8067,11576.901600000001,835.5575,825.8786,9915.4655,854.5870000000001,24
7042,11569.6518,816.9313,893.5937,9859.1268,736.542,24
8997,11565.6665,838.4127,549.9361,10177.3177,720.8561,24
4381,11565.0447,1130.5212,818.8708,9615.6527,901.3697000000001,24
9850,11561.2531,756.4908,658.7079,10146.054399999999,684.4896,24
7276,11557.782500000001,1037.0524,921.4208,9599.3093,960.7175,24
8553,11551.7347,624.8681,615.6043,10311.2623,1021.9609,24
7932,11544.7884,350.0528,295.5634,10899.1722,638.7707,24
9659,11538.3288,666.1368,522.1475,10350.0445,674.6487999999999,24
9776,11523.079099999999,608.1831,590.1669,10324.7291,969.6068999999999,24
3627,11510.988,1036.6449,986.1349,9488.2082,887.3479,24
6950,11506.2301,936.2506,808.8587,9761.1208,700.1398,24
8556,11504.4584,777.1165,641.7298,10085.6121,684.9702,24
8079,11502.7569,858.9744,761.7633999999999,9882.0191,692.5717000000001,24
4074,11500.8838,1542.3526,732.586,9225.9452,653.1042000000001,24
9750,11496.6352,750.6395,644.7017,10101.294,672.3299,24
7787,11492.3002,1887.8298,632.8954,8971.575,760.6277,24
4133,11484.2981,602.1084000000001,550.4517,10331.738,700.9806000000001,24
9372,11480.3916,1353.2769,1183.2176,8943.8971,728.3195000000001,24
9197,11480.2431,825.8461,541.2126,10113.1844,718.0328999999999,24
7186,11469.3734,724.7141,692.3604,10052.2989,754.5491,24
3738,11464.144400000001,1008.8592,865.3937,9589.8915,757.8190000000001,24
4938,11463.5875,832.7639,771.4706,9859.353,645.1749,24
8242,11461.8179,858.7299,658.1876,9944.9004,728.3189,24
3467,11461.0622,778.4144,586.5456,10096.1022,670.5576,24
8243,11460.9004,862.1126,650.7488,9948.039,727.3655,24
3322,11458.5731,921.7571,1059.5474,9477.2686,1089.3079,24
8343,11456.8639,886.4581000000001,652.5301,9917.8757,694.9291,24
8876,11456.6665,1147.8391,882.3308,9426.4966,668.7225000000001,24
8244,11452.4167,889.1471,589.9401,9973.3295,781.5839,24
8144,11450.5539,891.1889,583.587,9975.778,789.6052000000001,24
955,11448.878200000001,715.9339,527.6017,10205.3426,839.8855,24
8074,11445.0189,623.4228,894.4645,9927.1316,694.1125999999999,24
3552,11435.0434,935.0551,906.9557,9593.0326,658.2976,24
7380,11428.770400000001,1029.1173,856.3293,9543.3238,617.3206,24
9980,11427.3195,711.4286,499.713,10216.1779,648.8285,24
7931,11426.5421,352.4468,295.9993,10778.096,635.2818,24
3937,11420.521700000001,779.1246,662.5255,9978.8716,743.0104000000001,24
1552,11417.8653,876.8119,631.109,9909.9444,761.0012,24
4175,11403.3497,1466.8004999999998,648.0002000000001,9288.549,635.4243,24
3628,11401.8823,1153.1024,911.5326,9337.2473,744.7812999999999,24
8033,11399.6757,804.1864,652.7801,9942.7092,656.1912,24
8168,11399.1437,793.0236,754.1211,9851.999,808.5216,24
5126,11391.7888,959.9902,829.6004,9602.1982,749.1829,24
4336,11390.3124,2837.2988,580.194,7972.8196,767.8613,24
8588,11389.792300000001,925.2481,604.0269,9860.5173,747.7339,24
2485,11388.182700000001,992.4304,807.0388,9588.7135,827.3543999999999,24
3944,11381.4122,1078.6993,680.326,9622.3869,682.5012999999999,24
3974,11366.9467,1313.3323,654.5443,9399.0701,733.5671,24
4376,11363.5667,1554.5726,778.4675,9030.5266,780.3912,24
6484,11360.2603,909.0332,667.2664,9783.9607,687.8036,24
3975,11358.779,1454.7129,635.1409,9268.9252,714.6103,24
8789,11354.9931,884.3317,680.3646,9790.2968,758.7750000000001,24
4037,11354.2276,741.1777,626.6418,9986.4081,742.0144,24
8591,11353.3654,828.7691,655.9322,9868.6641,841.7269,24
8753,11350.8433,774.6246,672.4507,9903.768,796.9778,24
2585,11346.8087,988.1098,806.8165,9551.8824,815.2016000000001,24
2586,11338.0843,978.7817,803.0903,9556.2123,802.0284,24
6466,11331.893,2096.8275,1641.8761,7593.1894,675.7069999999999,24
9875,11328.255799999999,666.7023,702.4775,9959.076,938.4256,24
4876,11327.8622,969.1581,798.5634,9560.1407,658.196,24
7285,11325.2202,667.9522,581.2473,10076.0207,737.1148,24
7353,11320.7818,621.456,847.055,9852.2708,738.4746,24
9697,11312.062,682.9329,508.6807,10120.448400000001,887.4453,24
5526,11311.5912,965.4585000000001,759.558,9586.574700000001,762.1029,24
9478,11306.1793,633.1776,630.4555,10042.5462,1251.8359000000003,24
8453,11300.1564,610.7939,603.2594,10086.1031,982.5204,24
7814,11298.1661,1126.9705,514.7293,9656.4663,663.1285,24
8382,11292.7143,861.4616,743.7568,9687.4959,761.5002999999999,24
7127,11287.3802,752.0566,591.2678,9944.0558,681.1379,24
9753,11284.535,642.0898,485.0734,10157.371799999999,749.4427000000001,24
6584,11281.9968,906.28,664.1986,9711.5182,685.3780999999999,24
4937,11279.4639,637.0433,623.7171,10018.7035,875.0351999999999,24
8253,11266.6776,881.7568,812.1954000000001,9572.7254,648.1587000000001,24
9570,11260.4685,1474.9403,1319.6028000000001,8465.9254,757.5509999999999,24
8655,11255.541799999999,823.849,694.3846,9737.3082,888.7876000000001,24
4936,11250.4472,636.5442,623.2273,9990.6757,869.6958,24
4429,11249.6301,1012.8302,1097.8828,9138.9171,944.0003,24
7786,11248.4232,1924.6224,683.7816,8640.0192,890.1024,24
1055,11246.170399999999,713.706,519.7398,10012.7246,819.7522999999999,24
7980,11245.595000000001,1050.8893,746.958,9447.7477,643.8281999999999,24
5333,11244.6715,986.7239999999999,813.4182999999999,9444.5292,686.3353,24
9471,11242.497,1378.3788,1195.4613,8668.6569,755.188,24
8112,11242.4233,798.7544,718.9039,9724.765,717.3946,24
9300,11239.5623,900.2985,517.0267,9822.2371,738.7173999999999,24
6780,11236.1179,551.1406,523.9978,10160.9795,807.311,24
3427,11233.8524,931.7968,1064.8938,9237.1618,884.9875,24
7744,11229.869999999999,1088.5645,1062.7581,9078.5474,702.4869,24
4931,11225.112799999999,668.6209,623.8404,9932.6515,693.4037999999999,24
9657,11220.1931,736.0968,620.5489,9863.5474,625.7751999999999,24
2832,11211.996,913.1922,600.2014,9698.6024,650.3248,24
9970,11210.386,881.973,750.6813000000001,9577.7317,748.0023,24
7847,11208.7459,762.8308999999999,856.7239,9589.1911,1112.333,24
953,11206.2554,595.8865,653.2681,9957.1008,696.3989999999999,24
8689,11200.6494,818.5614,680.7804,9701.3076,794.9621999999999,24
4772,11200.2615,522.1209,813.6357,9864.5049,689.0126,24
2486,11199.6618,953.6133,777.3638000000001,9468.6847,807.9841000000001,24
5278,11199.0133,469.3031,445.4398,10284.2704,681.0537,24
8692,11198.8572,729.8685,573.7336,9895.2551,702.9361,24
5479,11196.0798,684.8596,521.4534,9989.7668,719.513,24
850,11195.7916,841.5908,857.2494,9496.9514,711.6126999999999,24
2554,11189.5416,879.4317000000001,818.8,9491.3099,713.3411999999998,24
5648,11186.895,1056.6531,639.9238,9490.3181,788.2312000000001,24
9889,11186.4056,353.47220000000004,389.56510000000003,10443.3683,621.5756,24
3323,11185.122,942.4009,1127.9894,9114.7317,1159.0654,24
9474,11179.7682,860.8081999999999,703.7848,9615.1752,718.733,24
3877,11170.8897,917.9863,549.8541,9703.0493,764.421,24
3458,11167.516,3052.2218000000003,686.1605,7429.1337,662.0049,24
8457,11163.6956,776.7014,660.3620999999999,9726.632099999999,649.5253,24
8887,11162.1189,925.9035,641.5065,9594.7089,676.0225,24
8352,11152.2872,817.1517,752.7292,9582.4063,665.125,24
8992,11152.0754,783.4837,576.1666,9792.4251,789.0238,24
3018,11150.9218,788.0796,519.4485,9843.3937,908.2361,24
5180,11145.3029,588.5483,467.4299,10089.324700000001,883.7992000000002,24
4338,11134.3447,1383.6227000000001,920.1027,8830.6193,693.1179,24
8521,11129.6076,475.8818,338.7383,10314.9875,616.5554999999999,24
8410,11113.8681,1257.6676,922.6951,8933.5054,721.1713,24
8611,11112.957699999999,1257.8058,923.6587,8931.4932,720.6779999999999,24
8510,11109.568,1257.7316,922.6888,8929.1476,720.9621999999999,24
2734,11106.191200000001,688.3613,474.56329999999997,9943.2666,707.3620000000001,24
3331,11103.8858,859.6578,642.9464,9601.2816,655.0035,24
9890,11099.2622,344.6358,384.0855,10370.5409,614.3646,24
8314,11097.6436,849.2521,711.8106,9536.5809,712.2753,24
8211,11093.3397,991.2860000000001,824.2821,9277.7716,791.8583000000001,24
7741,11084.187899999999,935.997,837.8111,9310.3798,670.9085,24
6185,11077.8737,776.208,592.3518,9709.3139,662.3892000000001,24
4033,11077.0792,600.5933,583.1523,9893.3336,685.0619,24
5625,11070.1602,905.3282,687.6615,9477.1705,742.4676999999999,24
3661,11065.6689,2218.6835,529.634,8317.3514,611.4647,24
4633,11065.4399,798.2949,886.8354,9380.3096,685.7855,24
9658,11058.764200000001,653.3231,544.7786,9860.6625,619.6355000000001,24
8064,11058.5948,787.4165,498.1554,9773.0229,683.1853,24
9465,11054.7381,2229.9879,886.9006999999999,7937.8495,672.7482000000001,24
7582,11052.450200000001,1113.6873,756.8419,9181.921,752.4895000000001,24
8970,11052.4065,951.1949,1009.3208,9091.8908,817.5002,24
3523,11051.6179,878.7356,1071.836,9101.0463,1156.4627,24
8990,11041.5267,742.5054,582.4733,9716.548,717.0498,24
1653,11040.3164,930.8954,648.0881,9461.3329,813.9935,24
8511,11039.9866,1236.0888,920.9794,8882.9184,701.4173,24
5079,11039.0385,770.4207,567.797,9700.8208,838.6295,24
6785,11032.6039,869.5154,721.3894,9441.6991,678.6949000000002,24
4032,11027.7041,795.1427,735.8910999999999,9496.6703,694.4789000000001,24
7393,11027.3187,623.1985,492.7324,9911.3878,640.2963,24
9691,11022.3668,381.1901,375.6531,10265.5236,1658.0731,24
7971,11018.0808,863.3217999999999,795.0766,9359.6824,631.9051,24
5226,11017.5761,916.7374,780.6254,9320.213300000001,863.7193,24
5780,11013.6414,442.1049,382.2587,10189.2778,663.0044,24
4634,11006.696,794.4897,873.4231,9338.7832,683.6044,24
3770,10991.637999999999,1089.9191,1063.0233,8838.6956,685.5464,24
8492,10979.9736,943.5831000000001,791.2789,9245.1116,791.1482000000001,24
9253,10979.891,747.6687,512.6354,9719.5869,734.1626,24
9682,10971.8101,979.5328,742.5506,9249.7267,667.0543,24
9463,10970.7434,1192.5347,680.0005,9098.208200000001,596.7029,24
7523,10952.008,338.4058,423.8936,10189.7086,963.3431,24
6286,10944.2012,791.8059000000001,604.8034,9547.5919,681.3052,24
8890,10925.6168,721.0098,574.2346,9630.3724,707.3874000000001,24
8790,10920.655499999999,707.7178,580.7232,9632.2145,704.2384999999999,24
7681,10908.4997,1073.5015,760.2778,9074.7204,645.2267999999999,24
7682,10905.1134,982.9973,716.3053,9205.8108,797.9223000000001,24
8143,10900.3269,848.5112,591.087,9460.7287,700.0441,24
4732,10889.6978,814.1863999999999,811.3257,9264.1857,641.579,24
8087,10882.3774,1210.3872000000001,885.3814,8786.6088,642.9853,24
4534,10875.0884,795.8902,846.2958,9232.9024,683.2069000000001,24
6767,10873.9519,1062.6002,848.9516,8962.4001,636.3859,24
4437,10872.959,1455.9162000000001,676.2195,8740.8233,673.7442,24
1956,10871.6217,761.9773,677.5657,9432.0787,821.9371000000001,24
1854,10868.5584,897.5569,714.4256,9256.5759,807.8109,24
9472,10864.1618,1214.9026000000001,1052.5076999999999,8596.7515,692.2082,24
4864,10862.6729,1066.7678,1202.9975,8592.9076,784.1433,24
8996,10862.3582,786.8586,535.4059,9540.0937,660.3368,24
3286,10860.0699,827.7975,493.1603,9539.1121,650.5561,24
3237,10859.0262,740.7759,519.1767,9599.0736,591.9113,24
9482,10854.4221,918.6685,714.0984,9221.6552,677.8658,24
8212,10845.0464,951.6322,788.2254,9105.1888,685.0128,24
8514,10842.1887,670.0575,515.9809,9656.1503,672.9519,24
6994,10835.9662,656.9072,506.75100000000003,9672.308,581.2169000000001,24
7225,10829.661399999999,869.3721,643.3729,9316.9164,703.0254,24
4031,10828.2667,936.5286,855.1208,9036.6173,767.3706999999999,24
9656,10826.1739,689.0794,578.1753,9558.9192,596.4302,24
8049,10822.3467,1300.0388,671.0946,8851.2133,664.0300000000001,24
9969,10816.3624,855.9304,755.1031,9205.3289,680.7139000000001,24
4330,10808.2247,797.0286,736.3506,9274.8455,935.7257000000001,24
8986,10803.8963,881.9845,741.8719,9180.0399,677.8112,24
3380,10801.6839,583.8662,573.4898000000001,9644.3279,649.067,24
3480,10800.234,583.3603,573.1392,9643.7345,649.1195999999999,24
3481,10800.0221,583.2051,573.0923,9643.7247,649.1140999999999,24
1685,10798.5759,515.8565,452.3457,9830.3737,1350.1118999999999,24
3581,10792.7947,579.3797999999999,571.8711,9641.5438,648.8096999999999,24
7051,10792.4848,807.5936,934.9223,9049.9689,688.0179,24
9053,10786.7791,649.1719,539.9359000000001,9597.6713,765.9414999999999,24
7772,10786.6479,914.6473,944.8127,8927.1879,603.8364,24
9153,10784.9693,645.7682,537.936,9601.2651,766.7040000000001,24
5179,10783.3353,593.9250000000001,495.6156,9693.7947,887.8835,24
8245,10783.1771,1253.4008999999999,565.9552,8963.821,700.8815,24
7546,10778.8914,1152.3116,1177.0088,8449.571,792.1604,24
3326,10769.2809,988.2218,978.8377,8802.2214,1006.5201000000001,24
3451,10769.2534,854.616,841.4285,9073.2089,613.9051,24
4632,10761.8518,719.4244,766.9475,9275.4799,663.0133000000001,24
3547,10760.7121,877.6264,814.1024,9068.9833,610.218,24
3669,10759.6057,1097.7653,1117.492,8544.3484,695.8167000000001,24
8081,10756.8962,952.8353999999999,726.9150999999999,9077.1457,598.7818,24
8178,10751.0702,819.7277,724.022,9207.3205,633.5903,24
2345,10745.0633,534.0378,551.8273,9659.1982,958.3798,24
9255,10742.4903,875.4316,624.2129,9242.8458,725.9973,24
3230,10727.9787,964.3737,712.8187,9050.7863,663.5769,24
7813,10719.2147,1134.4025,502.8251,9081.9871,621.4607,24
9952,10706.2013,635.7418,543.5917000000001,9526.8678,650.8803,24
9276,10705.2725,862.001,741.8678,9101.4037,1066.2431,24
7678,10697.9872,923.7877,813.6006,8960.5989,584.9522000000001,24
8353,10697.3933,760.1267,704.8573,9232.4093,668.0529000000001,24
5636,10689.7792,1217.7943,860.9425,8611.0424,620.4958999999999,24
9259,10682.5373,811.0723,676.3705,9195.0945,616.7199,24
8487,10673.801300000001,733.9982,646.706,9293.0971,909.9722,24
4273,10673.3365,568.8491,477.9798,9626.5076,666.4493,24
6583,10666.9207,825.3811000000001,618.3592,9223.1804,653.3340000000001,24
8800,10664.4564,762.386,505.94669999999996,9396.1237,639.7296,24
5816,10661.0948,594.4752,501.6737,9564.9459,683.7449,24
8653,10660.5525,562.916,563.0724,9534.5641,1005.4646000000001,24
6850,10650.5425,988.6987,834.2262,8827.6176,697.8904000000001,24
2834,10646.766,625.8282,472.5245,9548.4133,751.9112,24
4036,10641.6074,715.8319,564.3189,9361.4566,701.9601,24
7680,10638.6171,982.8052,704.3815999999999,8951.4303,603.5303,24
7974,10635.7611,575.5237999999999,703.4714,9356.7659,635.6136,24
7885,10631.0315,1932.9467,938.6853,7759.3994999999995,779.5348999999999,24
6298,10624.090900000001,614.3783,483.6999,9526.012700000001,584.1139000000001,24
3580,10624.0278,605.9914,567.8663,9450.1701,614.0815000000001,24
2555,10620.5731,839.304,768.8629,9012.4062,678.932,24
7893,10619.2971,782.0444,612.5439,9224.7088,595.9964,24
8877,10619.2452,1125.9003,859.7684,8633.5765,618.9702,24
7027,10618.1961,718.811,568.7921,9330.593,641.5029,24
7307,10617.1207,4552.9141,397.776,5666.4306,627.6686,24
1585,10614.7404,516.0229,450.1164,9648.6011,1333.7678,24
8113,10607.5147,799.5082,673.6766,9134.3299,647.6979,24
5580,10604.6569,587.6984,459.0223,9557.9362,728.5240000000001,24
8044,10597.3474,851.2354,561.3406,9184.7714,716.1968,24
7841,10595.3279,895.0832,807.6004,8892.6443,655.0543,24
5276,10592.4172,762.9616,637.1683,9192.2873,607.7414,24
8443,10578.512200000001,720.5325,487.0652,9370.9145,592.3508000000002,24
3670,10571.217999999999,1072.0382,1063.5415,8435.6383,682.1367,24
8888,10563.017,914.785,652.499,8995.733,669.8223999999999,24
9852,10561.1428,620.9970000000001,537.1164,9403.0294,651.2087,24
4131,10558.7375,918.4398,840.7077,8799.59,744.5529999999999,24
8315,10556.9549,760.7613,551.6825,9244.5111,630.541,24
7871,10554.9848,767.4064,657.9593,9129.6191,573.0218,24
8618,10551.7219,433.53679999999997,279.5947,9838.590400000001,622.0375000000001,24
6684,10535.3067,802.6166,610.4082999999999,9122.2818,646.0394,24
5465,10534.5445,1498.7609,1623.8527,7411.9309,627.6131,24
5679,10533.5417,657.3575,496.5564,9379.6278,586.4796,24
8981,10532.2867,581.0013,527.9914,9423.294,1221.5744,24
8310,10526.6788,1005.7151,802.4295999999999,8718.5341,710.1656,24
1683,10525.0214,419.9491,404.6807,9700.3916,1448.1233,24
8690,10512.2403,691.5541,588.4694,9232.2168,710.0403999999999,24
5474,10509.9464,1373.8586,1757.3887,7378.6991,659.5797,24
4932,10509.1258,783.8376,695.2001,9030.0881,611.05,24
3153,10507.4494,830.1241,607.3477,9069.9776,572.3197,24
8998,10503.4084,859.7556,525.5765,9118.0763,640.2634,24
9948,10500.5729,690.519,633.1315,9176.9224,687.3199999999999,24
7638,10497.6836,905.1952,938.399,8654.0894,714.0150000000001,24
8936,10497.4531,648.6723,437.8144,9410.9664,652.5503,24
9756,10495.7295,551.3296,452.6317,9491.7682,656.2578000000001,24
7743,10494.4143,875.7282,763.8704,8854.8157,639.1487,24
8555,10491.8657,739.7348,636.9989,9115.132,852.1332,24
4832,10489.059,753.2803,738.5243,8997.2544,622.7694,24
6478,10482.8845,743.488,595.5173,9143.8792,628.7117,24
5626,10475.3958,756.73,511.7352,9206.9306,714.0408000000001,24
7742,10471.7235,874.5936,761.9684,8835.1615,638.1304,24
4533,10465.3158,770.1650999999999,861.8922,8833.2585,644.9533,24
6649,10458.644100000001,1026.2177,1208.9746,8223.4518,891.6412,24
8034,10456.4245,844.9927,681.9828,8929.449,638.1809,24
6779,10453.2487,507.8831,459.8576,9485.508,659.2587,24
3570,10453.1189,1072.4591,1076.1655,8304.4943,682.1818000000001,24
8950,10453.0643,669.5891,604.7182,9178.757,572.1957,24
3256,10451.4353,1130.8781,830.9667,8489.5905,658.7820999999999,24
5281,10447.3787,516.4829,392.1787,9538.7171,744.4686000000002,24
7660,10442.526100000001,980.9105999999999,845.6080000000001,8616.0075,644.9977000000001,24
9154,10437.8726,698.463,547.6735,9191.7361,732.0436,24
9299,10427.1322,860.4845,494.4594,9072.1883,644.2546,24
6388,10423.9182,668.2725,511.5688,9244.0769,679.2227,24
4580,10416.681,1418.4184,805.5942,8192.6684,1684.0450999999998,24
8654,10415.9042,636.0772,593.3462999999999,9186.4807,934.6469999999999,24
3833,10411.5354,818.2855,684.4957,8908.7542,671.1002000000001,24
3623,10389.1475,809.0772,979.8645,8600.2058,1073.7301,24
3367,10388.9719,849.7304,676.2291,8863.0124,567.9861000000001,24
4665,10388.7392,1333.833,750.2958,8304.6104,601.9194,24
2089,10386.2701,626.5673,473.8374,9285.8654,584.3664,24
2190,10386.2701,626.5673,473.8374,9285.8654,584.3664,24
2438,10382.4031,578.2359,501.437,9302.7302,583.6945000000001,24
6995,10379.2626,604.5599,470.6632,9304.039499999999,536.9005,24
956,10378.7364,660.1021,501.3202,9217.3141,730.8011999999999,24
7933,10375.5186,488.2503,403.5632,9483.7051,557.0366,24
751,10375.5157,479.1854,418.1459,9478.1844,630.8406000000001,24
865,10372.981,659.3506,584.8587,9128.7717,582.9983,24
8166,10368.761199999999,758.775,653.9147,8956.0715,649.4100999999998,24
9654,10363.7569,741.6047,480.1069,9142.0453,619.521,24
6596,10363.3405,627.6237,484.1918,9251.525,605.1284999999999,24
2290,10358.333,624.9048,472.9388,9260.4894,582.3619,24
866,10349.4767,645.6487999999999,562.1084999999999,9141.7194,584.266,24
1753,10344.5477,943.9971,603.9803,8796.5703,653.1962000000001,24
3220,10344.2549,709.8,647.7899,8986.665,646.4239,24
8032,10339.103,425.37149999999997,374.5356,9539.1959,564.276,24
9495,10336.8316,638.5871999999999,508.543,9189.7014,797.4662,24
5225,10330.5813,939.3921,823.0518000000001,8568.1374,641.1782000000001,24
4038,10328.2449,676.5352,495.9781,9155.7316,684.2469,24
1752,10325.1318,914.7216,591.3981,8819.0121,671.725,24
5130,10322.8758,672.5694,597.8357,9052.4707,612.623,24
4045,10316.3506,1008.3446,625.0332,8682.9728,636.366,24
4046,10316.3506,1008.3446,625.0332,8682.9728,636.366,24
7822,10312.043800000001,899.0613,1131.7391,8281.2434,1438.8024,24
4477,10302.892600000001,1330.7668,756.3287,8215.7971,784.1442,24
9018,10302.401,534.0359,365.9781,9402.387,610.4848,24
8612,10302.0002,1069.8251,845.5965,8386.5786,780.3064,24
4529,10298.5755,794.2,890.5622999999999,8613.8132,857.2886000000001,24
3232,10296.3549,781.8448,582.3152,8932.1949,705.2278,24
7482,10295.0493,1036.5955000000001,681.9408,8576.513,687.6821000000001,24
5135,10291.5777,894.202,783.9672,8613.4085,714.4934,24
7842,10291.1957,863.9004,753.165,8674.1303,625.2180999999999,24
9000,10290.731,854.7017999999999,520.4718,8915.5574,637.3282999999999,24
8989,10286.062300000001,840.6831999999999,644.0043000000001,8801.3748,649.8803,24
9849,10285.8139,699.9026,622.8125,8963.0988,614.1327,24
8541,10282.693,642.057,449.888,9190.748,639.3315,24
8419,10278.3902,428.9785,322.6262,9526.7855,562.8833999999999,24
9290,10276.3168,602.5224000000001,342.909,9330.8854,623.1163,24
9990,10275.6934,410.80510000000004,393.6562,9471.2321,553.5079999999999,24
8513,10273.8865,1020.4812000000001,810.3945,8443.0108,767.2444,24
9591,10271.6039,388.1308,364.9141,9518.559,1793.0021,24
5473,10267.5768,1596.4668,1879.6524,6791.4576,616.0899999999999,24
2189,10267.2359,619.6574,469.19960000000003,9178.3789,577.3573,24
2584,10261.7994,877.6083,726.0844,8658.1067,721.3533,24
9799,10260.3324,614.1929,392.8402,9253.2993,878.4713,24
9590,10260.1949,394.8609,362.84139999999996,9502.4926,1758.7577,24
5035,10259.0491,840.8605,742.5494,8675.6392,702.9116,24
9456,10253.9645,726.1681,597.2905000000001,8930.5059,572.5132,24
7693,10249.736,1211.2755,1047.6693,7990.7912,613.5311,24
8469,10249.2304,696.489,619.6529,8933.0885,757.8552999999999,24
6479,10245.1122,737.6253,589.5459000000001,8917.941,631.608,24
5128,10237.9178,970.9673,859.9461,8407.0044,574.6732,24
4776,10237.7667,718.2756,536.4646,8983.0265,628.9146,24
3381,10227.765300000001,573.5864,538.7669999999999,9115.411900000001,587.3956,24
3231,10222.6465,865.8525999999999,637.9284,8718.8655,634.6585,24
2090,10222.250600000001,698.9534,499.3422,9023.955,572.8204000000001,24
5579,10220.5306,688.5289,507.7333,9024.268399999999,633.6383,24
4730,10220.0242,627.3669,582.4858,9010.1715,641.9440999999999,24
7238,10219.1461,590.2612,529.7824,9099.1025,660.8329,24
9871,10218.02,756.9533,622.6479,8838.4188,702.6033,24
2437,10209.1708,571.0878,495.59139999999996,9142.4916,572.2633,24
9054,10207.8162,689.4933,542.4735,8975.849400000001,713.3824999999999,24
9671,10205.0868,821.3456,716.2664,8667.4748,659.7384999999999,24
8111,10202.6112,735.0106000000001,656.279,8811.3216,650.6493,24
3426,10202.317500000001,844.2586,924.9915,8433.0674,810.821,24
8512,10202.0437,1049.1185,833.7455,8319.1797,797.5453000000001,24
8515,10200.7932,444.9658,334.9171,9420.9103,670.6617,24
2391,10196.2883,623.8356,473.9473,9098.5054,574.0738,24
8793,10194.3475,719.7696,546.5702,8928.0077,609.6426999999999,24
9200,10190.8139,884.1288999999999,521.4689999999999,8785.216,667.6373999999998,24
9464,10183.9683,1767.2857000000001,761.6623,7655.0203,595.6073,24
8251,10183.768,780.8036,722.3955,8680.5689,591.821,24
9399,10181.2993,773.8325,435.9194,8971.5474,637.1907,24
8889,10179.767100000001,842.2316000000001,617.5019,8720.0336,654.211,24
2291,10153.5602,613.7618,463.21049999999997,9076.5879,572.73,24
3528,10153.3249,1104.1023,844.0702,8205.1524,595.0208,24
3455,10150.1532,724.4621999999999,526.7036,8898.9874,600.539,24
8637,10148.154,1255.6576,585.9161,8306.5803,547.2797,24
1553,10146.4898,766.1426,633.8409,8746.506300000001,676.3854,24
1583,10145.342700000001,395.5276,386.47429999999997,9363.3408,1395.3138,24
7581,10145.3398,1098.919,743.2619000000001,8303.1589,621.3509999999999,24
7780,10144.0636,953.4875,659.4965,8531.079600000001,572.0719,24
8554,10141.4731,531.6211,535.9657,9073.8863,1001.8471,24
6784,10135.3469,746.7155,600.1698,8788.4616,628.7085999999999,24
9356,10124.4939,782.0126,602.3641,8740.1172,637.9423,24
3134,10123.245499999999,800.2079,580.2816,8742.756,620.6486,24
3222,10116.365899999999,632.6504,664.423,8819.2925,1082.596,24
4974,10115.159,669.1143,754.9444,8691.1003,613.5645999999999,24
7577,10112.9311,798.577,757.5874,8556.7667,567.5439,24
8999,10110.9526,849.2502,515.0424,8746.66,643.6836,24
7183,10109.4149,595.4757,556.5708,8957.3684,727.7102,24
9700,10108.0016,621.5934,386.3055,9100.1027,865.2578999999998,24
8293,10107.1875,732.0649999999999,562.4891,8812.6334,639.5894,24
3571,10105.723,1038.9637,1027.5806,8039.1786999999995,658.3422,24
9954,10103.3199,533.7583,441.1348,9128.4268,700.8144,24
9955,10103.3199,533.7583,441.1348,9128.4268,700.8144,24
9953,10103.3199,533.7583,441.1348,9128.4268,700.8144,24
9853,10103.3199,533.7583,441.1348,9128.4268,700.8144,24
9755,10103.3199,533.7583,441.1348,9128.4268,700.8144,24
9854,10103.3199,533.7583,441.1348,9128.4268,700.8144,24
7025,10102.629500000001,705.6518,544.6288,8852.3489,583.1098,24
8897,10101.815,716.9454999999999,494.56059999999997,8890.3089,553.7128,24
7382,10101.6395,747.2591,647.6858,8706.6946,624.9319,24
7940,10099.881800000001,848.8344,809.1084,8441.939,601.0133,24
3777,10099.8084,721.2275999999999,540.874,8837.7068,571.9105999999999,24
9855,10099.646499999999,532.7146,440.6958,9126.2361,700.4682,24
8010,10099.64,732.4553,619.3172999999999,8747.8674,605.3082,24
3931,10093.7954,920.3403,823.3163,8350.1388,620.2648,24
8031,10090.4778,341.9268,293.2222,9455.3288,593.0620000000001,24
4980,10087.009,682.4413,503.5808,8900.9869,703.5318,24
9189,10086.5679,628.8353,358.3569,9099.3757,631.8860000000001,24
6766,10085.0752,986.4705,764.6806,8333.9241,595.7511,24
8133,10084.0399,756.182,630.7569,8697.101,608.932,24
5181,10081.2162,519.2702,408.7467,9153.1993,829.6861,24
2935,10080.8926,689.7405,631.0108,8760.1413,1227.888,24
8934,10074.1491,1112.4101,755.6395,8206.0995,654.23,24
2933,10073.9808,822.225,557.217,8694.5388,703.7735,24
9678,10073.0886,543.8307,372.8239,9156.434,669.4179,24
8083,10072.8876,669.0569,583.681,8820.1497,726.0061,24
1657,10053.1299,792.6707,794.2236,8466.2356,991.7618,24
853,10050.7687,482.8204,540.2153,9027.733,614.7119,24
9760,10044.6966,474.4145,397.8205,9172.4616,640.7875,24
2755,10044.695600000001,889.9251,618.1562,8536.614300000001,618.0486,24
8954,10042.7584,797.6622,663.7621,8581.3341,628.4534,24
9775,10041.0589,607.6497,626.5452,8806.864,863.8256,24
3932,10039.5081,799.2632,709.3670999999999,8530.8778,605.1169,24
2587,10039.0969,778.2622,650.7755,8610.0592,638.7543000000001,24
9857,10038.3927,480.984,403.2529,9154.1558,622.8566,24
5319,10037.1321,485.5716,363.5441,9188.0164,1931.7446000000002,24
2385,10031.1688,924.4039,753.5204,8353.2445,634.0318,24
8754,10026.3334,873.5697,721.6633,8431.1004,716.5867,24
3154,10018.6234,946.6205,700.1858,8371.8171,587.8004,24
346,10018.6226,490.5525,360.0763,9167.9938,552.1294,24
7050,10017.7078,657.4837,757.4313,8602.792800000001,779.1473000000001,24
5125,10017.104599999999,940.1534,836.3349,8240.6163,628.4035,24
6296,10016.67,617.9113,449.9704,8948.7883,561.6862,24
9759,10015.5245,472.0383,396.62149999999997,9146.8647,639.9579,24
9860,10015.5245,472.0383,396.62149999999997,9146.8647,639.9579,24
9859,10015.5245,472.0383,396.62149999999997,9146.8647,639.9579,24
9858,10015.5245,472.0383,396.62149999999997,9146.8647,639.9579,24
9961,10015.5245,472.0383,396.62149999999997,9146.8647,639.9579,24
9861,10015.5245,472.0383,396.62149999999997,9146.8647,639.9579,24
9758,10015.3931,471.9792,396.599,9146.8149,639.9486,24
9198,10014.4485,837.4583,507.9545,8669.0357,675.6641,24
7185,10014.3272,587.4544,522.0423,8904.8305,653.1279,24
9960,10013.6316,472.02470000000005,396.6147,9144.9922,639.7954000000001,24
9599,10011.511,629.4523,382.3968,8999.6619,759.4945999999999,24
8035,10011.3873,734.0733,604.9009,8672.4131,631.6039000000001,24
7038,10010.5559,795.212,830.1052999999999,8385.2386,633.4775,24
7880,10004.8309,939.0719,646.056,8419.703,572.2698,24
7713,9993.2324,582.5204,462.5603,8948.1517,575.934,24
6143,9990.8238,635.7566,578.5581999999999,8776.509,961.6568000000001,24
9556,9988.6614,705.1101,592.9149,8690.6364,555.575,24
4891,9988.3741,1951.6854,792.5249,7244.1638,827.1962000000001,24
5525,9977.4452,848.5131,679.3435000000001,8449.588600000001,609.5300000000001,24
5320,9970.5834,510.603,364.8003,9095.1801,1911.4958000000001,24
3936,9969.7548,699.4002,566.9741,8703.380500000001,681.7824999999999,24
6179,9960.1001,503.46229999999997,382.9575,9073.6803,586.6518,24
3629,9951.7726,1060.3115,799.0014,8092.459699999999,588.226,24
8411,9948.4019,1025.8843,817.7094999999999,8104.8081,623.2227,24
8569,9947.1724,644.9447,565.1263,8737.1014,740.1368,24
9689,9943.2359,431.9133,411.5322,9099.7904,690.5747,24
8341,9941.925799999999,863.4932,558.9946,8519.438,641.4276,24
7835,9940.6881,718.4991,598.4292,8623.7598,628.6682000000001,24
7843,9936.9125,841.8704,738.0346,8357.0075,602.0437999999999,24
2934,9936.0688,676.3783,588.1485,8671.542,1091.4494,24
3121,9930.3227,608.1134,536.9197,8785.2896,604.7169,24
7935,9927.4037,711.366,589.5685,8626.4692,629.1557,24
6186,9927.2804,735.7008,549.9028,8641.6768,556.1241,24
8613,9926.6704,980.4118,778.2923,8167.9663,778.3061,24
6287,9921.9523,739.9562,554.2899,8627.7062,561.6983,24
3330,9919.5902,860.9288,638.0462,8420.6152,607.9018,24
1351,9915.9285,1006.8346,904.8505,8004.2434,641.9666,24
6749,9914.7078,1014.3296,1135.1504,7765.227800000001,668.3386,24
7934,9910.9866,728.1600999999999,601.6688,8581.1577,623.5694,24
3832,9904.6829,940.563,838.0792,8126.0407,613.9127,24
8036,9903.8821,720.0538,592.0336,8591.7947,622.1044,24
7939,9900.7079,843.8131,816.6462,8240.2486,593.607,24
954,9896.8161,519.7607,542.1682,8834.8872,572.7291,24
9481,9895.6147,720.1259,551.0338,8624.455,605.2993,24
3529,9891.0787,1095.1411,834.9652,7960.9724,580.6021,24
3470,9889.7762,957.1848,938.2687,7994.322700000001,642.5145,24
4481,9889.2207,1228.7826,707.2903,7953.1478,1397.1068,24
6184,9879.3708,596.6917,483.5489,8799.1302,634.3052,24
8134,9876.773,864.8449,688.058,8323.8701,593.1231,24
7781,9875.264,936.5407,668.9522000000001,8269.7711,595.5373999999999,24
3680,9874.871500000001,710.9117,543.2936,8620.6662,571.6777000000001,24
8933,9871.4449,1086.9524,722.6337,8061.8588,580.6925,24
950,9864.3014,822.8211,839.3875,8202.0928,615.3704,24
7779,9859.4494,884.7482,658.5699,8316.1313,539.9669,24
3579,9857.8576,680.1536,539.7509,8637.9531,551.6128,24
1554,9848.9855,693.7098,711.0876,8444.1881,744.6871000000001,24
5419,9847.3208,479.6219,360.8021,9006.8968,1886.0128,24
5478,9846.832,580.4423,473.6979,8792.6918,525.7442,24
1260,9845.5325,583.9472000000001,543.5883,8717.997,562.7884,24
8409,9842.6371,1081.2131,801.6222,7959.8018,652.3724000000001,24
8509,9842.6371,1081.2131,801.6222,7959.8018,652.3724000000001,24
3569,9842.5553,1008.9259,1025.8259,7807.8035,624.2009,24
3120,9841.710299999999,577.0424,479.3609,8785.307,602.0586999999999,24
7936,9839.0872,714.821,594.6298,8529.6364,619.6672,24
7047,9837.3174,790.5316,737.6768,8309.109,569.7611,24
6187,9837.2223,731.4756,546.432,8559.3147,552.5606,24
4225,9828.1478,789.6412,659.753,8378.7536,596.1224,24
9199,9825.621,864.9738,509.4405,8451.2067,673.8802000000001,24
9795,9819.6192,617.6615,496.9484,8705.0093,798.5341999999999,24
3486,9817.4533,752.5406,518.803,8546.109699999999,594.7031,24
2244,9813.9389,438.5582,515.7633,8859.6174,723.6317,24
9754,9810.9408,526.7126,434.22450000000003,8850.0037,678.7651,24
4672,9810.6997,1098.4519,1756.5699,6955.6779,573.3583,24
3778,9792.9071,718.0735,543.1502,8531.6834,570.3629000000001,24
3679,9792.9071,718.0735,543.1502,8531.6834,570.3629000000001,24
3678,9792.9071,718.0735,543.1502,8531.6834,570.3629000000001,24
3780,9792.9071,718.0735,543.1502,8531.6834,570.3629000000001,24
3779,9792.9071,718.0735,543.1502,8531.6834,570.3629000000001,24
7789,9791.7151,793.793,597.8934,8400.028699999999,549.5306,24
9098,9787.372800000001,844.422,504.1209,8438.8299,677.1152,24
9959,9771.635699999999,470.2356,395.5921,8905.807999999999,619.0357,24
8358,9768.7745,903.2476,856.9504999999999,8008.5764,593.8688,24
8312,9764.9613,943.8414,762.2408,8058.8791,648.6113,24
3035,9759.3708,702.5862,509.0511,8547.7335,740.0372,24
7846,9752.6487,690.9137,764.342,8297.393,934.1831,24
9962,9747.5256,490.73019999999997,388.2632,8868.5322,621.4219999999999,24
766,9747.259,622.3139,553.6366,8571.3085,549.5639,24
2045,9740.5934,467.7707,445.8908,8826.9319,678.7334,24
8750,9735.7281,556.4627,497.1498,8682.1156,604.6851,24
1452,9733.9216,614.8155,595.1882,8523.9179,617.1193000000001,24
2439,9732.9427,565.6396,493.3345,8673.9686,546.8775,24
2653,9731.1741,723.1526,736.8076,8271.2139,596.3767,24
7125,9730.4868,683.3356,526.5617,8520.5895,554.7034,24
9856,9726.6891,510.9486,423.3768,8792.3637,641.7517999999999,24
8415,9722.4535,469.5188,328.0344,8924.9003,573.3725000000001,24
8542,9721.8089,607.0938,409.59069999999997,8705.1244,617.2365,24
3466,9715.8605,708.2168,556.1793,8451.4644,546.4331999999999,24
9055,9715.5638,721.8047,580.4029,8413.3562,624.5763000000001,24
9757,9715.3535,488.1801,405.1522,8822.0212,572.7038,24
9050,9712.8131,700.1841,605.3601,8407.2689,541.0206,24
9254,9711.1371,730.1071,504.549,8476.481,575.6178000000001,24
8722,9710.1879,486.5794,322.1176,8901.4909,583.2742000000001,24
8840,9700.548,805.5583,422.92560000000003,8472.0641,547.4489,24
1957,9697.9195,639.2574999999999,628.5506,8430.1114,706.164,24
8691,9697.2117,646.8994,500.4273,8549.885,687.9166,24
8839,9693.535,877.6525,452.8164,8363.0661,576.7531,24
7184,9689.6032,565.7087,452.1101,8671.7844,607.1063,24
3221,9689.3912,606.7542,562.965,8519.672,732.0011000000001,24
9975,9674.7387,503.9044,490.0499,8680.7844,695.4488,24
5578,9662.3767,654.8615,539.9055999999999,8467.6096,540.2821,24
8833,9660.8526,1047.5091,692.552,7920.7915,574.3555,24
8195,9660.6629,685.7615999999999,514.9477,8459.9536,613.4689,24
8286,9656.6437,1063.2966000000001,859.6686,7733.6785,555.3492,24
6477,9650.0785,644.8183,524.7004000000001,8480.559799999999,570.1211,24
2538,9646.7216,566.2156,492.0269,8588.4791,543.5215000000001,24
2633,9645.601,784.6847,528.1628000000001,8332.7535,552.4425,24
8351,9644.6387,674.5753,595.0463,8375.017100000001,564.1327,24
8932,9643.9265,1049.6861,690.2156,7904.0248,597.3345999999999,24
750,9634.0959,520.7209,469.9251,8643.4499,575.2494,24
8955,9625.5761,666.6233,600.8302,8358.1226,652.421,24
7950,9622.6582,742.4602,602.9968,8277.2012,521.7565999999999,24
3933,9618.2642,667.4627,569.6596999999999,8381.1418,602.3756999999999,24
3830,9616.4892,903.971,798.1809,7914.3373,617.2134,24
4132,9614.817,656.9592,614.0767,8343.7811,542.2797,24
1056,9614.0026,623.2669000000001,482.519,8508.2167,639.5594,24
4539,9603.4934,1016.4502,747.4282000000001,7839.615,670.1435999999999,24
6683,9603.2137,681.9451,536.4695,8384.7991,605.5533,24
3022,9596.7778,639.9929,556.3933,8400.3916,606.0087,24
1350,9595.7958,1081.2103,1024.5046,7490.0809,632.4829,24
2147,9595.5324,590.0441,612.3842999999999,8393.104,813.8291,24
8931,9580.4657,776.9259,517.9949,8285.5449,619.2182,24
2239,9569.8184,406.4722,341.007,8822.3392,634.1232,24
3562,9569.66,2819.1218,381.0468,6369.4914,493.1662,24
9100,9568.9074,851.5101,500.9857,8216.4116,678.2687999999999,24
3831,9567.7224,884.8788999999999,776.2035,7906.639999999999,613.2189,24
9353,9567.4223,750.2171999999999,467.5079,8349.6972,583.3749,24
8830,9566.7197,548.4857,393.38100000000003,8624.853,635.0817,24
8082,9560.6561,680.8722,571.9778,8307.8061,667.0758000000001,24
1853,9556.739,936.4247,569.0872,8051.2271,716.7775,24
3284,9555.547,824.1811,494.9296,8236.4363,553.5721,24
8602,9555.1558,1015.5183,847.7713,7691.8661999999995,787.8336,24
3878,9550.6569,705.9065,542.6433,8302.107100000001,555.4178,24
9099,9550.2363,850.5304,500.3707,8199.3352,678.5879,24
9049,9549.7193,695.3208,601.0282,8253.3703,532.737,24
4831,9549.5544,599.8521,554.9004,8394.8019,607.6106,24
3185,9548.642,853.1007,512.5376,8183.003699999999,559.0379,24
2146,9547.5787,518.101,452.1752,8577.3025,736.6502999999999,24
8760,9547.5537,923.2645,823.6052,7800.684,599.2402,24
5365,9537.4304,1262.6582,1921.0749,6353.6973,645.9439,24
6394,9536.5501,562.1652,424.2886,8550.0963,613.6719,24
8949,9532.5402,628.3379,570.976,8333.2263,518.8219,24
5575,9532.5269,1001.1202999999999,1085.7145,7445.6921,676.7899,24
3321,9530.8115,663.038,637.0847,8230.6888,738.0192,24
9486,9529.7488,398.9815,352.4117,8778.3556,940.5764000000001,24
3320,9529.222,662.9535999999999,636.7798,8229.4886,737.3706,24
8685,9527.122,589.2225,487.469,8450.4305,542.9037999999999,24
3676,9526.1839,519.8759,370.4661,8635.8419,812.1198999999999,24
3358,9522.0839,3642.4336,310.8239,5568.8264,564.8951,24
9261,9519.4603,791.6787,631.4738,8096.3078000000005,561.4601,24
8610,9514.7003,1035.3224,755.7604,7723.6175,614.5905,24
3879,9512.302599999999,707.1389,544.7583,8260.4054,552.9377999999999,24
8777,9507.9641,1081.5305,837.8787,7588.5549,545.5516,24
6217,9505.8976,556.5924,487.57980000000003,8461.7254,679.4359000000001,24
3325,9504.4116,890.6512,894.1475,7719.6129,890.8963,24
8344,9498.0064,793.9417,527.62,8176.4447,549.5282,24
5382,9491.6217,496.1,366.7055,8628.8162,787.0937,24
9282,9491.4655,612.3452,519.3468,8359.7735,880.1029,24
5576,9490.0336,865.2112,899.6777,7725.1447,679.5471,24
4426,9489.4929,977.2746,890.4026,7621.8157,649.2732,24
5777,9487.0246,833.6561,811.5434,7841.8251,701.5227,24
2537,9484.0565,554.1729,479.4093,8450.4743,534.8193,24
7224,9483.7376,759.0362,694.7211,8029.9803,626.9394,24
9386,9478.9125,396.8548,350.5917,8731.466,937.5194,24
9400,9478.2424,734.5718,413.2853,8330.3853,606.4359999999999,24
4731,9472.0467,596.6717,551.7117,8323.6633,603.6417,24
6483,9465.9992,784.2085999999999,600.8112,8080.9794,610.5195,24
5236,9464.472,726.1398,688.9304,8049.4018,703.6335,24
2539,9459.865,544.6203,475.9334,8439.3113,533.8178,24
3527,9459.3676,869.7416,985.0259,7604.6001,805.1183000000001,24
3021,9453.5192,564.6718,512.0041,8376.8433,599.551,24
1349,9452.6808,1038.29,979.0125,7435.3783,554.6341,24
3880,9445.3916,703.2796,542.6681,8199.4439,548.6943,24
2630,9436.7999,752.0335,454.51980000000003,8230.2466,550.702,24
7169,9432.5338,789.8783,705.5355,7937.12,493.2225,24
3464,9427.6086,630.3322,447.7698,8349.5066,558.3834,24
9788,9419.6976,442.3334,411.7315,8565.6327,526.6923999999999,24
2057,9418.6534,588.6672,527.6097,8302.3765,568.9579,24
8142,9417.568,761.8193,564.3577,8091.3910000000005,558.9927,24
9068,9411.8055,883.8132,751.1881999999999,7776.8041,678.5911,24
146,9408.952,350.7331,258.41,8799.8089,489.0013,24
9563,9408.489599999999,1665.2702,520.2391,7222.9803,552.8159999999999,24
7858,9406.6436,973.5418,1018.2708,7414.831,689.3684000000001,24
3666,9404.5439,832.2638,747.2271,7825.053,558.2217,24
7376,9398.2755,807.1912,732.6277,7858.4566,586.3289,24
3482,9393.5623,583.8661999999999,493.15749999999997,8316.5386,514.9614,24
8930,9391.3343,564.295,382.8175,8444.2218,627.6125000000001,24
8030,9388.1916,323.4355,281.30719999999997,8783.4489,528.1450999999998,24
8045,9383.7099,1433.0424,527.6142,7423.0533,613.9285,24
5178,9379.5281,547.9861999999999,499.7208,8331.821100000001,677.485,24
3724,9375.2249,740.9048,674.3761000000001,7959.9439999999995,720.6741,24
8165,9373.8812,794.2535,565.1657,8014.4619999999995,559.8108,24
8420,9371.8048,420.6301,316.3239,8634.8508,518.1365,24
8551,9368.2239,687.8341,556.4958,8123.894,766.4037999999998,24
8669,9366.6449,549.7607,470.92400000000004,8345.9602,705.8691,24
6776,9366.085500000001,464.6115,418.546,8482.928,612.6263000000001,24
8967,9364.8224,853.1697,710.9735,7800.6792,615.7802,24
8386,9358.3831,1022.5453,827.8965,7507.9412999999995,584.5435,24
9989,9357.7406,334.249,358.1175,8665.374099999999,523.4295999999999,24
8268,9355.3061,591.0487,550.6244,8213.633,754.4735999999999,24
7881,9353.2489,894.4408000000001,644.4385,7814.3696,601.8799999999999,24
6677,9349.6243,460.0914,412.9885,8476.5444,611.4863,24
8831,9347.2259,583.5523,423.3446,8340.329,615.271,24
6318,9346.4009,585.2466000000001,530.131,8231.0233,768.5946,24
5230,9342.5615,666.235,479.67539999999997,8196.6511,524.5221,24
3560,9340.8143,3667.2387,387.6657,5285.9099,512.2512,24
9554,9340.168,748.1029,464.4035,8127.6616,570.7576,24
6016,9336.105,522.0885999999999,468.4769,8345.5395,546.3103,24
7879,9334.1744,813.6711,607.2034,7913.2999,511.5707,24
3834,9329.8938,699.6408,530.9497,8099.3033,630.2104999999999,24
1556,9329.6924,731.1255,735.0358,7863.5311,896.4615,24
2531,9327.693,758.0315,459.1843,8110.477199999999,575.0164,24
2656,9326.8095,805.1034,587.8891,7933.817,573.7703999999999,24
4039,9322.3388,882.1299,730.5699,7709.639,626.0068,24
4825,9319.9936,795.6882,782.6918000000001,7741.6136,578.4001,24
5542,9311.5405,1066.5674,734.8373,7510.1358,590.9648,24
6777,9310.996500000001,455.7432,410.48789999999997,8444.7654,609.8355000000001,24
6678,9310.996500000001,455.7432,410.48789999999997,8444.7654,609.8355000000001,24
6778,9310.996500000001,455.7432,410.48789999999997,8444.7654,609.8355000000001,24
3034,9310.9747,670.0454,483.6435,8157.2858,728.1627000000001,24
8037,9307.1559,806.6281,606.6166000000001,7893.9112,578.7937999999999,24
2349,9301.395700000001,689.6441,935.4738,7676.2778,1169.3364000000001,24
7738,9301.3305,839.5335,900.7575,7561.0395,586.6675,24
8870,9297.3147,810.1582,859.561,7627.5955,641.7964,24
8137,9294.988,846.7132,626.1528,7822.122,582.7238,24
9924,9289.1984,1056.0963,670.03,7563.0721,550.4291,24
3139,9286.364,637.9327,422.3139,8226.117400000001,545.1785,24
3138,9286.364,637.9327,422.3139,8226.117400000001,545.1785,24
3355,9284.8522,776.9111,488.6794,8019.2617,636.1085999999999,24
7245,9283.7783,641.4146,534.4647,8107.899,654.0842,24
6884,9278.148799999999,673.8824999999999,594.8194,8009.4469,613.076,24
1955,9275.7632,643.0595,605.7384000000001,8026.9653,690.8166,24
4075,9275.0006,1360.5122999999999,563.6564,7350.8319,544.5167,24
9382,9269.8115,624.375,508.7203,8136.7162,711.4996,24
9364,9261.5142,862.792,608.491,7790.2312,507.4607,24
3122,9259.4548,549.5277,502.9432,8206.9839,851.3299,24
3766,9252.6661,945.7732,877.5665,7429.3264,528.4932,24
3424,9241.684,807.7745,912.78,7521.1295,895.2701999999999,24
3781,9240.8812,693.0456,533.7605,8014.0751,536.3286,24
3677,9237.0191,659.6941,497.33869999999996,8079.9863,533.8845,24
3485,9235.7483,739.4166,506.5254,7989.8063,526.9856,24
4627,9235.7159,841.5341,842.8889,7551.2929,595.6985,24
2754,9234.5426,810.7330999999999,677.7792000000001,7746.0303,520.4571,24
6017,9234.4182,484.38009999999997,409.5603,8340.4778,611.6341,24
9925,9233.380000000001,1070.4189,687.5447,7475.4164,557.9648000000001,24
2685,9230.1242,756.3435999999999,642.2925,7831.4881,593.2912,24
5776,9227.7944,859.7179,697.5726,7670.5039,602.7927999999999,24
7981,9226.1029,874.4812,647.6975,7703.9241999999995,621.6172,24
6494,9219.7981,498.1095,374.1168,8347.5718,609.2456,24
9573,9219.04,753.4239,691.7328,7773.8832999999995,629.8606000000001,24
5138,9216.7181,560.546,713.5069,7942.6652,500.42240000000004,24
6594,9216.2787,497.5177,373.6483,8345.1127,609.1028,24
6493,9216.174500000001,497.4726,373.6205,8345.081400000001,609.0857000000001,24
6393,9216.174500000001,497.4726,373.6205,8345.081400000001,609.0857000000001,24
7745,9213.8191,738.7284,775.5024,7699.5883,824.0515,24
9956,9213.7217,508.1706,425.0301,8280.521,592.5106999999999,24
9191,9213.2845,597.292,400.599,8215.3935,596.6525,24
2786,9208.976,777.1605,669.8823,7761.9331999999995,604.0073,24
8641,9208.7771,560.3624,365.8149,8282.5998,612.1273000000001,24
6593,9208.7429,497.4594,373.5913,8337.6922,608.3294,24
5748,9205.4543,655.5876999999999,544.0906,8005.776,607.6223,24
5229,9203.9262,643.5104,451.2642,8109.1516,516.6069,24
7872,9202.8657,527.0089,525.7665,8150.0903,501.4448,24
8687,9200.5206,751.2847,495.8817,7953.3542,621.1514,24
8678,9198.3841,779.3238,542.2745,7876.7858,630.9793,24
3573,9196.0146,517.4009,358.5446,8320.0691,773.5938,24
3526,9185.5754,807.7365,939.5824,7438.2564999999995,812.4821999999999,24
6218,9185.1233,569.1043999999999,517.1428,8098.8760999999995,747.3236999999999,24
4630,9184.448,593.0448,565.6279999999999,8025.7752,567.3475,24
7938,9184.1491,798.2329,789.9589,7595.9573,572.557,24
8038,9182.7999,778.8531,696.3514,7707.595399999999,573.8228,24
6086,9182.684000000001,497.7777,360.8886,8324.0177,553.3249000000001,24
867,9179.9558,537.4755,483.3466,8159.133699999999,520.0669,24
3038,9176.882,622.2198,419.4038,8135.2584,519.5008,24
2686,9169.8387,766.9541,658.9953,7743.8893,601.2684,24
3539,9166.78,563.0594,408.7016,8195.019,647.9071,24
6117,9166.3788,480.9073,405.29019999999997,8280.1813,611.2441,24
2886,9165.3237,765.7763,657.7406,7741.8068,600.9524,24
2887,9161.8227,764.8633,656.7662,7740.1932,600.7074,24
6655,9161.5321,922.1913,796.4897,7442.8511,599.3829,24
3624,9158.4937,752.4625,826.9049,7579.1263,892.8513,24
8921,9157.6427,532.6483000000001,374.9654,8250.029,528.0993,24
7053,9156.4958,547.4771000000001,800.4308,7808.5879,697.623,24
7957,9150.6368,781.0545,858.2828,7511.2995,649.8720000000001,24
5136,9149.7609,610.6535,595.3896,7943.7178,671.1909,24
9655,9141.6785,613.3169,436.6481,8091.7135,539.4913,24
4428,9138.9683,926.3086000000001,968.8828,7243.7769,743.5063,24
5418,9137.5596,465.2673,341.2697,8331.0226,1598.9741000000001,24
5037,9135.412,600.2019,587.5389,7947.6712,669.0717999999999,24
5137,9135.412,600.2019,587.5389,7947.6712,669.0717999999999,24
5036,9135.412,600.2019,587.5389,7947.6712,669.0717999999999,24
7683,9133.873,846.2975,586.4322,7701.1433,660.2745,24
2756,9132.3052,804.2486,458.7806,7869.276,669.8249999999999,24
2757,9131.266,804.1582,458.66400000000004,7868.4438,669.8287,24
2857,9131.266,804.1582,458.66400000000004,7868.4438,669.8287,24
5849,9126.8744,782.0266,638.1664,7706.6814,628.4386999999999,24
9772,9126.0275,658.8042,654.8255,7812.3978,799.8913,24
2237,9123.1341,420.1233,358.1639,8344.8469,594.1610999999999,24
6848,9114.5815,703.7241,772.1951,7638.6623,568.2111,24
8359,9108.0676,773.9825,737.7875,7596.2976,567.8663,24
5332,9101.0101,766.3674,565.7455,7768.8972,556.1135,24
8461,9099.482,908.2765,863.2389,7327.9666,576.8183,24
3881,9099.4586,680.9473,562.5245,7855.9868,526.4768,24
8451,9099.3454,699.104,562.749,7837.4924,739.3954000000001,24
1852,9094.5929,839.2427,526.8629999999999,7728.4872,693.6117999999999,24
8164,9092.7766,721.6799,481.9962,7889.1005,539.3938999999999,24
3951,9092.7526,689.1841,609.3231000000001,7794.2454,571.5075,24
6118,9091.2336,480.4021,408.4994,8202.3321,599.5229999999999,24
7793,9079.2883,928.4852,773.0898000000001,7377.7133,506.68180000000007,24
2787,9078.4433,748.479,640.5124,7689.4519,594.7075,24
2758,9073.8655,788.2629000000001,449.7359,7835.8667,667.0030999999999,24
6085,9073.674,483.0297,348.983,8241.6613,547.6294,24
6087,9069.2412,480.5186,348.1386,8240.584,547.432,24
5987,9068.0229,479.78999999999996,347.8936,8240.3393,547.3842999999999,24
5986,9064.2032,477.5061,347.1258,8239.5713,547.2347,24
3384,9050.5785,859.7436,524.5491,7666.2858,561.3275,24
3522,9050.4018,714.2498,861.6873,7474.4646999999995,921.229,24
1146,9045.2631,758.3515,726.0671,7560.8445,529.0554,24
1953,9031.9454,821.1115,516.2356,7694.5983,664.7457,24
2785,9031.0299,733.3784,619.8069,7677.844599999999,592.2796000000001,24
8585,9016.3115,563.2662,465.8093,7987.236,489.2069000000001,24
5677,9013.1352,807.8251,799.5374,7405.7726999999995,663.6177,24
3462,9011.1466,2841.2651,348.25939999999997,5821.6221,466.5522,24
2937,9009.8387,582.3137,408.2599,8019.2651,513.3113,24
2835,9005.0291,574.4435,554.7391,7875.8465,846.5957,24
8731,9005.0194,535.9318,396.45239999999995,8072.6352,591.4239,24
5077,9004.6388,601.7825,588.1932,7814.6631,493.59159999999997,24
9454,8999.699700000001,728.8867,454.1858,7816.6272,551.3597000000001,24
5676,8999.2586,807.5339,797.9339,7393.7908,661.9069000000001,24
3459,8997.2397,3698.5111,308.6152,4990.1134,507.4117,24
9354,8992.9217,724.8108,452.995,7815.115900000001,550.8788,24
8284,8991.187,604.4944,500.9378,7885.7548,510.9973,24
9385,8989.5132,415.8576,353.4099,8220.2457,840.6642,24
8592,8987.1184,602.7225,506.3439,7878.052,607.1335,24
4563,8984.5335,1294.9953,1021.0004,6668.5378,498.06550000000004,24
9262,8984.0265,789.289,583.8727,7610.8648,471.2874,24
8316,8982.0273,483.9101,305.1524,8192.9648,636.3385,24
2858,8979.9379,780.6769,445.7076,7753.5534,659.2749,24
3556,8978.5343,493.9336,430.6577,8053.943,553.5807,24
2687,8977.8164,733.8043,627.3276,7616.684499999999,587.098,24
7286,8976.0783,471.26239999999996,378.5868,8126.2291,590.9144,24
1348,8971.7886,933.3188,873.9592,7164.5106,526.8757,24
8043,8969.7978,757.9879,517.6114,7694.1984999999995,534.4756,24
2885,8957.1548,713.9195,599.3035,7643.9318,587.0568000000001,24
7788,8951.5936,1230.1825,559.5135,7161.8976,532.2103999999999,24
6634,8951.3929,1524.1691,1931.1045,5496.1193,903.9319,24
6293,8943.8437,486.2688,365.29179999999997,8092.2831,580.7037,24
7338,8943.396,660.1407,639.2587,7643.9966,646.5671000000001,24
9981,8940.2223,554.5269,380.45889999999997,8005.2365,515.5895,24
3020,8935.1333,482.5092,420.2048,8032.4193,571.4045,24
8146,8931.8488,1931.6496,517.5207,6482.6785,558.8051,24
2986,8928.8822,722.1591999999999,597.7438,7608.9792,578.9915000000001,24
8416,8924.5187,439.1182,285.1646,8200.2359,549.9753000000001,24
8161,8914.2526,701.9371,591.9634,7620.3521,504.80730000000005,24
8650,8912.0736,689.9959,538.3004,7683.7773,753.2914000000001,24
5080,8911.7587,574.6533,453.8711,7883.2343,808.2543000000001,24
3428,8889.9382,795.1378,720.2271,7374.5733,560.4117,24
7658,8889.165500000001,622.587,688.6762,7577.9023,581.2432,24
9581,8886.3269,732.4483,542.3909,7611.4877,548.0215000000001,24
5028,8884.8954,1073.6525,1042.8926,6768.3503,528.2604,24
9594,8882.5635,443.2048,385.05649999999997,8054.3022,1023.4977,24
3730,8880.428,843.0466,738.1754999999999,7299.2059,593.1035999999999,24
7958,8875.221,841.7882,871.878,7161.5548,647.9896,24
5888,8874.0531,490.5938,367.7638,8015.6955,531.0653,24
1248,8873.8696,968.198,922.7796,6982.892,516.5699,24
7449,8868.7876,570.1144,533.5393,7765.1339,622.1302000000001,24
3155,8865.7229,941.4418000000001,747.4972,7176.783899999999,569.4311,24
3379,8863.6054,477.1035,457.2756,7929.2263,518.3315,24
3479,8863.0681,476.9159,457.1457,7929.0065,518.3509,24
3746,8855.0847,646.5001,532.406,7676.1786,507.7894,24
2856,8852.5781,786.5444,457.936,7608.0977,634.5923,24
9787,8851.9275,621.9398,505.8297,7724.158,537.5036,24
1797,8847.896,564.8806000000001,409.1664,7873.849,655.5074000000001,24
4335,8845.4732,2656.6786,464.35880000000003,5724.4358,712.5172,24
8237,8844.433500000001,774.5413,544.8722,7525.02,553.6909,24
3140,8843.7356,610.8794,406.9857,7825.8705,517.7599,24
4677,8842.4303,658.9241,598.8663,7584.6399,904.5604999999999,24
9491,8839.435,339.7871,307.3712,8192.2767,1574.7772,24
8157,8836.9954,735.109,817.1076,7284.7788,653.8752999999999,24
9179,8834.0647,533.5268,503.3743,7797.1636,837.0859,24
9947,8832.0724,596.563,588.3487,7647.160699999999,645.1687999999999,24
7281,8827.9283,715.635,625.9116,7486.3817,491.9678,24
8057,8826.3741,734.2842,817.6681,7274.4218,655.7982999999999,24
8056,8826.3741,734.2842,817.6681,7274.4218,655.7982999999999,24
7735,8824.5411,668.4948,713.9297,7442.1166,679.2277,24
8246,8818.1998,1959.1483,507.9214,6351.1301,545.116,24
9571,8816.1068,994.1383999999999,892.8919,6929.0765,651.2858,24
9083,8814.3235,628.4585,507.4423,7678.4227,896.7125000000001,24
4725,8813.5602,794.4554,806.9084,7212.1964,549.7496,24
9685,8809.0794,820.0116,615.2194,7373.8484,520.2794,24
752,8808.4949,409.095,352.1047,8047.2952000000005,529.5732,24
1989,8807.2764,873.0874,545.3425,7388.846500000001,502.72860000000003,24
7884,8803.6186,1242.0264,690.5432,6871.049,586.2007,24
8132,8803.4064,550.5514000000001,516.1908,7736.6642,538.1331,24
1054,8799.8086,486.4441,490.1966,7823.1679,500.6748,24
8261,8798.303100000001,696.1426,580.7038,7521.4567,500.8038,24
8462,8794.8136,981.1466,842.4014,6971.2656,534.0549000000001,24
9020,8794.5702,579.7918999999999,412.4157,7802.3626,513.3321,24
8995,8789.813,642.6288,492.4301,7654.7541,488.86940000000004,24
2386,8786.4969,629.9221,521.6395,7634.9353,564.337,24
8568,8781.837,464.33529999999996,386.8932,7930.6085,667.7758,24
2730,8779.8937,742.0673,451.8012,7586.0252,518.0252,24
8454,8773.6147,474.6782,484.90840000000003,7814.0281,834.7715,24
9868,8770.4995,906.9343,647.7749,7215.7903,483.0163,24
9119,8769.5082,560.7957,394.35269999999997,7814.3598,500.435,24
8213,8765.0954,847.8084,575.6359,7341.6511,581.3458,24
8543,8763.8844,618.9231,382.5482,7762.4131,518.2649,24
3368,8759.5793,637.3144,464.4699,7657.795,476.3595,24
7836,8758.8148,705.2823,689.7553,7363.7771999999995,529.3233,24
3429,8753.7758,924.4636,646.2286,7183.0836,518.6375,24
1453,8746.3115,555.7988,591.265,7599.2477,610.3676,24
2957,8745.1616,915.6848,711.2072,7118.2696,547.5923,24
8798,8744.2016,598.7354,416.851,7728.6152,515.4118,24
9957,8742.6056,480.8979,407.4063,7854.3014,508.14279999999997,24
6317,8742.5377,562.0211,504.2512,7676.2654,709.1499,24
8978,8741.945,884.5313,674.3035,7183.1102,509.1445,24
8158,8741.1379,686.6058,669.3618,7385.1703,561.2478,24
9958,8740.2442,462.6105,391.2337,7886.4,530.5567,24
9676,8733.4119,506.25100000000003,462.564,7764.5969,753.3480000000001,24
8160,8733.017100000001,672.8451,566.9659,7493.2061,504.64109999999994,24
7688,8728.394,1117.4251,521.2911,7089.6777999999995,515.3562,24
2238,8725.0404,384.1715,321.3003,8019.5686,566.1379,24
9945,8723.9772,618.7188,545.5664,7559.692,521.8362,24
9363,8723.4204,752.5848,499.5415,7471.2941,467.1762,24
9575,8720.7716,557.4294,511.2651,7652.0771,822.3761999999999,24
2191,8720.0555,544.9993,402.2839,7772.7723,485.2957,24
7481,8712.5208,923.5812,693.2931,7095.6465,479.2445,24
9683,8710.1941,855.8212,634.2051,7220.1678,509.26120000000003,24
965,8706.4702,516.862,478.556,7711.0522,516.3772,24
8257,8702.878700000001,692.4901,709.3747000000001,7301.0139,571.3965000000001,24
964,8696.5219,514.9599,506.8711,7674.6909,573.8956999999998,24
7636,8693.4761,680.8525,749.6976999999999,7262.9259,684.1164,24
6488,8691.6503,659.8382,474.4636,7557.3485,490.1708,24
8540,8688.4655,584.8307,452.34139999999996,7651.2934,520.5378000000001,24
849,8686.0124,800.0031,805.6291,7080.3802000000005,547.0115000000001,24
3257,8685.8336,927.0731,743.1893,7015.5712,548.6861,24
3157,8684.2255,931.5269,751.9891,7000.7095,563.1080999999999,24
3156,8684.2255,931.5269,751.9891,7000.7095,563.1080999999999,24
3057,8684.2255,931.5269,751.9891,7000.7095,563.1080999999999,24
3056,8684.2255,931.5269,751.9891,7000.7095,563.1080999999999,24
8550,8677.599699999999,687.2616,532.4335,7457.9046,745.6559,24
3731,8677.304,710.4583,691.4815,7275.3642,560.0634,24
8384,8677.1194,613.1832,518.0475,7545.8886999999995,498.5892,24
9574,8675.3923,675.3305,589.6632,7410.3986,604.0621000000001,24
8893,8674.0176,632.3609,493.7813,7547.8754,481.09909999999996,24
7673,8670.9424,603.9208,675.848,7391.1736,465.09309999999994,24
8162,8667.5399,702.5581999999999,572.8616000000001,7392.1201,489.98400000000004,24
4275,8665.0891,774.4824,416.4466,7474.1601,504.0537,24
9034,8659.1755,809.9205,568.8290999999999,7280.4259,576.2583,24
5228,8650.6824,719.7674,563.5791,7367.3359,484.7388,24
8013,8648.8531,991.8258999999999,519.4168999999999,7137.6103,509.15279999999996,24
7838,8647.6543,796.8366,867.2505,6983.5672,534.6052,24
5573,8642.1794,1265.5991999999999,1311.2853,6065.2949,487.30449999999996,24
9193,8637.948,566.4585999999999,419.85290000000003,7651.6365,558.2259,24
1796,8637.8026,546.0742,426.329,7665.3994,639.7975000000001,24
767,8635.620499999999,552.4729,476.5802,7606.5674,496.1634,24
7689,8634.9608,697.303,534.2908,7403.367,502.1938,24
7345,8631.2409,674.7341,591.6024,7364.9044,575.8681,24
9279,8626.024,505.958,442.7672,7677.2988000000005,693.9443,24
6116,8624.7549,483.5977,431.7116,7709.4456,524.3008,24
9779,8623.774300000001,492.6113,341.8218,7789.3412,570.9721999999999,24
6288,8623.1051,572.0359,419.1719,7631.8973,510.33439999999996,24
3667,8616.1531,926.1564,876.8617,6813.135,560.5905,24
9862,8614.824200000001,765.039,365.5863,7484.1989,531.5688,24
8075,8610.4782,645.3567,558.5928,7406.5287,466.5854,24
5736,8609.8042,974.4984,693.52,6941.7858,500.6399,24
9684,8609.4082,841.3152,622.1879,7145.9051,503.6894,24
2888,8609.3283,692.3669,564.4875,7352.4739,552.9781,24
8156,8608.3391,708.0129000000001,788.0306,7112.2955999999995,638.8977000000001,24
6119,8602.4712,465.8419,402.1508,7734.4785,551.4381000000001,24
7635,8582.4953,661.9808,717.7678999999999,7202.7466,688.8437,24
1064,8580.432499999999,498.1914,483.8178,7598.4233,568.404,24
9848,8577.044,543.1457,519.3556,7514.5427,628.2322,24
3681,8565.8348,546.5607,482.8483,7536.4258,459.29499999999996,24
8313,8565.4622,739.2548,648.0373000000001,7178.1701,530.7697,24
7878,8562.8491,667.1287,543.4223,7352.2981,475.04830000000004,24
6783,8562.5686,577.4211,474.4189,7510.7285999999995,573.861,24
8440,8559.4807,644.2429,490.0464,7425.1914,514.0908000000001,24
8058,8558.3436,692.2659,742.8245000000001,7123.2532,617.4066,24
6849,8552.5085,741.9614,568.2031000000001,7242.344,623.4599,24
8869,8544.953300000001,722.2589,805.0271,7017.6673,593.0797,24
8614,8541.3435,468.2955,358.0093,7715.0387,570.4402,24
7984,8538.9209,831.4173000000001,574.6336,7132.87,621.1543,24
1795,8533.1122,566.3000999999999,485.0702,7481.7419,652.0619,24
6219,8533.0267,509.8128,461.0777,7562.1362,677.8514,24
6018,8530.5421,458.9459,387.0344,7684.5618,566.1175000000001,24
3826,8528.1102,720.7074,589.9679,7217.4349,515.8720999999999,24
4439,8527.2902,881.1793,681.3439,6964.767,596.1506999999999,24
7170,8524.1037,803.7411999999999,829.7459,6890.6166,468.5692,24
9991,8522.3459,466.5879,397.9215,7657.8365,495.3857,24
9749,8517.32,598.6304,557.3917,7361.2979000000005,557.7767000000001,24
3943,8512.6987,886.6892,632.577,6993.4325,533.3547,24
3419,8512.6011,568.6331,423.47249999999997,7520.4955,445.9751,24
7549,8512.4208,553.2957,552.3014,7406.8237,588.6369000000001,24
2985,8509.975,687.788,562.1568,7260.0302,547.0488,24
5025,8508.8891,751.7616,722.8884,7034.2391,508.6506,24
7723,8505.6971,814.5813,1024.9911,6666.1247,1131.495,24
9891,8504.6869,381.7735,363.724,7759.189399999999,457.61069999999995,24
5029,8504.2733,617.5503,589.9524,7296.7706,521.2815,24
9492,8499.9718,395.9158,353.2873,7750.7687,1090.9970999999998,24
8309,8496.7405,891.3367,655.4221,6949.981699999999,574.7936,24
4526,8494.2608,960.4951,954.8543,6578.9114,610.0756,24
3825,8492.074,716.2178,581.8638,7193.9924,512.3869,24
8039,8491.539,688.3078,522.4905,7280.7407,537.8322000000001,24
7964,8490.3239,596.1789,488.2384,7405.9066,520.1403,24
7687,8487.4969,1402.6885,455.5967,6629.2117,510.3536,24
8988,8487.4659,802.2754,596.603,7088.5875,529.4026,24
9490,8485.1588,330.2625,283.5116,7871.3847,1520.1081,24
3019,8485.001,440.4515,390.9269,7653.622600000001,609.4513000000001,24
8346,8482.4478,1937.7473,494.121,6050.5795,554.3643999999999,24
8061,8479.8763,641.5263,545.3586,7292.9914,451.3193,24
9592,8479.2245,378.2609,351.073,7749.8906,1186.449,24
3131,8474.4417,820.0331,603.8853,7050.5233,509.2655,24
3359,8474.3858,3711.5353,246.0223,4516.8282,485.3107,24
1952,8472.0245,704.9202,460.2565,7306.8478000000005,556.6011,24
1164,8467.9311,511.9976,507.1183,7448.8152,554.0676,24
9946,8466.7978,548.7768,515.8297,7402.1913,589.9339,24
1050,8464.9854,834.0009,856.6654,6774.3191,530.605,24
966,8464.5717,474.0887,442.1963,7548.2867,550.978,24
3258,8463.000900000001,1591.759,524.6664,6346.5755,483.60490000000004,24
9473,8455.744,678.6925,569.6628,7207.3887,523.431,24
2987,8455.0516,696.4870999999999,537.3052,7221.2593,531.0974000000001,24
9048,8451.5994,820.6641999999999,470.6201,7160.3151,468.98749999999995,24
2491,8448.5853,581.4859,467.9936,7399.1058,478.8431,24
3938,8446.7698,651.4758,552.9879,7242.3061,502.53970000000004,24
1454,8446.46,554.7288,606.5177,7285.2135,625.9767,24
3130,8444.2691,765.2123,556.4312,7122.6256,502.6261,24
5915,8437.1897,522.4278,448.2282,7466.5337,510.88230000000004,24
3729,8433.5066,907.9941,862.1578,6663.3547,797.318,24
2390,8433.5008,529.3109,425.9651,7478.2248,473.3476,24
3824,8430.6146,708.0335,578.1202000000001,7144.4609,505.18379999999996,24
9277,8421.4164,635.3863,567.867,7218.1631,769.7888,24
8345,8421.1746,1133.7147,487.9916,6799.4683,533.7741,24
7676,8416.1893,520.0218,583.8727,7312.2948,462.3579,24
8413,8411.7055,612.6867,611.233,7187.7858,532.5494,24
3829,8411.6882,891.3771,818.8541,6701.457,727.0396000000001,24
2956,8410.8153,882.3938,691.8617,6836.5598,530.8902,24
5577,8410.2911,747.5984,743.2247,6919.468,607.3169,24
5224,8404.0221,785.9349,685.3045,6932.7827,499.66659999999996,24
5340,8401.9796,371.7017,749.7674,7280.5105,511.38910000000004,24
8668,8399.5623,444.6425,372.6441,7582.2757,635.0227,24
8258,8393.9044,628.7685,557.7182,7207.4177,538.8673,24
2688,8390.0705,663.2958,562.2433,7164.5314,532.1662,24
9773,8388.322,616.4016,643.6116,7128.3088,813.1524,24
2919,8387.895,437.1692,387.5486,7563.1772,601.2402000000001,24
9092,8384.2809,716.9857,531.4326000000001,7135.8626,582.6827,24
8262,8380.6156,703.281,550.6507,7126.6839,472.7446,24
9355,8373.5964,695.7069,475.2636,7202.6259,511.7611,24
3058,8373.0619,859.8656,692.8098,6820.3865,540.567,24
1647,8372.437,219.3465,248.4795,7904.611,789.2785,24
1747,8372.4284,219.3465,248.4709,7904.611,789.2765999999999,24
8217,8370.5489,441.437,296.0108,7633.1011,545.4944,24
8159,8365.5759,591.0636,505.0887,7269.4236,508.9268,24
7082,8363.5444,491.208,463.0885,7409.2479,708.1677,24
1954,8360.0965,632.6195,480.29990000000004,7247.1771,629.3378,24
3472,8357.3923,638.4412,583.4018,7135.5493,468.1235999999999,24
4764,8352.494,1023.9067,1271.1033,6057.4839999999995,660.3415,24
7550,8349.1303,475.6268,695.9793999999999,7177.5241,601.6188999999999,24
7450,8347.2147,471.009,699.1322,7177.0734999999995,599.3919,24
9035,8347.1978,549.6818,412.57500000000005,7384.941,500.30920000000003,24
8994,8343.9716,612.6383,480.46500000000003,7250.8683,468.2685,24
8894,8343.9716,612.6383,480.46500000000003,7250.8683,468.2685,24
5988,8343.3542,444.3777,322.76279999999997,7576.2137,502.5379,24
1047,8342.2182,896.0179,902.4446,6543.7557,523.6879,24
1696,8339.8089,552.0891,394.5026,7393.2172,595.9454,24
7488,8336.7593,823.6428,467.4423,7045.6742,502.931,24
2831,8332.3668,779.83,487.3156,7065.2212,507.9355,24
967,8331.2071,462.3506,434.53610000000003,7434.3204,556.5477,24
8794,8330.648299999999,612.0427,480.1262,7238.4794,467.4733,24
8163,8328.6291,701.6194,547.3612,7079.6485,469.308,24
7584,8322.7205,878.9464,570.0504,6873.7237,585.5123,24
8214,8313.9583,729.2213,480.554,7104.183,480.48389999999995,24
7778,8313.9121,600.3811,503.5443,7209.9867,453.26650000000006,24
7773,8311.7233,296.0479,413.1374,7602.538,567.5979999999998,24
3017,8303.9112,554.5418999999999,385.7768,7363.5925,739.4604999999999,24
8456,8300.8536,563.696,496.15610000000004,7241.001499999999,475.9534,24
1648,8300.0533,245.3364,270.3276,7784.3893,644.2205,24
2639,8298.5178,430.5467,312.5524,7555.4187,472.0993,24
6555,8297.2147,817.1885,701.7307,6778.2955,579.7157,24
4473,8296.7716,395.4398,326.8728,7574.459,480.682,24
9593,8295.3619,385.7335,350.716,7558.9124,1021.1192,24
3496,8294.2196,576.3121,430.4555,7287.452,695.4353,24
7859,8293.2603,800.5242000000001,766.0337999999999,6726.7023,602.738,24
9555,8292.8241,686.9057,469.2427,7136.6757,510.1076,24
8850,8287.5943,417.751,455.4579,7414.3854,456.92189999999994,24
8736,8287.0177,1174.5043,569.5414,6542.972,487.926,24
7223,8285.6655,660.8362,601.8474,7022.9819,537.9626,24
9021,8285.0259,571.7064,409.2338,7304.0857000000005,493.9034,24
9121,8285.0142,571.7053,409.2353,7304.073600000001,493.9074,24
9220,8285.0142,571.7053,409.2353,7304.073600000001,493.9074,24
9120,8285.0142,571.7053,409.2353,7304.073600000001,493.9074,24
9221,8285.0142,571.7053,409.2353,7304.073600000001,493.9074,24
9122,8284.3485,571.5371,409.1149,7303.6965,493.8291,24
9320,8283.2703,571.5303,409.1486,7302.5914,493.79990000000004,24
7675,8282.8071,377.5173,484.0239,7421.265899999999,506.7517,24
8360,8278.4144,649.7628,624.897,7003.7546,529.8444999999999,24
7538,8275.6299,606.261,577.4071,7091.9618,614.1234999999999,24
8138,8274.4494,679.9588,445.26509999999996,7149.2255,527.5535,24
3935,8273.6089,653.9938999999999,538.4507,7081.1642999999995,488.33649999999994,24
9219,8269.9671,570.7112,408.3472,7290.9087,492.98319999999995,24
3934,8268.4239,659.2724,538.456,7070.6955,513.4607,24
7834,8268.1028,558.0557,477.58750000000003,7232.4596,517.5349,24
8060,8266.9711,608.1363,522.2399,7136.5949,450.292,24
3158,8264.3635,834.8316,672.1342999999999,6757.3976,532.6929,24
3524,8263.27,709.9427000000001,805.8240000000001,6747.503299999999,795.7641,24
8216,8261.6427,528.208,344.3304,7389.1043,606.1705999999999,24
9319,8260.5533,570.3677,408.3043,7281.8813,492.3343,24
8980,8259.4868,487.3095,426.6944,7345.4829,999.7039,24
3465,8259.4823,536.6699,389.9342,7332.8782,488.21189999999996,24
8982,8255.2256,504.04879999999997,457.6788,7293.4980000000005,851.346,24
8832,8248.4082,729.1765,508.753,7010.4787,531.3842,24
7873,8247.3891,277.591,397.5783,7572.2198,569.4751,24
7774,8245.4034,277.591,395.5926,7572.2198,569.3996,24
3483,8242.3788,783.0731,491.5761,6967.7296,522.4809,24
9487,8239.6347,366.0574,322.9088,7550.6685,791.7140999999999,24
8686,8235.3621,541.5744,449.2344,7244.5533,468.98429999999996,24
2788,8234.3946,636.3308000000001,534.5233000000001,7063.5405,534.5211,24
6592,8234.2911,500.8035,376.8746,7356.612999999999,517.6120999999999,24
4180,8229.8546,622.8294,602.3492,7004.676,465.42810000000003,24
9321,8229.0807,566.0706,406.4155,7256.5946,490.45309999999995,24
3471,8227.289,712.2726,667.4012,6847.6152,508.4922,24
8712,8224.246,894.1393,696.3205,6633.7862,532.8424,24
2958,8222.0437,820.9718,638.1271,6762.9448,514.2656000000001,24
3525,8221.5078,739.7682,789.2005,6692.5391,766.221,24
4035,8212.6715,637.9307,535.2841,7039.4567,506.2673,24
2088,8208.5574,489.3592,372.4936,7346.7046,455.7896,24
7305,8207.0111,1851.4484,350.7766,6004.7861,478.3895,24
5678,8202.8443,692.1099,654.4069,6856.3275,554.6241,24
3843,8195.9731,848.3701,541.8668,6805.7362,525.6352,24
5944,8186.6798,583.1736999999999,492.5393,7110.9668,491.34849999999994,24
1649,8179.8985,289.9834,310.968,7578.947099999999,673.1702,24
1749,8179.8985,289.9834,310.968,7578.947099999999,673.1702,24
5725,8177.7926,599.6526,397.7447,7180.3953,542.0119,24
2638,8177.4239,422.161,355.3786,7399.8843,502.3181,24
8769,8166.0216,611.1462,623.6306,6931.2447999999995,566.8140999999999,24
8895,8164.7403,570.322,449.1793,7145.239,458.42139999999995,24
9455,8160.9181,671.1257,485.7724,7004.02,502.7676,24
8357,8155.5502,612.8698,558.8904,6983.79,500.9274,24
8136,8151.1625,726.7058,559.791,6864.6657,492.55240000000003,24
8260,8148.2081,584.875,487.4353,7075.8978,515.7927,24
7861,8144.8144999999995,593.3877,511.5862,7039.8405999999995,464.7615,24
7959,8144.3951,627.9871,543.908,6972.5,455.6051,24
7960,8141.086,590.8796,508.7507,7041.4557,464.3847,24
7961,8141.086,590.8796,508.7507,7041.4557,464.3847,24
1697,8138.2020999999995,551.945,384.5814,7201.6757,577.5986,24
7804,8134.154,584.4571,454.98990000000003,7094.707,484.04780000000005,24
8059,8132.9403999999995,592.4552,505.80760000000004,7034.6776,454.35849999999994,24
7346,8122.1094,560.357,456.2308,7105.5216,616.7645,24
8642,8121.5248,688.0844,396.2671,7037.1733,461.5564,24
8538,8120.8689,1046.1897,525.2849,6549.3943,491.5333,24
5325,8119.974,753.9706,652.9739000000001,6713.029500000001,474.627,24
6947,8115.924,723.7889,742.6505,6649.4846,555.5772999999999,24
6418,8115.6126,510.6257,457.8389,7147.148,669.9302,24
868,8115.5969,429.1245,385.2204,7301.252,522.0213,24
7937,8109.9011,714.4061,698.7466,6696.7484,507.1497,24
8537,8109.2602,1054.1208,527.4331,6527.7063,489.73699999999997,24
49,8103.8965,362.8905,268.0881,7472.9178999999995,420.9942,24
7246,8103.086,555.7319,450.0082,7097.3459,626.9123999999999,24
4682,8094.5175,412.5478,443.8953,7238.0743999999995,636.1704000000001,24
2340,8093.7478,308.7386,342.3402,7442.669,456.1353,24
9183,8090.8683,610.933,499.1123,6980.822999999999,773.683,24
2484,8084.9052,810.5228999999999,681.9611,6592.4212,577.3936,24
8417,8083.702,346.8639,231.87560000000002,7504.9625,490.4398,24
6015,8079.985900000001,490.8644,464.4626,7124.6589,560.3425,24
8385,8077.1157,559.917,454.2031,7062.9956,511.9059,24
1748,8075.9884,253.3888,284.5695,7538.0301,621.8211,24
9982,8073.5786,499.249,312.0422,7262.2874,459.3546,24
7949,8073.3829000000005,614.2992,513.7892,6945.2945,482.0955,24
9493,8059.7726,409.6474,351.61539999999997,7298.5098,944.3697,24
9782,8053.3686,624.0836,397.1334,7032.1516,473.0608,24
9263,8049.8613000000005,700.6116,466.4182,6882.8315,430.7223,24
1794,8049.592,554.6649,481.2186,7013.7085,632.4275,24
8730,8047.3316,493.6788,358.2696,7195.3832,520.3159,24
9968,8042.5903,807.0854,589.2541,6646.2508,453.0635,24
7576,8042.582,525.7121,631.8894,6884.9805,437.36390000000006,24
6115,8040.3998,491.73380000000003,457.8706,7090.7954,539.4274,24
8139,8040.2294,640.3219,399.2498,7000.6577,514.744,24
4373,8038.5859,320.6573,285.5077,7432.4209,498.7464,24
3055,8034.9227,822.0740999999999,659.9895,6552.8591,511.3823,24
3823,8032.5659,678.6247999999999,558.9818,6794.9593,481.0711,24
1942,8032.3571,266.833,346.6246,7418.8995,866.5722000000001,24
2044,8032.3571,266.833,346.6246,7418.8995,866.5722000000001,24
1943,8031.9296,266.833,346.1971,7418.8995,866.4842000000001,24
968,8031.8867,422.1634,380.2283,7229.495,522.2042,24
9420,8030.9735,557.1212,399.8606,7073.9917,477.9352,24
1842,8030.1702000000005,266.833,344.4377,7418.8995,866.1219000000001,24
7860,8028.1777,661.7464,589.0285,6777.4028,489.1161,24
2998,8026.3353,540.8513,394.22360000000003,7091.2604,688.4272,24
3097,8026.3353,540.8513,394.22360000000003,7091.2604,688.4272,24
3295,8026.3353,540.8513,394.22360000000003,7091.2604,688.4272,24
3296,8026.3353,540.8513,394.22360000000003,7091.2604,688.4272,24
3395,8026.3353,540.8513,394.22360000000003,7091.2604,688.4272,24
3396,8026.3353,540.8513,394.22360000000003,7091.2604,688.4272,24
2897,8026.3353,540.8513,394.22360000000003,7091.2604,688.4272,24
2898,8026.3353,540.8513,394.22360000000003,7091.2604,688.4272,24
2997,8026.3353,540.8513,394.22360000000003,7091.2604,688.4272,24
3196,8026.3353,540.8513,394.22360000000003,7091.2604,688.4272,24
3098,8026.304,540.838,394.2199,7091.2461,688.424,24
5749,8026.1125,643.5341999999999,535.3419,6847.2364,494.17490000000004,24
3397,8023.5018,540.5644,393.9969,7088.9405,688.0399,24
5649,8018.6105,803.9757,539.4932,6675.1416,526.7411999999999,24
3195,8016.0303,540.3375,393.9114,7081.7814,687.9151,24
8210,8013.641299999999,609.6227,534.7339,6869.2847,590.1148999999999,24
9264,8013.1357,697.6623,463.3976,6852.0758000000005,426.759,24
9796,8008.407099999999,490.1282,385.82890000000003,7132.45,610.6356,24
9688,8007.8269,431.89279999999997,392.4664,7183.4677,487.06159999999994,24
4663,8004.657,999.3092,1263.5247,5741.8231,490.09670000000006,24
3394,8003.3451000000005,539.6736,393.5418,7070.1297,687.2816,24
3033,8002.5274,755.1201,520.5593,6726.848,512.8725,24
6319,8000.853,485.7225,442.5308,7072.5997,652.7153000000001,24
9192,7996.911599999999,564.6034,430.8444,7001.4637999999995,554.5983,24
4435,7996.0389,2681.636,473.5214,4840.8814999999995,567.5546,24
3495,7995.0588,540.1425,394.1925,7060.7238,684.8857,24
9036,7992.3647,478.0164,361.196,7153.1523,570.5704000000001,24
7588,7990.121,613.8115,446.07959999999997,6930.2299,483.3456,24
7677,7987.3723,528.6043,541.6353,6917.1327,446.92179999999996,24
9037,7985.222699999999,477.0335,360.8542,7147.335,568.0903,24
3238,7984.811100000001,570.269,380.6293,7033.9128,466.1077,24
7637,7984.0817,724.7911,798.9458,6460.3448,494.12239999999997,24
8437,7977.5071,1039.4313,523.335,6414.7408000000005,487.6673,24
2043,7975.3026,265.298,344.8757,7365.1289,853.7907,24
8259,7973.9429,560.7286,467.5971,6945.6172,520.6125999999999,24
4181,7972.7214,644.5607,621.8419,6706.3188,567.8353999999999,24
2384,7969.955,790.7339,643.5505,6535.6706,534.2226,24
9589,7969.6329,403.989,365.8106,7199.8333,998.47,24
3941,7966.5918,913.3215,935.6345,6117.6358,478.03020000000004,24
2889,7966.3167,617.4959,489.6573,6859.1635,504.2704,24
7104,7965.806,444.7163,350.2758,7170.8139,572.7395,24
7005,7965.806,444.7163,350.2758,7170.8139,572.7395,24
7105,7965.806,444.7163,350.2758,7170.8139,572.7395,24
6906,7963.1637,444.6545,350.1842,7168.325,572.5714,24
4528,7962.0685,809.42,860.8791,6291.7694,624.2702999999999,24
1066,7958.5106,441.24170000000004,411.03180000000003,7106.2371,524.0526,24
4177,7958.3895,1495.1075,593.0539,5870.2281,461.4123,24
7759,7955.1714,845.3579,787.4802,6322.3333,580.2758,24
9694,7952.9276,489.5521,434.2076,7029.1679,649.0305999999999,24
2590,7950.0808,639.4631,545.492,6765.1257,483.0628,24
2589,7950.0808,639.4631,545.492,6765.1257,483.0628,24
2588,7948.6087,639.2572,545.3151,6764.0364,482.949,24
9874,7947.5886,493.7948,532.5318,6921.262,625.4093,24
7381,7947.3471,716.926,629.6076999999999,6600.8134,443.8092,24
8860,7932.2091,692.2562,656.2428,6583.7101,552.3888000000001,24
7287,7931.591,432.4216,365.8141,7133.3553,484.53310000000005,24
8896,7927.7016,523.3252,407.6129,6996.7635,450.2676,24
8993,7926.4624,604.0678,461.90110000000004,6860.4935000000005,447.42,24
6113,7925.8489,500.5134,401.40819999999997,7023.9273,493.2874,24
9079,7922.229,512.7398,461.681,6947.8081999999995,839.9413000000001,24
2690,7921.8784,637.5949,544.0113,6740.272199999999,481.5319,24
5979,7920.3889,419.26820000000004,385.0713,7116.0494,572.5523000000001,24
9265,7918.150000000001,933.5463,656.8659,6327.7378,602.9033,24
9588,7916.9451,394.8214,361.3952,7160.7285,710.9912999999999,24
1758,7914.5997,595.2775,618.7126000000001,6700.6096,715.0286000000001,24
8040,7912.4514,631.4737,401.084,6879.8937,501.6149,24
8317,7906.4623,390.6735,269.9134,7245.8754,475.58400000000006,24
8544,7905.4142999999995,608.5146,387.65999999999997,6909.2397,445.8221,24
3425,7902.4502,708.6292,767.1983,6426.6227,728.4751,24
5124,7899.5134,732.3725,689.0506,6478.0903,466.8033,24
4782,7898.5659000000005,423.0888,400.7984,7074.6787,551.9547,24
7760,7897.9843,817.0737,739.6244,6341.2862000000005,576.4199000000001,24
5420,7896.1577,395.0487,285.6619,7215.4471,1154.6362000000001,24
1897,7892.6084,451.9934,333.0018,7107.6132,602.6298999999999,24
7874,7892.3861,277.4882,375.0013,7239.8966,542.6088,24
5918,7889.3291,480.5772,403.4521,7005.2998,509.1031,24
3099,7886.1563,533.6629,390.0263,6962.4671,678.7598,24
9920,7885.1703,481.015,365.984,7038.1713,465.72369999999995,24
7446,7884.776800000001,605.3361,540.789,6738.6517,538.4066,24
3198,7883.9118,525.9557,382.7919,6975.1642,669.0061000000001,24
2285,7883.327499999999,601.9526,495.5264,6785.8485,565.8699,24
8450,7882.6799,622.9003,495.9901,6763.7895,658.5241,24
8643,7872.8333,718.8119,403.8844,6750.137,453.6065,24
9260,7870.9565999999995,703.3411,581.8389,6585.7766,522.8768,24
1259,7869.5847,522.4623,412.7315,6934.3909,466.2302,24
3926,7868.5415,648.6207,532.8027999999999,6687.118,457.991,24
3197,7864.532,534.9595,389.9801,6939.5924,677.4689000000001,24
3095,7857.8147,506.5858,372.6898,6978.5391,633.2333,24
9222,7856.947099999999,547.1889,392.523,6917.2352,461.7543,24
7006,7854.0909,432.9506,342.342,7078.7982999999995,564.632,24
7205,7852.1787,429.6579,336.7659,7085.7549,566.4644,24
8539,7844.7001,654.3151,471.9316,6718.4534,472.2146,24
3239,7843.148300000001,562.1043999999999,377.9458,6903.0981,457.54730000000006,24
9774,7841.6282,581.5204,614.8658,6645.242,672.4689000000001,24
3382,7839.1443,560.8758,401.1496,6877.1189,435.5345,24
3631,7836.0404,617.8593,592.8614,6625.3197,602.1707,24
4051,7833.9882,612.8259,531.4683,6689.694,556.2342,24
1249,7833.8573,891.5291,888.364,6053.9642,489.92190000000005,24
9673,7828.6579,660.1906,719.8669,6448.6004,646.0903000000001,24
4135,7827.8198,597.7117,499.3512,6730.7569,507.0393,24
9783,7827.2335,633.6986,424.895,6768.6399,443.51919999999996,24
3096,7826.8956,533.6443,389.0069,6904.2444,674.9246,24
7979,7824.8162999999995,735.7919,583.6181,6505.4063,480.64799999999997,24
6881,7823.9633,450.7342,425.0261,6948.203,664.3586,24
7106,7823.8917,429.7686,340.1942,7053.9289,562.4409,24
6213,7823.0275,498.2587,397.8009,6926.967900000001,488.3342,24
9093,7820.0393,656.9399,466.71250000000003,6696.3869,524.1267,24
9681,7818.9101,623.0927,464.1123,6731.7051,487.3764,24
4538,7817.1638,838.9182000000001,622.1248,6356.1208,556.7062,24
7736,7816.9916,682.2582,751.7563,6382.9771,515.4112,24
9218,7813.4808,543.8923,386.31940000000003,6883.2691,464.5306,24
8150,7811.5022,1223.9216000000001,515.9957,6071.5849,471.69350000000003,24
9572,7810.8353,692.9589,710.0803,6407.7961,604.0794,24
1641,7807.8924,259.8735,334.6131,7213.4058,840.1429,24
4881,7805.307699999999,452.5134,364.6042,6988.1901,507.1981,24
9667,7800.8856,1452.3001,445.8073,5902.7782,448.4579,24
6114,7798.695600000001,497.0432,417.6186,6884.0338,487.937,24
3640,7797.3169,453.5502,394.6689,6949.0978,546.6056,24
8516,7795.360000000001,324.4468,213.2055,7257.7077,504.2979,24
3366,7793.6169,513.1997,375.98199999999997,6904.4352,484.5687,24
3364,7793.6169,513.1997,375.98199999999997,6904.4352,484.5687,24
3365,7793.6169,513.1997,375.98199999999997,6904.4352,484.5687,24
8795,7792.311000000001,482.3922,384.17470000000003,6925.7441,437.9594,24
3484,7778.4856,775.4839,491.4388,6511.5629,491.39670000000007,24
6014,7777.397000000001,484.8808,435.3553,6857.160900000001,485.06050000000005,24
5887,7776.0394,425.8245,307.8827,7042.3322,452.6453,24
5227,7774.054700000001,800.7528,687.0006,6286.3013,456.6729,24
4182,7773.7589,647.4196,617.3135,6509.0258,563.3701,24
3630,7773.7293,755.2704,640.1904999999999,6378.2684,482.0579,24
7386,7767.5063,354.8249,341.2253,7071.4561,558.2177,24
2289,7766.772,487.3372,394.4227,6885.0121,439.78330000000005,24
7237,7765.402700000001,562.5561,538.745,6664.1016,573.6519999999999,24
6533,7764.296,1254.6825,1120.5767,5389.0368,572.7626,24
4134,7761.791,623.0844,530.9418,6607.7648,515.1047,24
5675,7757.7274,862.4595,903.0794,5992.1885,578.492,24
4438,7757.5125,827.6693,616.1511,6313.6921,555.2072000000001,24
8215,7757.0898,596.1133,403.0611,6757.9154,584.5707,24
4988,7755.4594,377.1324,357.5455,7020.7815,858.2923000000001,24
8046,7755.3167,1859.7874,481.9994,5413.5299,453.294,24
6693,7752.7309000000005,560.949,420.5366,6771.2453000000005,449.02509999999995,24
5336,7749.250000000001,699.9132999999999,537.9447,6511.392000000001,547.6871000000001,24
7914,7741.2636999999995,1515.5392,382.9005,5842.824,553.6632,24
3085,7740.4012,656.4562,450.9158,6633.0292,469.70799999999997,24
9767,7740.2432,1221.3957,559.4646,5959.3829000000005,423.41130000000004,24
9880,7738.6771,498.4716,333.0148,6907.1907,465.29029999999995,24
8361,7736.59,718.7431,632.2057,6385.6412,459.0325,24
3739,7736.113,631.9501,544.5244,6559.6385,477.81320000000005,24
1551,7733.5271999999995,648.898,539.5871,6545.0421,499.89639999999997,24
8062,7733.3749,602.893,519.484,6610.9979,422.61620000000005,24
2591,7719.9923,623.4526,529.4316,6567.1080999999995,467.693,24
9165,7716.2982,879.6575,614.4125,6222.2282000000005,569.9468,24
2899,7716.088500000001,525.4662,383.3331,6807.2892,663.9168,24
9672,7715.9854000000005,669.0067,735.2188,6311.7599,612.4571,24
7659,7714.8042,825.8756,741.1254,6147.8032,563.7084,24
7494,7714.2101,494.1776,387.7081,6832.3244,441.1719,24
2784,7708.9071,530.5824,452.4022,6725.9225,544.1988,24
9390,7708.1211,382.9989,257.2106,7067.911599999999,812.1152,24
9387,7704.5452000000005,329.1768,289.0854,7086.283,796.2452000000001,24
8468,7703.3566,532.4987,492.81469999999996,6678.0432,526.9116,24
2487,7699.0008,519.2305,434.7258,6745.0445,461.1459,24
8285,7698.0738,680.6985,539.1439,6478.2314,493.0295,24
8937,7697.097299999999,501.7199,358.8694,6836.508,460.1772,24
3350,7696.7018,567.1628,661.7209,6467.8181,438.6754,24
7052,7696.2937,614.6971,845.9582,6235.6384,506.229,24
3940,7691.9023,804.3583,785.9092,6101.6348,456.6581,24
4722,7691.744,545.0115,487.15389999999996,6659.5786,534.4209,24
4721,7691.744,545.0115,487.15389999999996,6659.5786,534.4209,24
7394,7687.7522,477.6402,380.6176,6829.4944000000005,438.88349999999997,24
9675,7687.2543000000005,563.4996,595.2515,6528.5032,710.5444,24
6807,7685.8911,436.81329999999997,344.5128,6904.565,541.1494,24
8438,7681.2838,910.2871,481.519,6289.4777,469.2193000000001,24
8644,7676.0342,679.2997,393.6049,6603.1296,425.55100000000004,24
6214,7672.8188,498.6623,396.3859,6777.770600000001,481.2243,24
4781,7669.2198,429.8408,438.0581,6801.3209,546.125,24
9148,7664.6291,563.8596,463.41819999999996,6637.3513,433.52230000000003,24
5574,7662.6021,1017.0659,1109.6281,5535.9081,570.8007,24
4631,7662.0958,516.1456,484.6855,6661.2647,457.45320000000004,24
7147,7661.145,509.7767,431.8816,6719.4867,480.6566,24
3357,7660.817,673.5059,531.2175,6456.0936,497.11310000000003,24
7904,7660.6317,588.4404,465.996,6606.1953,480.35579999999993,24
7004,7659.238600000001,435.6229,340.8005,6882.8152,552.1267,24
8742,7658.0331,704.6821,390.2247,6563.1263,434.09839999999997,24
2188,7657.5779,487.0065,396.36899999999997,6774.2024,430.29560000000004,24
7737,7656.7347,723.3599,804.838,6128.5368,523.7912,24
8140,7646.5416000000005,652.4348,409.4925,6584.6143,487.5783,24
3297,7645.7953,525.8253,383.9508,6736.0192,662.5573,24
3252,7643.119299999999,569.9111,492.423,6580.785199999999,462.9414,24
7387,7642.4846,362.806,363.3844,6916.2942,537.3619,24
5219,7639.2715,492.9882,309.3996,6836.8837,1247.1781999999998,24
8114,7637.1833,785.7196,461.9659,6389.4978,534.9093,24
3925,7632.4499,623.0260000000001,514.2257,6495.1982,444.4728,24
9030,7627.6327,437.6561,307.7695,6882.2071000000005,521.7254,24
2689,7624.5166,614.8679999999999,522.6313,6487.0173,470.736,24
3199,7616.9982,524.0627,383.0169,6709.9186,660.5474,24
4082,7615.1977,606.3225,594.4061,6414.4691,553.3258999999999,24
4883,7614.2029,430.522,340.1632,6843.5177,502.90250000000003,24
4882,7614.2029,430.522,340.1632,6843.5177,502.90250000000003,24
7650,7606.5777,503.0082,512.0129,6591.5566,432.7889,24
8337,7605.3405,813.1921,476.2384,6315.91,459.26740000000007,24
8238,7604.7479,615.5196,385.6921,6603.5362000000005,471.9931,24
8518,7603.6791,322.2694,206.4247,7074.985,500.7803,24
6079,7599.5141,358.8335,302.2772,6938.4034,479.0178,24
8347,7598.9571,1816.4273,475.6206,5306.9092,474.52599999999995,24
8239,7597.6669,639.3874999999999,403.6611,6554.6183,477.2358,24
5985,7596.1912,420.9981,303.1223,6872.0708,439.33599999999996,24
9038,7595.1627,520.2186,358.9279,6716.0162,436.8891,24
9292,7594.505,523.5794,377.4765,6693.4491,525.7762,24
9781,7590.919800000001,567.9653,401.2392,6621.715300000001,447.9852,24
847,7589.011,806.9075,804.8686,5977.2348999999995,487.6879,24
7204,7585.0027,415.2115,327.2752,6842.516,542.0189,24
2684,7584.1953,498.9077,427.6697,6657.6179,528.7405,24
2249,7582.1413999999995,503.6543,666.8824,6411.6047,787.3841,24
2440,7581.1934,305.1834,338.0011,6938.0089,436.67099999999994,24
949,7578.31,843.5831000000001,857.9052,5876.8217,502.451,24
6492,7577.8623,404.5192,306.1633,6867.1798,492.5808,24
7882,7576.6457,614.3974000000001,490.8813,6471.367,603.3127,24
3032,7575.4798,784.7505,528.0819,6262.6474,449.3718,24
6893,7571.4783,607.3245000000001,462.08160000000004,6502.0722,461.3764,24
9791,7565.3459,323.11740000000003,340.0323,6902.196199999999,463.8047,24
7983,7562.8131,610.5718,488.26570000000004,6463.9756,602.3876,24
4621,7561.213,546.2753,484.0787,6530.859,501.59540000000004,24
7782,7560.7029,656.939,516.9646,6386.7993,596.8195,24
7883,7559.2367,610.4989,488.137,6460.6008,602.2078,24
7982,7559.2367,610.4989,488.137,6460.6008,602.2078,24
4822,7554.5584,557.2248999999999,505.4219,6491.9116,506.3858,24
5337,7551.5293,795.1582,895.9503000000001,5860.4208,618.8656000000001,24
8849,7550.2701,377.3497,425.0695,6747.8508999999995,429.88749999999993,24
6883,7549.3861,469.2878,431.5115,6648.5868,693.8281999999999,24
7537,7549.126,558.9818,533.1054,6457.0388,571.0978,24
7783,7540.255,624.1309,490.6029,6425.5212,598.1251,24
2999,7539.3394,518.801,378.7275,6641.8109,652.0842,24
5324,7538.2971,651.66,545.3925,6341.2446,477.2424,24
6392,7535.6939,400.2203,302.0484,6833.4252,490.2142,24
1785,7533.8652,432.16839999999996,351.6881,6750.0087,759.6421,24
5848,7529.8718,541.4562,823.1736999999999,6165.2419,622.7614000000001,24
2932,7525.2068,760.9018,487.4866,6276.8184,444.731,24
5423,7523.3805,641.9976,538.9991,6342.3838,481.5268,24
8340,7521.2962,683.493,434.5371,6403.2661,513.0383,24
4723,7518.6946,544.3559,489.9305,6484.4082,503.8555,24
6043,7518.166700000001,533.7606,454.1659,6530.2402,453.99320000000006,24
1254,7517.547,557.6909,394.34520000000003,6565.5109,623.6487,24
2148,7515.8634,482.9813,620.191,6412.6911,733.2285,24
448,7515.419,435.7173,337.9065,6741.7952,394.6365,24
7837,7512.9641,692.843,765.0874,6055.0337,515.3525,24
4034,7509.1373,621.9642,549.0386,6338.1345,506.5058,24
9394,7508.6267,476.9536,364.8646,6666.8085,473.26079999999996,24
6084,7507.8562999999995,404.0297,304.6803,6799.1463,428.80770000000007,24
7349,7507.1515,499.6828,450.003,6557.4657,535.3099,24
5424,7505.09,648.3841,541.7902,6314.9157,476.42420000000004,24
1990,7497.9146,1118.7856,620.5889999999999,5758.54,470.17379999999997,24
8743,7495.1313,763.1184000000001,372.2932,6359.719700000001,423.69820000000004,24
3939,7493.9603,625.3326999999999,531.952,6336.6756,434.68600000000004,24
8005,7493.271,1695.4795,418.2614,5379.5301,458.8689,24
2837,7490.8618,433.3534,341.37940000000003,6716.129,462.40110000000004,24
4081,7485.9769,589.2319,571.2909,6325.4541,547.6744000000001,24
9798,7484.62,451.3721,319.05,6714.1979,517.1468,24
6983,7483.8442,462.0013,428.3363,6593.5066,699.5629,24
6982,7483.8442,462.0013,428.3363,6593.5066,699.5629,24
7083,7483.8442,462.0013,428.3363,6593.5066,699.5629,24
9293,7480.9376,503.79290000000003,372.7502,6604.3945,444.60209999999995,24
8741,7480.2159,622.169,347.7792,6510.2677,424.7375,24
3356,7480.2051,570.409,396.293,6513.5031,438.84900000000005,24
2640,7479.6487,374.8782,247.9433,6856.8272,429.76930000000004,24
8014,7475.0,779.4237,413.2636,6282.3127,523.4153,24
9847,7470.7044000000005,439.6807,411.39300000000003,6619.6307,556.5448,24
5627,7466.1467999999995,579.3148,389.2855,6497.5465,491.85569999999996,24
6215,7464.5922,489.3995,395.4513,6579.7414,469.3397,24
5220,7460.740400000001,474.5834,314.4695,6671.6875,1069.2648000000002,24
4992,7458.7063,1117.5816,881.6817,5459.443,633.2962,24
8444,7458.2507000000005,594.6477,394.4635,6469.1395,438.7373,24
2789,7456.1933,598.005,495.62059999999997,6362.5677,473.0775,24
5524,7453.6779,641.5884,535.8847000000001,6276.2048,474.22740000000005,24
7536,7453.558,551.6683,545.2312,6356.6585,566.0609000000001,24
9137,7451.5112,443.5623,331.72270000000003,6676.2262,512.1696,24
7947,7447.4618,1287.0698,580.9274,5579.4646,611.0636,24
1165,7446.0014,467.1569,451.3989,6527.4456,406.66880000000003,24
1354,7445.5761,502.4638,484.4001,6458.7122,500.4741,24
4530,7443.8721,552.2936,598.3529,6293.2256,559.0549,24
9164,7438.3512,653.2438,441.2368,6343.8706,391.5011,24
7548,7437.1114,579.0964,512.9448,6345.0702,631.6274999999999,24
2346,7436.0818,467.52230000000003,581.2639,6387.2955999999995,822.3891,24
3383,7434.8676,669.8149999999999,410.4325,6354.6201,461.19129999999996,24
2931,7432.8985999999995,721.2533999999999,455.5653,6256.0799,430.1779,24
3363,7429.4394,490.486,362.2095,6576.7438999999995,460.998,24
1065,7423.6655,468.026,444.4777,6511.1618,425.1384,24
2884,7418.5998,556.7083,447.7674,6414.1241,475.2451,24
9163,7415.8005,728.6772,531.8391,6155.2842,395.7985,24
8110,7411.8156,528.4973,477.72249999999997,6405.5958,564.2627,24
3039,7409.1149,509.6714,325.6755,6573.768,426.7981,24
1447,7406.6438,429.2497,395.3439,6582.0502,446.1165,24
7587,7403.7219000000005,423.2546,373.84770000000003,6606.6196,459.4429,24
5943,7402.9863000000005,527.8649,449.3113,6425.810100000001,446.91970000000003,24
1784,7400.7336000000005,486.9083,366.6876,6547.1377,697.1296,24
7487,7400.1332,384.7006,353.4866,6661.946,466.0319,24
2490,7399.8454,557.8573,475.8868,6366.1013,438.2259,24
9069,7398.097299999999,772.292,766.8074,5858.9979,562.3371999999999,24
7438,7395.6255,539.6813999999999,508.2157,6347.7284,559.2221,24
5425,7394.7721,665.678,562.0563,6167.0378,454.18010000000004,24
8536,7393.5532,1103.117,536.7988,5753.6374000000005,440.5835000000001,24
7437,7389.6869,538.4205000000001,506.5743,6344.6921,558.7157000000001,24
7910,7379.6871,523.9706,397.7092,6458.0073,445.78380000000004,24
7547,7378.3656,603.983,534.415,6239.9676,662.4366,24
5817,7376.9109,464.7729,373.4361,6538.7019,472.24670000000003,24
9138,7369.6204,477.3514,340.4788,6551.7902,510.4193,24
2637,7369.4934,346.6509,291.8853,6730.9572,511.81089999999995,24
9391,7367.6284000000005,383.0459,280.6265,6703.956,792.0723,24
1549,7367.1548,337.438,357.4904,6672.2264,541.8376000000001,24
8247,7366.8294000000005,1851.6247,472.49780000000004,5042.7069,499.61469999999997,24
8149,7364.9088,1831.1004,496.4348,5037.3736,454.16499999999996,24
3942,7364.2781,838.4431999999999,774.6148,5751.2201,461.5638,24
8480,7364.1066,589.6003,431.52549999999997,6342.9808,440.97580000000005,24
1148,7354.8144,851.1977,867.4267,5636.1900000000005,491.7409,24
8418,7347.7254,307.28790000000004,223.2026,6817.2349,425.31399999999996,24
7706,7347.3259,450.3041,340.7516,6556.2702,439.1146,24
7906,7347.3259,450.3041,340.7516,6556.2702,439.1146,24
7806,7347.3259,450.3041,340.7516,6556.2702,439.1146,24
7707,7347.3259,450.3041,340.7516,6556.2702,439.1146,24
7807,7347.2542,450.52750000000003,340.926,6555.8007,438.7059,24
7907,7343.5342,461.8149,349.7246,6531.9947,417.9854,24
2896,7343.3262,497.1524,359.796,6486.3778,610.7919,24
7594,7342.467900000001,636.6889,495.76050000000004,6210.0185,419.5644,24
869,7337.005,327.28249999999997,242.7411,6766.9814,520.1202,24
870,7337.005,327.28249999999997,242.7411,6766.9814,520.1202,24
7808,7334.9194,487.9497,370.0963,6476.8733999999995,415.06339999999994,24
4324,7331.771000000001,682.88,606.8711,6042.0199,511.25199999999995,24
9086,7330.3588,694.624,650.9434,5984.7914,547.1707,24
969,7328.7065,327.753,242.8842,6758.0693,518.6048,24
7908,7327.3133,511.017,388.0768,6428.2195,443.6776,24
7909,7327.3133,511.017,388.0768,6428.2195,443.6776,24
1049,7327.1266,850.7144,867.1151,5609.2971,492.21180000000004,24
1149,7327.1266,850.7144,867.1151,5609.2971,492.21180000000004,24
7809,7325.1635,510.6554,387.8141,6426.6939999999995,443.5566,24
1048,7324.7208,849.4669,866.5784,5608.6755,492.0457,24
2540,7322.7991,275.8765,309.1266,6737.796,423.7144,24
8209,7320.8863,526.3496,464.2131,6330.3236,558.7186,24
970,7320.0801,327.9751,242.5385,6749.5665,515.6409,24
7674,7318.9155,293.6803,413.4392,6611.796,442.5659,24
9419,7318.6416,506.63890000000004,371.03360000000004,6440.9691,433.9259,24
6907,7315.4101,415.9099,326.498,6573.0022,523.3183999999999,24
6380,7313.9338,569.3062,504.456,6240.1716,583.8996999999999,24
6180,7310.5997,359.9305,303.3301,6647.3391,487.8382,24
2284,7309.6623,518.4051000000001,426.46840000000003,6364.7888,542.2009,24
8486,7308.5582,664.8632,545.7074,6097.9876,481.21979999999996,24
8009,7304.0842,503.4906,418.2126,6382.381,437.4057,24
9586,7303.2657,426.6153,383.8631,6492.7873,509.08939999999996,24
1695,7302.725100000001,523.5485,403.1686,6376.008000000001,429.54499999999996,24
8008,7300.402,502.29720000000003,422.9888,6375.116,453.9263,24
6294,7299.6177,426.8175,322.9362,6549.864,421.6958,24
7350,7294.8341,398.4473,596.7283,6299.6585,508.6709,24
7832,7294.303,290.3511,257.5499,6746.402,413.1731,24
6696,7294.2282,462.443,349.0389,6482.7463,464.6149,24
5680,7293.8078,341.5519,273.695,6678.5608999999995,461.37559999999996,24
8108,7292.9276,503.85450000000003,456.4051,6332.668,558.2825,24
8479,7284.9202,569.8507,409.6582,6305.4113,439.0409000000001,24
9745,7284.5024,438.1946,379.4293,6466.8785,557.8241,24
8109,7284.323,498.674,454.3267,6331.3223,557.4675,24
7911,7282.195,620.6368,507.9562,6153.602,448.9525,24
1788,7281.414699999999,1142.0262,627.9321,5511.4564,468.7134,24
9600,7281.4132,507.6613,305.3453,6468.4066,473.13930000000005,24
2830,7273.2466,682.9827,425.1913,6165.0726,459.78669999999994,24
7976,7271.3908,519.878,449.9885,6301.5243,398.1302,24
9499,7266.9021999999995,507.0733,305.0002,6454.8287,473.1524,24
7436,7265.3736,512.0331,472.2047,6281.1358,548.1129,24
2489,7264.6840999999995,543.6533,463.5594,6257.4714,430.09739999999994,24
1891,7263.3489,1144.9535,627.117,5491.2784,467.7392,24
1890,7263.2549,1145.0243,627.1983,5491.0323,467.773,24
1889,7263.2549,1145.0243,627.1983,5491.0323,467.773,24
1789,7263.2549,1145.0243,627.1983,5491.0323,467.773,24
1790,7263.2549,1145.0243,627.1983,5491.0323,467.773,24
1689,7263.2549,1145.0243,627.1983,5491.0323,467.773,24
1455,7263.2277,456.7678,535.7637,6270.6962,493.0833,24
3976,7262.8867,1183.9059,416.8684,5662.1124,461.06230000000005,24
8241,7261.8429,696.5189,448.48859999999996,6116.8354,526.1379000000001,24
4884,7256.7662,416.4243,327.334,6513.0079,477.80879999999996,24
9748,7255.0265,417.4745,385.63530000000003,6451.9167,540.7112000000001,24
7336,7253.577,513.0126,475.9614,6264.603,547.8678,24
7228,7253.1639000000005,919.4846,540.9698,5792.7095,566.9100000000001,24
3841,7252.0213,813.7375,760.1025999999999,5678.1812,452.1019,24
4622,7251.9889,532.3341,473.1077,6246.5471,483.7446,24
7912,7245.793,646.6584,543.7064,6055.4282,466.88870000000003,24
7473,7245.6522,408.023,514.3689,6323.2603,413.5259,24
7337,7244.634,507.63100000000003,466.4699,6270.5331,546.3441,24
6295,7242.8501,475.6615,349.237,6417.9516,438.05170000000004,24
7862,7240.8313,557.5839,524.9223,6158.3251,407.2634,24
8439,7239.7849,570.1802,403.9278,6265.6769,438.2233,24
9322,7237.4923,510.4021,367.7593,6359.3309,415.336,24
4577,7236.4088,504.82169999999996,453.911,6277.6761,607.8052,24
1153,7236.215999999999,536.1562,427.5374,6272.5224,514.9808,24
7708,7234.0244,435.7335,330.3673,6467.9236,423.93319999999994,24
9373,7232.8976,679.5208,586.6727,5966.7041,436.6242,24
8948,7231.661599999999,758.8127,384.8069,6088.042,385.1382,24
3324,7227.1184,679.8334,772.7126999999999,5774.5723,699.9079,24
5237,7226.773,464.8831,559.9827,6201.9072,533.3937,24
2046,7222.483700000001,405.3412,328.3043,6488.8382,568.7943,24
2738,7220.388,364.0449,294.0725,6562.2706,557.428,24
1894,7219.6941,452.6907,378.9325,6388.0709,592.4042,24
8095,7216.6404,573.2967,423.7233,6219.6204,448.8053,24
9744,7215.5380000000005,424.7726,366.3148,6424.4506,586.2610999999999,24
3982,7215.0849,508.4963,538.3172,6168.2714,525.4807,24
1646,7210.3859999999995,229.8037,257.6159,6722.966399999999,641.5263,24
1742,7204.6564,238.6711,316.727,6649.2583,771.5755,24
7485,7204.4668,554.9613,443.7219,6205.7836,470.247,24
9687,7202.9584,416.1619,379.8414,6406.9551,465.4887,24
9845,7201.8561,417.0796,373.39910000000003,6411.3774,513.4416,24
7851,7201.281,496.70640000000003,426.3672,6278.2074,428.1922,24
1787,7199.6203,863.2737999999999,520.8616,5815.4849,561.8873,24
1690,7198.3042000000005,1124.1772,619.5648,5454.5622,463.6343,24
8861,7197.5813,657.0871999999999,601.8596,5938.6345,473.2546,24
2930,7194.6341,672.1289,428.5781,6093.9271,453.41769999999997,24
8829,7191.2307,414.6441,304.4334,6472.1532,437.76759999999996,24
3743,7191.1862,587.8754,460.4306,6142.8802,428.12669999999997,24
8446,7189.438,754.0646,411.041,6024.3324,463.8395,24
9118,7183.9753,503.5661,345.8291,6334.5801,424.07820000000004,24
6188,7179.3778,428.0483,308.376,6442.9535,439.5011,24
7943,7178.6157,682.7478,601.3835,5894.4844,426.5987,24
8007,7178.0808,482.1998,409.779,6286.102,468.63840000000005,24
2541,7175.9791,259.2341,310.82480000000004,6605.9202,414.0864,24
2737,7174.6461,341.8402,290.7717,6542.0342,549.0167,24
3226,7172.0635,723.9522000000001,668.2474,5779.8639,625.2539999999999,24
2492,7171.5831,472.1939,354.253,6345.1362,400.8941,24
2553,7170.2953,496.6375,541.0814,6132.5764,419.3483,24
8938,7169.4924,579.7867,362.3334,6227.3723,424.5467,24
8135,7164.3556,679.716,548.5128,5936.1268,441.28819999999996,24
3294,7159.7292,470.0829,345.5885,6344.0578,597.3966999999999,24
8463,7158.8992,810.9626000000001,647.2315,5700.7051,421.46320000000003,24
6744,7158.8904999999995,1041.2595,1346.6216,4771.0094,431.5761,24
3469,7150.6457,595.2683,532.5922,6022.7852,395.82090000000005,24
6013,7146.4282,457.7093,365.3252,6323.3937,444.1471,24
3031,7144.0746,743.6362,526.3564,5874.082,414.4018,24
8483,7137.49,562.9953,483.1976,6091.2971,427.6767,24
9494,7132.3109,413.5464,338.04089999999997,6380.7236,692.4005999999999,24
848,7124.617,772.1105,778.6432000000001,5573.8633,473.35560000000004,24
8837,7120.2276,791.2025,436.2074,5892.8177,402.46060000000006,24
1849,7118.786,310.7717,366.9474,6441.0669,406.3988,24
3351,7118.3794,533.1995,478.68330000000003,6106.4966,403.4267,24
5318,7110.6532,400.8658,270.5289,6439.2585,792.3975,24
948,7109.6159,809.0486,821.1871,5479.3802000000005,479.7749,24
5699,7108.2442,418.8301,274.0,6415.4141,433.0988,24
5799,7107.3488,417.3215,273.651,6416.3763,433.0884,24
5698,7106.9748,418.7179,273.9088,6414.3481,433.0443,24
9686,7104.9773,423.651,384.813,6296.5133,463.28290000000004,24
7785,7104.218,1718.9137,592.2732,4793.0311,430.5871,24
8517,7100.1106,304.992,193.2864,6601.8322,477.4774,24
1888,7099.9139,1111.1143,611.4754,5377.3242,456.30899999999997,24
7946,7098.8399,876.9919,539.1946,5682.6534,491.30899999999997,24
1688,7097.6098,1111.5701,614.4134,5371.6263,457.7849,24
9285,7096.013,522.0478,445.0375,6128.9277,504.62579999999997,24
6080,7090.6109,344.2789,295.7255,6450.6065,470.083,24
7323,7090.0859,525.5771,519.4031,6045.1057,671.3308,24
8042,7087.6077,653.8534,481.7142,5952.0401,424.2919,24
6680,7085.888,353.8308,344.1045,6387.9527,603.9217,24
5700,7080.8823,417.30420000000004,276.085,6387.4931,427.9547999999999,24
1547,7075.7226,318.7812,321.4639,6435.4775,536.9262,24
9085,7072.5274,649.5177,631.8371000000001,5791.1726,535.711,24
9392,7069.3148,450.1508,346.3787,6272.7853,511.12969999999996,24
7913,7068.2369,1468.2195,358.8879,5241.1295,533.1872,24
8737,7066.8627,1110.6748,528.0204,5428.1675000000005,426.30190000000005,24
9176,7066.0066,519.0673,568.1568,5978.7825,583.1333999999999,24
8362,7063.5702,704.2956,535.3746,5823.9,415.1756,24
9983,7063.4269,480.65229999999997,269.6388,6313.1358,409.8092,24
5980,7058.6643,341.2585,305.2076,6412.1982,478.27139999999997,24
8240,7056.0547,676.4989,429.7749,5949.7809,516.5287,24
9763,7055.2194,1560.2337,351.46840000000003,5143.5172999999995,418.9596,24
8445,7051.7841,627.3401,402.1608,6022.2832,449.1372,24
4525,7049.1499,753.7039,750.4423,5545.0037,457.9333,24
5527,7047.9511,586.8303999999999,443.1116,6018.0091,457.451,24
9500,7044.2831,496.182,299.1719,6248.9292,459.0729,24
9185,7043.6123,635.8337,617.1943,5790.5843,525.7577,24
7784,7042.3165,1449.6818,563.7532,5028.8815,443.0596,24
8412,7041.6845,623.5817,617.4817,5800.6211,619.6874,24
4821,7041.5049,485.8981,412.2273,6143.3795,489.90479999999997,24
9489,7040.5813,312.279,276.3647,6451.9376,941.7863,24
4274,7038.2802,328.1611,269.841,6440.2781,436.4796,24
5323,7038.1137,609.6729,508.2034,5920.2374,449.63379999999995,24
8838,7038.0238,676.8498,382.5132,5978.6608,424.3378,24
7206,7036.5709,394.8492,314.5109,6327.2108,508.69949999999994,24
8004,7036.3551,976.5677,484.1032,5575.6842,481.472,24
9033,7035.8166,621.8658,427.3836,5986.5672,400.8446,24
7758,7029.6959,603.5603,838.5313,5587.6043,532.7514000000001,24
4424,7022.3036,574.6,514.595,5933.1086,503.61749999999995,24
2996,7021.2502,504.3536,367.8833,6149.0133,620.4642,24
6905,7019.9731,415.1474,321.9275,6282.8982,508.2854,24
9291,7017.38,455.5808,302.5202,6259.2789999999995,497.77799999999996,24
7417,7015.6474,480.8045,446.4114,6088.4315,629.6162,24
1884,7013.793,551.9297,379.6811,6082.1822,650.9535999999999,24
3582,7010.6897,432.3061,430.24940000000004,6148.1342,418.1462,24
5482,7010.2531,314.3284,253.76239999999999,6442.1623,609.1886,24
9867,7007.6613,806.1256,520.0941,5681.4416,401.95320000000004,24
9587,7006.347299999999,393.9624,355.5394,6256.8455,508.1159,24
9162,7004.4185,711.9938,576.5408,5715.8839,437.4791,24
8545,7002.1547,596.6369,397.63329999999996,6007.8845,445.5009,24
1694,6999.9237,527.9134,441.8992,6030.1111,476.81140000000005,24
4521,6999.3245,552.0454,470.9114,5976.3677,410.7427,24
7474,6984.657999999999,406.3433,490.0515,6088.2632,467.2804,24
9663,6981.7941,1637.7705,367.3744,4976.6492,420.92330000000004,24
1791,6977.3432,1003.1705000000001,580.1581,5394.0146,448.4606,24
5881,6975.3092,302.42670000000004,271.9431,6400.9394,431.5384,24
9061,6972.9232,659.8131,557.3067,5755.8034,490.19210000000004,24
9161,6972.0751,659.7239,557.272,5755.0792,490.2436,24
7607,6968.6293,407.7595,307.01099999999997,6253.8588,412.9859,24
1450,6966.6052,587.7481,583.4145,5795.4426,485.1455000000001,24
3216,6963.1376,401.1294,349.94030000000004,6212.0679,451.7718,24
7705,6957.9644,434.0041,331.0718,6192.8885,414.1023,24
2753,6956.2512,644.9025,507.0245,5804.3242,400.5537,24
9031,6955.1823,408.0504,289.7686,6257.3633,466.0526,24
8078,6952.1927,649.0752,540.5235,5762.594,454.55760000000004,24
9488,6945.276800000001,304.7865,265.2082,6375.2821,727.1479,24
7850,6943.5211,482.0568,415.9739,6045.490400000001,414.5584,24
9967,6943.3458,796.1381,507.6352,5639.5725,399.3596,24
3132,6943.3105,722.0051,530.3348,5690.9706,403.40779999999995,24
2836,6940.7326,419.58029999999997,476.9767,6044.1756,597.0444,24
3298,6939.294,475.8128,345.2326,6118.2486,588.6544,24
4126,6938.3314,515.4376,438.4733,5984.4205,458.5168,24
4780,6936.5882,555.4060000000001,518.0523000000001,5863.1299,413.0902,24
5177,6929.8894,406.3307,462.9132,6060.6455000000005,427.58450000000005,24
9944,6929.3903,407.365,334.883,6187.1422999999995,424.6193,24
8248,6929.1897,1809.1108,467.0263,4653.0526,476.4216,24
1451,6924.6133,483.7586,484.6625,5956.1922,472.00789999999995,24
8077,6920.8947,667.1030000000001,545.8447,5707.947,453.1906,24
6926,6917.512,530.6617,390.83820000000003,5996.0121,447.5417,24
3838,6916.7252,573.7044999999999,516.2539,5826.7668,436.70810000000006,24
7328,6914.1402,911.0123,506.652,5496.4759,545.8199999999999,24
2735,6914.0378,405.7685,355.0898,6153.1795,391.4886,24
1449,6906.260899999999,571.5654,562.5074,5772.188099999999,438.9914999999999,24
7941,6902.5437999999995,664.4135,591.9452,5646.1851,426.17539999999997,24
8233,6899.309,580.7311,521.9246,5796.6533,423.52010000000007,24
1687,6898.9288,514.5294,387.7291,5996.6703,684.2545,24
8503,6897.0087,708.7542000000001,615.9864,5572.2681,532.4117,24
7448,6894.5887999999995,511.1813,426.9767,5956.4308,493.19899999999996,24
1058,6891.6673,510.2162,451.07419999999996,5930.3769,407.13509999999997,24
6892,6891.1287,598.5175,447.6696,5844.9416,438.92230000000006,24
6791,6891.1287,598.5175,447.6696,5844.9416,438.92230000000006,24
6792,6891.1287,598.5175,447.6696,5844.9416,438.92230000000006,24
6891,6890.7603,598.3083,447.5912,5844.8608,438.91110000000003,24
8645,6890.4808,662.3751,328.29949999999997,5899.8062,405.89649999999995,24
6243,6890.2579,788.0534,734.0241,5368.1804,567.3386,24
6692,6889.9455,597.4816,446.7796,5845.6843,438.8758,24
9649,6889.9332,465.3617,383.9783,6040.5932,396.5811,24
6793,6888.4258,596.0046,447.8334,5844.5878,438.7164,24
8318,6886.6458,296.0665,237.8689,6352.7104,390.7378,24
1589,6883.9907,1128.7007,616.6024,5138.6876,436.879,24
2488,6883.8916,490.4232,418.0401,5975.4283,400.6708,24
8339,6883.522800000001,567.1845000000001,373.2114,5943.1269,427.6737,24
3133,6881.5648,715.5951,529.3133,5636.6564,401.2345,24
3460,6880.4349999999995,3592.8586,255.3358,3032.2406,372.88430000000005,24
5477,6879.7374,373.1555,437.52049999999997,6069.0614,411.697,24
4235,6877.2634,737.0868,387.4488,5752.7278,530.6831,24
8338,6876.214,560.7145,369.4907,5946.0088000000005,419.46630000000005,24
2153,6871.3217,389.657,361.2177,6120.447,377.3749,24
6635,6863.9746000000005,1109.7684,1534.3922,4219.814,629.8290999999999,24
2053,6863.9597,405.7073,378.9072,6079.3452,377.91650000000004,24
2054,6861.349200000001,406.7232,375.30580000000003,6079.3202,375.8516,24
7978,6860.152,648.5526,532.4639,5679.1355,450.9842,24
7750,6853.5647,476.7406,413.3142,5963.5099,410.084,24
8249,6845.9676,1555.7641,466.3849,4823.8186,436.5135,24
5914,6840.769200000001,449.7735,374.13849999999996,6016.8572,427.28279999999995,24
1548,6836.5059,326.4675,314.4856,6195.5528,451.0382,24
1550,6832.7772,363.4675,385.5914,6083.7183,476.45880000000005,24
7709,6829.9545,429.5411,321.6212,6078.7922,398.38899999999995,24
3924,6829.9064,535.6778,451.3266,5842.902,400.04749999999996,24
5800,6828.873,401.9495,278.0398,6148.8837,400.3977,24
1252,6827.3727,481.5594,437.3564,5908.4569,541.996,24
1070,6825.9128,363.9627,251.2238,6210.7263,398.3159,24
9022,6824.5942,465.3827,324.1521,6035.0594,428.58140000000003,24
7942,6824.3958999999995,661.3045,583.542,5579.5494,415.7301,24
4623,6823.1261,519.9714,459.4096,5843.7451,478.95019999999994,24
3184,6818.7702,602.4683,358.1499,5858.152,454.9579,24
8141,6815.9439,643.3041,416.5887,5756.0511,453.5794,24
9992,6813.4187,424.6058,360.4166,6028.3963,390.7455,24
4875,6809.9516,944.6756,871.5654,4993.7106,390.19969999999995,24
2938,6806.6818,421.9498,304.8139,6079.9181,431.38759999999996,24
3578,6801.501,473.20079999999996,358.2445,5970.0557,381.9731,24
8482,6796.4372,587.1937,502.029,5707.2145,443.2969,24
4233,6794.927900000001,471.9674,401.4218,5921.5387,398.1373,24
2152,6792.6644,333.60990000000004,308.4742,6150.5803,383.2412,24
1557,6791.0785,515.2888,527.6436,5748.1461,562.0248,24
7447,6786.1376,519.0899000000001,466.09680000000003,5800.9509,594.4344,24
3842,6785.1255,864.1578,614.4957,5306.472,475.9747,24
7606,6785.0289,420.6667,322.5342,6041.828,401.79729999999995,24
3622,6781.4907,554.472,657.8186000000001,5569.2001,658.6384,24
7751,6778.9159,434.4875,481.9496,5862.4788,406.77450000000005,24
2042,6777.8885,227.1189,307.6986,6243.071,551.6663,24
8701,6777.5472,672.4516,482.4111,5622.6845,483.49559999999997,24
1686,6774.975,416.2547,345.2185,6013.5018,716.5413000000001,24
7517,6770.903,468.232,434.06289999999996,5868.6081,596.1527,24
9177,6770.7923,493.89779999999996,526.933,5749.961499999999,566.7281999999999,24
1658,6758.5656,498.9536,521.9236,5737.6884,557.9557000000001,24
7877,6753.5932,422.5201,420.17740000000003,5910.8957,373.70849999999996,24
4532,6752.3085,544.5287,585.057,5622.7228000000005,395.6685,24
1158,6751.447,483.04359999999997,424.4817,5843.9217,400.0004,24
4282,6748.5894,658.501,625.098,5464.9904,430.1319,24
4178,6747.5998,722.484,564.0225,5461.0932999999995,367.60929999999996,24
5518,6745.860000000001,420.5922,302.8196,6022.4482,1173.8852000000002,24
2855,6745.2898,670.2292,471.3136,5603.746999999999,393.3505,24
8294,6743.9135,563.9605,471.9631,5707.9899,434.96899999999994,24
9549,6738.4498,476.1104,387.1757,5875.1637,412.91190000000006,24
3497,6736.7587,458.4059,349.7442,5928.6086,466.3655,24
7805,6736.1185,347.0441,246.9808,6142.0936,400.08039999999994,24
9448,6736.103,474.5322,386.5682,5875.0026,412.84749999999997,24
4524,6735.5629,540.4163,482.6819,5712.4647,481.3861,24
9449,6734.7056,474.08820000000003,386.386,5874.2314,412.7735,24
9379,6734.6606,423.0792,367.6718,5943.9096,560.5825,24
2838,6734.1351,399.45300000000003,295.1205,6039.5616,417.2878,24
4522,6733.1465,519.1422,456.9194,5757.0849,479.99670000000003,24
3744,6732.7029999999995,486.3094,425.60380000000004,5820.7898,411.14209999999997,24
9548,6728.7968,471.3172,385.4771,5872.0025000000005,412.45590000000004,24
4234,6726.24,488.5948,401.5982,5836.0470000000005,502.45399999999995,24
4624,6721.9442,517.8036999999999,457.3555,5746.785,486.87030000000004,24
9041,6721.8994999999995,592.7023,336.2364,5792.9608,380.04749999999996,24
1057,6721.231,477.4254,417.7607,5826.0449,398.43049999999994,24
1885,6717.5998,516.0684,360.8226,5840.7088,609.9828,24
4523,6716.0779,516.8854,455.991,5743.2015,486.5621,24
1446,6715.5133,373.2895,384.6293,5957.5945,461.9945,24
7388,6712.8741,456.4188,347.6658,5908.7895,392.247,24
2052,6712.8157,327.99670000000003,276.1258,6108.6932,379.0946,24
4681,6708.0896999999995,410.5841,424.0368,5873.4688,456.43499999999995,24
9348,6707.1168,462.6749,382.8257,5861.6162,411.13250000000005,24
9349,6707.1125,462.6723,382.8245,5861.6157,411.13250000000005,24
2736,6705.7082,372.8747,386.53340000000003,5946.3001,441.0119,24
1546,6705.5353,368.7124,382.9656,5953.8573,465.21819999999997,24
1558,6704.428,471.7543,512.3987,5720.275000000001,551.1802,24
8104,6698.4073,630.5794,476.3595,5591.4684,472.52419999999995,24
9882,6697.9929,537.0405,307.0708,5853.8816,398.97749999999996,24
3240,6693.2961,490.898,347.1013,5855.2968,388.0804,24
3644,6692.8201,478.0927,422.6899,5792.0375,409.52549999999997,24
3645,6692.8201,478.0927,422.6899,5792.0375,409.52549999999997,24
3745,6692.8201,478.0927,422.6899,5792.0375,409.52549999999997,24
3646,6692.8201,478.0927,422.6899,5792.0375,409.52549999999997,24
3449,6688.4731,429.5136,597.2008000000001,5661.7587,385.67409999999995,24
1258,6687.1749,476.7163,375.0959,5835.3627,413.52070000000003,24
2286,6686.0508,449.8233,379.43420000000003,5856.7933,406.7383,24
4626,6684.9179,780.4799,815.7463,5088.6917,510.3043,24
1991,6683.2321,975.2062,539.1308,5168.8951,410.49690000000004,24
5642,6681.5871,842.4287,524.0981,5315.0603,437.6935,24
7905,6680.0892,394.089,291.7236,5994.2766,398.7144,24
7810,6678.8459,485.9772,377.0074,5815.8613,397.00530000000003,24
9247,6678.1306,463.976,382.8746,5831.28,409.0357,24
8208,6672.705099999999,522.5841,446.4321,5703.6889,498.176,24
1445,6672.4035,371.3476,387.5723,5913.4836,458.73130000000003,24
3742,6671.8226,697.8716000000001,463.5757,5510.3753,449.9409,24
9447,6670.6736,461.8099,381.69689999999997,5827.1668,405.4882,24
9566,6666.6625,1694.1905,371.5686,4600.9034,407.14480000000003,24
9873,6665.5268,409.7046,437.8696,5817.9526000000005,570.8299,24
6216,6659.6912,430.3137,362.7061,5866.6714,398.8263999999999,24
9746,6658.8443,360.13009999999997,325.0584,5973.6558,498.73290000000003,24
7930,6657.9832,312.76439999999997,243.7018,6101.517,415.2739,24
1883,6656.6413,529.3112,358.927,5768.4030999999995,605.2813,24
3461,6653.7159,3657.7496,215.5443,2780.422,358.5493,24
3561,6652.0219,3657.7974,215.6194,2778.6051,358.5348,24
770,6648.8534,300.6643,223.1534,6125.0357,463.961,24
7777,6646.7346,372.0502,383.34700000000004,5891.337399999999,377.67869999999994,24
7418,6646.1445,533.186,500.32759999999996,5612.6309,562.4405,24
7575,6644.029,415.7713,558.7509,5669.5068,378.7801,24
6480,6640.405,487.831,424.4827,5728.0913,575.1269,24
8842,6637.8821,609.1411,336.8281,5691.9129,377.68839999999994,24
1456,6637.7143,447.9062,496.3318,5693.4763,485.05000000000007,24
9997,6633.0432,418.6504,309.9218,5904.4710000000005,415.94050000000004,24
6081,6632.7035000000005,330.63259999999997,291.2597,6010.8112,462.70590000000004,24
9963,6632.1491,909.3217,320.6607,5402.1667,376.6911,24
6691,6627.8572,576.0455999999999,432.5269,5619.2847,419.4341,24
4625,6624.1205,630.8104000000001,628.6381,5364.672,432.7614,24
8796,6623.098,400.1408,324.0443,5898.9129,428.53720000000004,24
1545,6620.0864,367.9677,380.6797,5871.438999999999,455.6835,24
1786,6619.4144,377.90430000000003,323.6341,5917.876,704.6448,24
9186,6618.5752,560.9378,535.9649000000001,5521.6725,503.015,24
8942,6618.116,606.7638,336.0041,5675.3481,377.25469999999996,24
8941,6618.116,606.7638,336.0041,5675.3481,377.25469999999996,24
8841,6618.116,606.7638,336.0041,5675.3481,377.25469999999996,24
1848,6617.0719,319.8328,393.258,5903.9811,419.0018,24
947,6615.5355,697.4412,661.0889,5257.0054,449.1005,24
9642,6614.6578,312.6921,191.0599,6110.9058,504.094,24
2240,6614.5205,235.90460000000002,286.9928,6091.6231,363.05800000000005,24
3839,6609.3312,512.1877,465.4024,5631.7411,417.4262,24
9846,6597.4776,350.462,321.2661,5925.7495,496.1075,24
3450,6595.2095,511.0426,435.61289999999997,5648.554,415.748,24
1157,6591.6146,454.0462,413.9232,5723.6452,400.4554,24
3643,6587.2431,462.1163,410.1365,5714.9903,403.8433,24
9077,6586.1086,486.6097,452.2346,5647.2643,537.5658000000001,24
3981,6583.9774,509.53000000000003,527.9116,5546.5358,399.10929999999996,24
8968,6577.1707,670.7538,674.8491,5231.5678,507.7001,24
2900,6576.1323,483.2193,351.5983,5741.3147,583.2627,24
8684,6572.6667,468.681,352.0106,5751.9751,365.1136,24
9747,6571.6959,354.1186,319.3611,5898.2162,494.43899999999996,24
7124,6571.2225,545.7445,401.0735,5624.4045,411.8552000000001,24
3283,6569.9904,549.5229,327.64509999999996,5692.8224,430.3623,24
1170,6569.1235,379.4132,276.6293,5913.081,434.7077,24
7024,6568.1526,544.3926,400.4869,5623.2731,411.6421,24
1950,6565.9853,291.6673,348.4815,5925.8365,374.2741,24
9042,6563.4842,604.2957,334.3541,5624.8344,373.4927,24
1355,6563.2216,410.6365,476.8819,5675.7032,484.9054,24
6383,6562.9049,513.5532,442.3415,5607.0102,573.1236,24
9139,6559.9742,448.8881,301.5607,5809.5253999999995,356.6778,24
4925,6558.5996000000005,675.6249,673.7255,5209.2492,461.45400000000006,24
9998,6558.3097,412.8113,306.5446,5838.9538,418.32030000000003,24
9039,6557.3245,656.2712,364.2921,5536.7612,387.7819,24
5674,6554.555,973.1423000000001,827.1982,4754.2145,428.0443,24
8634,6552.1911,1017.3895,543.7531,4991.0485,389.50919999999996,24
5326,6551.4418,749.8651,650.9655,5150.6112,401.5677,24
2955,6550.1812,663.1103,489.5144,5397.5565,395.0205,24
6597,6548.0685,415.4683,313.9909,5818.6093,457.1283,24
5081,6545.0327,371.3214,286.88689999999997,5886.8244,659.3589999999999,24
4823,6542.8664,586.616,571.9197,5384.3307,434.6047,24
8940,6536.0786,660.3401,358.1331,5517.6053999999995,375.6726,24
5899,6529.3141,376.0491,274.6421,5878.6229,385.1884,24
3054,6529.264,654.0114,483.6489,5391.6037,392.8683,24
1257,6524.9503,443.1602,387.2418,5694.5483,432.2239,24
2051,6520.3151,288.0563,294.5571,5937.7017,371.47659999999996,24
1949,6517.5626,321.4271,389.0397,5807.0958,407.9296,24
3182,6514.7602,543.7927,323.1295,5647.838,440.22170000000006,24
3282,6514.7602,543.7927,323.1295,5647.838,440.22170000000006,24
3183,6514.2136,543.4605,323.0116,5647.7415,440.19669999999996,24
7722,6513.8006,556.9797,711.4516,5245.3693,996.3138,24
8695,6511.6049,410.5858,342.4771,5758.542,380.18100000000004,24
1951,6510.3593,288.2451,269.8561,5952.2581,369.8826,24
7236,6504.9927,449.4979,461.0942,5594.4006,504.8331,24
9248,6504.3936,456.7696,377.13239999999996,5670.4916,397.6121,24
1783,6502.1324,434.927,325.0999,5742.1055,586.8848,24
3840,6490.5932,542.1571,484.8568,5463.579299999999,381.6293999999999,24
1896,6485.846100000001,410.6746,302.5747,5772.5968,453.4363,24
3545,6484.1256,447.3763,397.841,5638.9083,396.519,24
7863,6479.5728,512.1093,542.8125,5424.651,394.70709999999997,24
8693,6479.0562,542.7401,458.5914,5477.7247,416.0602,24
7962,6477.280299999999,488.1519,448.8266,5540.3018,357.82089999999994,24
4423,6475.972,503.5935,447.28860000000003,5525.0899,460.6993,24
7203,6474.2606000000005,373.7301,301.67109999999997,5798.8594,432.73290000000003,24
9648,6474.1461,425.3874,360.8304,5687.9283000000005,382.7274,24
8105,6466.436900000001,701.6434,478.0423,5286.751200000001,462.8112,24
8230,6464.1047,401.2537,413.08389999999997,5649.7671,414.5217,24
9881,6461.9959,392.5422,258.2497,5811.204000000001,385.8717,24
4724,6460.8458,565.1273,542.4122,5353.3063,415.7697,24
8107,6460.1155,490.0589,422.05559999999997,5548.001,481.5428,24
4476,6459.4036,559.3042,390.6743,5509.4251,548.3625,24
8939,6457.6029,724.0307,385.96500000000003,5347.6072,401.2343000000001,24
2441,6456.6353,226.0056,292.9316,5937.6981,362.0222,24
7375,6456.0213,634.4778,624.3584,5197.1851,363.5636,24
5327,6455.6657000000005,751.7816,659.9164,5043.9677,394.1489,24
3567,6455.3505,481.4407,436.3114,5537.5984,406.19789999999995,24
5321,6447.402,438.2672,369.3694,5639.7654,577.396,24
2050,6446.7982,305.73789999999997,376.6891,5764.3712,371.4334,24
5440,6445.5808,260.6454,737.0690000000001,5447.8664,412.86310000000003,24
6580,6444.9519,452.1481,398.841,5593.9628,571.9224,24
6948,6436.5977,401.5868,392.8137,5642.1972,441.49379999999996,24
9062,6429.4041,713.9661,586.5834,5128.8546,419.2481,24
8617,6428.367700000001,298.2434,187.8152,5942.3091,412.80100000000004,24
6588,6427.9095,566.4091,372.6639,5488.8365,647.1514,24
6688,6427.5192,566.332,372.581,5488.6062,647.3489,24
6689,6427.3421,566.2906,372.5315,5488.52,647.47,24
3421,6424.2723,465.3021,455.985,5502.9852,483.986,24
9289,6423.9713,375.9412,221.2731,5826.757,395.601,24
3327,6423.352,663.5029,589.0666,5170.7825,397.267,24
5798,6422.6061,374.0559,251.3877,5797.1625,369.13910000000004,24
9040,6421.9284,614.8745,337.5285,5469.5254,364.85580000000004,24
8615,6421.4083,328.3872,221.2379,5871.7832,402.204,24
6949,6418.8519,548.4392,438.2828,5432.1299,421.30390000000006,24
9645,6417.4529999999995,450.3573,373.2789,5593.8168,396.4144,24
4527,6416.3299,771.5378,788.7345,4856.0576,512.2785,24
1067,6414.5698,364.7751,310.3607,5739.434,382.5019,24
7977,6412.9845000000005,582.2347,488.9875,5341.7623,402.0325,24
7994,6408.2312,537.1972,399.5331,5471.5009,394.1565,24
8464,6406.643,770.3252,570.1554,5066.1624,377.49379999999996,24
4421,6403.4301000000005,517.9054,451.7396,5433.7851,385.13100000000003,24
9246,6397.5338,470.766,369.6833,5557.0845,369.9581,24
1253,6392.9745,467.4834,351.6127,5573.8784,448.9623,24
9974,6391.138,262.5597,256.7511,5871.8272,528.8112,24
9378,6390.6009,445.3397,365.0929,5580.1683,647.1067,24
2387,6389.820900000001,416.9207,354.8597,5618.0405,372.19010000000003,24
3053,6388.6871,644.626,469.5404,5274.5207,382.1137,24
7317,6387.1512,499.38739999999996,473.27320000000003,5414.4906,552.7855,24
8485,6386.9171,437.1773,366.50870000000003,5583.2311,367.0148,24
2952,6385.9231,645.9629,470.1025,5269.8577,381.6189,24
2854,6385.6031,646.116,470.1655,5269.3216,381.56200000000007,24
2954,6385.6031,646.116,470.1655,5269.3216,381.56200000000007,24
2953,6385.6031,646.116,470.1655,5269.3216,381.56200000000007,24
8593,6372.4101,537.3378,455.7958,5379.2765,411.1132,24
8204,6371.3081,592.6166000000001,475.9655,5302.726,460.5477,24
7775,6370.3937000000005,248.7135,326.4334,5795.2468,425.5943,24
8006,6366.2921,434.6171,340.45500000000004,5591.22,374.2216,24
8263,6365.9841,595.1105,434.8779,5335.9957,353.4096,24
5426,6365.3351999999995,735.3485000000001,655.727,4974.2597,391.41869999999994,24
2853,6360.0972,640.6217,466.5529,5252.9226,380.14360000000005,24
8694,6357.679,514.6612,431.5509,5411.4669,400.1508,24
8711,6356.1452,640.4776,465.535,5250.1326,393.86719999999997,24
4334,6350.8399,1428.8181,401.7723,4520.2495,466.2272,24
8984,6349.014,553.7659,388.7142,5406.5339,415.754,24
9988,6348.8938,304.2622,294.368,5750.2636,346.0724,24
3984,6347.5071,425.30330000000004,459.493,5462.7108,410.13329999999996,24
2389,6341.4888,413.6508,352.4486,5575.3894,370.80310000000003,24
1046,6340.7015,732.7316,751.7405,4856.2294,371.5517,24
7816,6339.733200000001,401.5399,340.487,5597.7063,371.6514000000001,24
9123,6339.1605,445.899,316.6312,5576.6303,355.84620000000007,24
8250,6337.7355,656.8636,436.3135,5244.5584,429.9066,24
3186,6336.4728000000005,547.8419,311.0102,5477.6207,360.1561,24
5223,6332.8189999999995,584.0803,521.1178,5227.6209,419.06520000000006,24
6481,6330.0187,477.8737,435.0488,5417.0962,591.9276,24
2288,6329.0528,412.8639,351.7126,5564.4763,370.0881,24
2287,6329.0528,412.8639,351.7126,5564.4763,370.0881,24
2388,6329.0528,412.8639,351.7126,5564.4763,370.0881,24
9766,6328.4383,1486.7628,345.52819999999997,4496.1473000000005,376.95120000000003,24
8306,6327.4603,591.5915,475.7733,5260.0955,456.97720000000004,24
8307,6327.4603,591.5915,475.7733,5260.0955,456.97720000000004,24
8507,6327.4603,591.5915,475.7733,5260.0955,456.97720000000004,24
8206,6327.4603,591.5915,475.7733,5260.0955,456.97720000000004,24
8407,6327.4603,591.5915,475.7733,5260.0955,456.97720000000004,24
8506,6327.4603,591.5915,475.7733,5260.0955,456.97720000000004,24
8606,6327.4603,591.5915,475.7733,5260.0955,456.97720000000004,24
8508,6327.4603,591.5915,475.7733,5260.0955,456.97720000000004,24
8408,6327.4603,591.5915,475.7733,5260.0955,456.97720000000004,24
8205,6327.2714,591.4819,475.7285,5260.061,456.95990000000006,24
8404,6327.0978000000005,591.3806000000001,475.68760000000003,5260.0296,456.9439,24
7831,6326.1264,312.023,234.3449,5779.7585,476.4741,24
8304,6325.699,590.5676,475.3568,5259.7746,456.8155,24
8405,6325.6235,590.5236,475.339,5259.7609,456.80860000000007,24
8406,6324.4746000000005,589.8555,475.0675,5259.5516,456.7031,24
9644,6322.892,448.4649,371.22589999999997,5503.2012,395.5324,24
8403,6321.9386,591.1083,475.4465,5255.3838,456.5292,24
2657,6319.0389,645.4683,368.41,5305.1606,447.30589999999995,24
1586,6317.8996,394.7917,333.9422,5589.1657000000005,646.3214,24
9329,6310.7663,384.8375,279.23560000000003,5646.6932,440.70169999999996,24
9565,6309.8504,1646.0104999999999,330.1146,4333.7253,385.4798,24
7133,6306.9818000000005,547.795,594.9529,5164.2339,506.1427,24
9674,6303.9609,488.9588,522.5286,5292.4735,598.9706,24
5282,6303.3744,383.4846,265.7787,5654.1111,606.1085,24
9966,6303.1084,706.5922,381.882,5214.6342,374.8144,24
2683,6300.0671,319.9282,287.5563,5692.582600000001,491.0855,24
2699,6298.6422999999995,417.7804,277.7373,5603.1246,369.9008,24
7123,6297.8541,526.2224,388.4985,5383.1332,395.02549999999997,24
6417,6296.9418000000005,467.96090000000004,399.4409,5429.54,468.4037,24
2682,6296.0688,318.0209,286.6361,5691.4118,490.56669999999997,24
2783,6288.6212000000005,321.5221,287.6525,5679.4466,489.24850000000004,24
8148,6287.9057,1779.8425,448.88059999999996,4059.1826,378.48170000000005,24
4582,6287.0111,395.05129999999997,391.9623,5499.9974999999995,411.64439999999996,24
5100,6286.2287,518.1563,274.0317,5494.0407,364.17789999999997,24
7037,6284.3686,793.6498,982.0930000000001,4508.6258,453.2655,24
3494,6283.9823,419.52090000000004,317.8761,5546.5853,513.0231000000001,24
2151,6282.4800000000005,276.3021,339.6804,5666.4975,358.08410000000003,24
6381,6280.2275,429.47360000000003,412.7522,5438.0017,565.5901,24
9001,6279.2963,637.7243,464.1733,5177.3987,453.53030000000007,24
8505,6277.8829,586.8996,471.81010000000003,5219.1732,453.43699999999995,24
9564,6271.7936,1640.8721,325.6945,4305.227,383.1689,24
9665,6271.7936,1640.8721,325.6945,4305.227,383.1689,24
9666,6271.7936,1640.8721,325.6945,4305.227,383.1689,24
9764,6271.7936,1640.8721,325.6945,4305.227,383.1689,24
9664,6271.7936,1640.8721,325.6945,4305.227,383.1689,24
7648,6271.3595000000005,544.4162,507.2249,5219.7184,480.86400000000003,24
5981,6270.087,312.00600000000003,280.96909999999997,5677.1119,438.8915,24
5199,6268.588,517.8423,273.8865,5476.8592,363.457,24
9765,6267.2938,1638.8229000000001,325.0599,4303.411,382.8302,24
3546,6265.3977,403.8472,474.4859,5387.0646,355.9647,24
8308,6265.371,584.0413,469.4864,5211.8432999999995,452.0349,24
9136,6263.3192,371.6917,267.7957,5623.8318,383.6438,24
9065,6262.673,510.7571,388.7202,5363.1957,398.5136,24
9032,6257.4425,433.9786,306.1093,5517.3546,393.9768,24
6082,6256.3535,324.6062,293.5737,5638.1736,473.7305,24
3518,6254.5132,423.847,323.0618,5507.6044,327.4754,24
1156,6252.4555,402.8796,410.0536,5439.5223,448.0029,24
2091,6252.3453,566.1921,356.6384,5329.5148,345.2601,24
9863,6251.3887,1631.5108,322.9571,4296.9208,382.4966,24
8493,6250.7031,519.2923,444.82460000000003,5286.5862,408.2132,24
1457,6248.5805,421.6377,454.62510000000003,5372.3177,492.9631,24
2852,6248.5194,616.5861,450.7498,5181.1835,373.9383,24
4824,6243.418,605.7349,603.6025,5034.0806,437.8206,24
3152,6242.1121,498.3179,387.735,5356.0592,391.66639999999995,24
8232,6241.070900000001,490.8938,536.3621,5213.8150000000005,480.57399999999996,24
7035,6239.465,910.4647,988.6262,4340.3741,517.5143,24
6789,6232.032,556.4509,373.205,5302.3760999999995,581.96,24
1256,6230.2684,437.2574,362.675,5430.336,422.7909,24
8207,6225.2784,573.1238,461.9079,5190.2467,449.5997,24
2641,6221.1693,310.9353,223.1538,5687.0802,352.51259999999996,24
4923,6220.3105000000005,615.4943000000001,616.047,4988.7692,438.9195,24
7007,6216.6283,355.2604,285.8525,5575.5154,451.9663,24
3740,6215.7586,464.4393,410.391,5340.9283,388.9851,24
7694,6213.8730000000005,578.5331,406.4186,5228.9213,363.46380000000005,24
3052,6213.2912,544.0263,413.437,5255.8279,383.23209999999995,24
8332,6213.0046,543.0181,567.7254,5102.2611,470.1191,24
9547,6211.742,454.2038,370.094,5387.4442,360.617,24
5024,6211.3919,618.6904,619.9455,4972.756,439.3893,24
4924,6211.3919,618.6904,619.9455,4972.756,439.3893,24
9996,6208.5488,391.6629,294.3864,5522.4995,422.726,24
9864,6204.4105,1466.4779,318.5967,4419.3359,372.3425,24
1255,6203.5981,444.0288,346.7539,5412.8154,410.63649999999996,24
8331,6202.7576,540.0975,566.3376999999999,5096.3224,470.16089999999997,24
946,6201.6081,713.8987999999999,726.465,4761.2443,365.5883,24
8607,6201.5469,575.8769,461.6606,5164.0094,444.1634,24
4981,6198.6145,356.74240000000003,274.9745,5566.8976,604.5489,24
1448,6197.4829,423.6931,384.6251,5389.1647,376.5388,24
5099,6191.9819,507.764,269.4104,5414.8075,359.745,24
1458,6187.0893,395.8166,464.447,5326.8257,493.3805,24
3923,6185.7513,466.189,400.3959,5319.1664,399.20560000000006,24
3983,6182.49,406.0081,413.5463,5362.9356,439.20590000000004,24
5023,6181.6095,610.7854,610.2998,4960.5243,420.3056,24
9866,6180.4299,707.7682,356.4043,5116.2574,368.5638,24
9883,6178.7634,457.5007,242.5918,5478.6709,371.5854,24
9647,6177.935,391.3783,339.1852,5447.3715,414.5015,24
8816,6177.2623,343.9451,225.0293,5608.2879,487.4343,24
3741,6176.165,639.2275,436.1033,5100.8342,399.4799,24
9641,6174.0884,212.5353,146.0823,5815.4708,484.98269999999997,24
9842,6173.9822,212.4972,146.0585,5815.4265,484.9775,24
9742,6173.9822,212.4972,146.0585,5815.4265,484.9775,24
6313,6169.3076,413.2812,320.4729,5435.5535,370.4226,24
5200,6168.7547,492.2336,266.9552,5409.5659,349.69000000000005,24
9374,6166.7684,601.4713,540.9005,5024.3966,387.2827,24
9345,6163.1041000000005,540.9036,355.0795,5267.121,390.42370000000005,24
6280,6161.4538999999995,398.8548,369.5679,5393.0312,550.65,24
1948,6158.8956,307.8363,369.4989,5481.5604,396.2601,24
5913,6157.7664,383.175,298.9677,5475.6237,375.82179999999994,24
9543,6156.5256,448.3779,361.6382,5346.5095,393.8557,24
6194,6151.0766,362.8014,264.231,5524.0442,381.1187,24
8305,6148.153499999999,573.7748,465.0313,5109.3474,443.217,24
3030,6147.2626,595.3668,421.0367,5130.8591,345.52540000000005,24
7033,6143.427,797.2757,916.626,4429.5253,527.6696,24
1559,6142.465,402.5356,465.0709,5274.8585,500.8366,24
2149,6140.7516,348.7841,447.0783,5344.8892,470.7482,24
5523,6136.9488,438.6961,337.6932,5360.559499999999,418.14029999999997,24
8041,6136.7049,562.3009999999999,381.22090000000003,5193.183,374.26919999999996,24
9017,6133.408100000001,400.8992,253.0485,5479.4604,496.1096,24
2143,6133.1405,206.2572,287.1457,5639.7375999999995,387.1564,24
9238,6131.1533,363.1521,261.5747,5506.4265,368.7525,24
2049,6130.643,348.7841,448.0057,5333.8532000000005,465.88930000000005,24
3339,6128.6148,473.7715,321.1817,5333.6616,353.3421,24
3338,6128.6148,473.7715,321.1817,5333.6616,353.3421,24
9740,6128.2907000000005,211.3006,145.1066,5771.8835,481.1369,24
1590,6126.9261,804.1292,500.6517,4822.1452,394.4135,24
8147,6126.1738000000005,1782.4049,426.6281,3917.1408,356.6996,24
3439,6122.2053,470.3335,319.5117,5332.3601,352.7035,24
3086,6118.3813,518.0468,317.0917,5283.2428,353.79179999999997,24
5599,6118.0075,367.647,241.90879999999999,5508.4517000000005,342.5262,24
9278,6114.3991,429.2683,354.2297,5330.9011,592.1246,24
3299,6108.6327,400.7008,285.5866,5422.3453,482.67650000000003,24
4420,6108.0276,389.1667,303.9507,5414.9102,361.25629999999995,24
6212,6106.1433,377.3628,305.7749,5423.0056,364.0052,24
5673,6101.2952000000005,1073.5248,736.6825,4291.0879,612.4010000000001,24
3440,6097.5825,467.4475,324.0871,5306.0479000000005,351.408,24
9545,6093.7369,451.1183,368.46659999999997,5274.152,394.165,24
8393,6091.5985,532.2772,451.91929999999996,5107.402,406.3891,24
9544,6090.8497,449.4979,367.8075,5273.5443000000005,394.02329999999995,24
5581,6088.2918,277.6193,231.36100000000002,5579.3115,530.3936,24
9741,6081.818,210.08370000000002,144.1388,5727.5955,477.2305,24
8196,6081.5221,452.7455,344.5094,5284.2672,373.33680000000004,24
9844,6080.0923,262.0479,228.0278,5590.0166,528.5034,24
8116,6079.3332,478.7555,347.8413,5252.7364,415.98240000000004,24
9346,6076.3959,440.147,363.547,5272.7019,354.43219999999997,24
7034,6076.0384,825.7148,896.8867,4353.4369,529.06,24
1895,6075.7894,386.8844,316.8959,5372.0091,450.8144,24
2056,6074.3016,398.4392,412.7346,5263.1278,444.4165,24
8504,6070.4693,564.4171,452.5678,5053.4844,439.87660000000005,24
7573,6067.4603,351.24830000000003,448.8831,5267.3289,353.7466,24
4183,6061.126,526.8796,479.2606,5054.9857999999995,434.1293,24
7574,6060.9539,346.7116,449.3267,5264.9156,353.57,24
7247,6060.7136,455.7774,373.2523,5231.6839,393.37010000000004,24
9865,6059.2588,981.1568,316.2061,4761.8958999999995,340.62649999999996,24
3468,6055.8673,443.9459,361.6539,5250.2675,349.231,24
2530,6055.6459,478.9878,293.65999999999997,5282.9981,357.6305,24
6806,6055.0313,369.0636,289.3869,5396.5808,435.4557,24
647,6054.9636,442.92900000000003,350.759,5261.2756,402.03360000000004,24
8916,6054.9221,394.018,247.2277,5413.6764,509.27230000000003,24
8915,6054.9221,394.018,247.2277,5413.6764,509.27230000000003,24
8917,6054.9221,394.018,247.2277,5413.6764,509.27230000000003,24
3568,6052.6596,528.2304,508.33729999999997,5016.0919,389.0055,24
8601,6052.413500000001,563.479,405.9642,5082.9703,480.58189999999996,24
9016,6052.1947,393.19530000000003,246.743,5412.2564,509.04699999999997,24
5600,6049.3677,362.4746,239.6449,5447.2482,341.2417,24
9130,6045.7565,369.8385,267.7584,5408.1596,400.1951,24
3084,6045.0742,445.02840000000003,290.539,5309.5068,380.14419999999996,24
8348,6042.8897,956.2738,415.3491,4671.2668,499.05459999999994,24
8594,6042.1023,459.353,398.1417,5184.6076,395.51750000000004,24
9229,6042.0874,364.0747,263.3696,5414.6431,410.2849,24
3340,6041.4577,461.4556,315.1326,5264.8695,348.21779999999995,24
8350,6039.767,449.2878,414.0043,5176.4749,420.6051,24
1071,6039.4999,336.6892,217.4254,5485.3853,404.3878,24
9088,6039.049599999999,669.3362999999999,464.5915,4905.1218,386.67189999999994,24
6083,6038.5167,327.3089,304.3077,5406.9001,494.4552,24
9743,6035.4302,221.4468,169.0788,5644.9046,398.6932,24
9393,6032.8396,413.5532,319.1804,5300.106,409.2586,24
2799,6030.4983,414.0395,289.3697,5327.0891,447.84799999999996,24
1858,6029.734100000001,424.7647,485.7315,5119.2379,507.052,24
7318,6029.2439,484.569,459.116,5085.5589,499.5438,24
9444,6027.9547,450.6765,366.555,5210.7232,387.83230000000003,24
8106,6026.9183,557.6549,449.1474,5020.116,433.52389999999997,24
2634,6018.7925,457.2127,321.5551,5240.0247,347.0754,24
7525,6014.311,407.5143,445.91200000000003,5160.8847,550.9793999999999,24
4922,6013.8101,450.2939,377.931,5185.5851999999995,416.3219,24
6882,6011.1084,381.6463,363.2274,5266.2347,619.8733,24
7776,6009.4096,344.8636,363.1431,5301.4029,341.9231,24
2542,6003.129,205.1807,279.5303,5518.418000000001,343.8219,24
1691,5997.9419,611.6653,444.3953,4941.8813,384.3701,24
7812,5997.2338,553.2932,474.6188,4969.3218,398.9583,24
7036,5994.6733,862.9868,1020.2707,4111.4158,457.51559999999995,24
6985,5993.9958,618.9041,772.0608,4603.0309,400.32970000000006,24
4084,5993.2672,393.5689,418.79519999999997,5180.9031,394.3113000000001,24
650,5989.413500000001,304.21930000000003,243.0907,5442.1035,344.8459,24
7416,5988.4596,361.14050000000003,331.1318,5296.1873,529.0662,24
8961,5987.4634,607.5163,541.5997,4838.3474,413.9407,24
6790,5986.7751,544.8669,403.7529,5038.1553,333.595,24
8815,5986.7584,384.5917,241.6752,5360.4915,498.7057,24
9646,5984.628900000001,411.2485,347.66589999999997,5225.7145,381.1444,24
8003,5983.7799,569.6315,459.54650000000004,4954.601900000001,430.85220000000004,24
846,5982.067,610.3004,562.0015,4809.7651,381.73210000000006,24
9964,5979.2202,677.8968,316.9383,4984.3851,360.9569,24
9965,5973.3657,661.325,316.9649,4995.0758000000005,362.2828,24
9184,5972.7229,525.4548,413.6099,5033.6582,388.2701,24
7411,5965.8579,399.0409,289.2534,5277.5636,368.00989999999996,24
9643,5964.7433,356.993,264.637,5343.1133,353.8534,24
6788,5964.7313,540.1965,410.6485,5013.8863,538.0209,24
9546,5963.0823,447.4291,364.5133,5151.1399,384.2605,24
2951,5957.3755,504.4173,390.3161,5062.6421,370.1263,24
8115,5955.1248000000005,565.3801,375.6612,5014.083500000001,395.78650000000005,24
6088,5951.3405,348.8922,251.5671,5350.8812,351.8558,24
5123,5948.3104,555.0432000000001,539.4695,4853.7977,423.18340000000006,24
8732,5945.8741,402.1355,324.0528,5219.6858,371.21959999999996,24
1353,5939.9374,427.702,350.298,5161.9374,446.9212,24
8198,5937.9839,426.4357,316.43899999999996,5195.1092,323.693,24
9445,5937.5991,447.67379999999997,364.5953,5125.33,383.903,24
1400,5936.7438999999995,438.28839999999997,376.1261,5122.3294,467.4275,24
1159,5935.6249,455.2974,399.2264,5081.1011,347.9709,24
4375,5932.2248,208.82920000000001,207.2751,5516.1205,419.3204,24
8744,5932.0875,804.1392000000001,274.9593,4852.989,340.7774,24
9084,5931.8741,541.872,425.6487,4964.3534,398.8191,24
6343,5920.001,692.4452,767.0183,4460.5375,429.4436,24
8117,5918.8871,420.7587,329.5827,5168.5457,375.1322,24
8394,5916.5253999999995,485.9722,417.71049999999997,5012.8427,393.87350000000004,24
8784,5914.7274,580.8655,413.7889,4920.073,364.5817,24
9421,5913.0217,442.1097,323.673,5147.2390000000005,347.50300000000004,24
9921,5912.5035,412.2987,312.3683,5187.836499999999,332.16429999999997,24
1069,5909.7952000000005,321.2617,245.50979999999998,5343.0237,331.73209999999995,24
8231,5909.3042000000005,467.0184,522.3129,4919.9729,465.4295,24
9063,5907.4533,716.0461,586.5597,4604.8475,400.76189999999997,24
4430,5905.3624,466.8465,475.7771,4962.7388,383.6966,24
7894,5904.3123,512.5797,362.1816,5029.5509999999995,338.057,24
7103,5903.7557,355.1197,286.6827,5261.9533,416.6358,24
1440,5903.7226,368.4289,330.4258,5204.8679,359.3495,24
6181,5901.5603,326.01300000000003,313.62629999999996,5261.921,515.7651000000001,24
8522,5898.4967,294.7598,218.4998,5385.2371,324.9472,24
2150,5898.0555,294.4081,381.33369999999996,5222.3137,356.43219999999997,24
2154,5891.9235,367.4686,385.2943,5139.1606,400.59619999999995,24
8295,5884.840999999999,487.9065,417.6084,4979.3261,391.54549999999995,24
6196,5879.9492,353.0091,242.9385,5284.0016,365.3142,24
6197,5879.9492,353.0091,242.9385,5284.0016,365.3142,24
6195,5879.641799999999,352.46979999999996,242.8637,5284.3083,365.1642,24
1356,5877.4442,376.1167,394.85,5106.4775,442.9782,24
6096,5877.2842,352.454,242.4804,5282.3498,365.15250000000003,24
6937,5876.5086,793.0157,967.0805,4116.4124,436.698,24
8962,5876.1944,704.2372,587.1007999999999,4584.8564,396.2347,24
2344,5875.430899999999,203.4425,285.5057,5386.4827,353.32579999999996,24
1984,5872.0674,427.813,319.5793,5124.6751,568.1165,24
4382,5871.6525,613.6121,556.7938,4701.2466,344.9367,24
8929,5871.2298,313.52889999999996,215.5314,5342.1695,344.6783,24
5129,5869.9578,487.4781,444.467,4938.0127,342.16869999999994,24
8822,5868.2794,369.7128,247.1123,5251.4543,434.28490000000005,24
6112,5867.3319,373.79040000000003,310.331,5183.2105,351.85089999999997,24
9223,5862.6094,436.0,315.6057,5111.0037,355.208,24
7794,5862.4938,514.3586,346.07910000000004,5002.0561,340.5239,24
2341,5860.784799999999,198.4797,278.1662,5384.1389,338.16299999999995,24
9117,5858.1797,408.3806,264.1259,5185.6732,355.609,24
9797,5857.837500000001,358.4836,275.1829,5224.171,442.7238,24
7823,5856.5252,505.6213,626.607,4724.2969,720.3695,24
6936,5852.8221,963.711,1058.2934,3830.8177,460.2437,24
4080,5848.5051,486.0021,490.58439999999996,4871.9186,343.0002,24
7435,5846.9034,387.9987,372.629,5086.2757,465.9951,24
9178,5840.3033,410.1279,392.4113,5037.7641,521.3744,24
1063,5840.121,416.1686,413.37039999999996,5010.582,360.905,24
2782,5839.651,319.3179,263.64209999999997,5256.691,413.27959999999996,24
9898,5839.017,357.0412,274.2034,5207.7724,441.2785,24
9897,5839.017,357.0412,274.2034,5207.7724,441.2785,24
7134,5837.0851,504.4095,499.8927,4832.7829,472.269,24
6993,5832.7371,453.7072,342.722,5036.3079,328.4057,24
3978,5830.6862,497.75690000000003,489.90840000000003,4843.0209,344.9746,24
9446,5827.404,433.14529999999996,356.7388,5037.5199,354.8009,24
8465,5826.666,658.079,510.3019,4658.2851,333.65889999999996,24
8963,5825.79,705.1395,577.7129,4542.9376,395.87149999999997,24
9896,5817.8759,357.0209,274.11150000000004,5186.7435000000005,438.8974,24
747,5815.258,528.0991,477.50260000000003,4809.6563,398.6576,24
8321,5815.2434,321.1887,248.6909,5245.3638,314.3418,24
3000,5814.2949,393.3158,280.6085,5140.3706,466.3262,24
2185,5813.0983,364.8365,303.1419,5145.1199,427.8664,24
2798,5808.5251,424.3809,285.2178,5098.9264,409.1941,24
3347,5808.4486,314.5532,608.9906,4884.9048,355.2998,24
3348,5808.4486,314.5532,608.9906,4884.9048,355.2998,24
3447,5808.4486,314.5532,608.9906,4884.9048,355.2998,24
2790,5807.9641,493.8347,409.56,4904.5694,359.14289999999994,24
3446,5803.8458,314.6383,605.2871,4883.9204,355.04200000000003,24
3448,5803.2176,317.6953,602.3126,4883.2097,355.13230000000004,24
8131,5802.203399999999,388.0675,388.2503,5025.8856,385.33949999999993,24
1792,5801.4865,501.6604,406.1996,4893.6265,371.1093000000001,24
6283,5798.9984,334.6359,324.6116,5139.7509,529.6749,24
6836,5797.325,947.6916,1046.1267,3803.5067,455.94190000000003,24
8817,5796.0741,320.637,207.0136,5268.4235,440.38879999999995,24
9225,5794.3696,432.9827,313.2781,5048.1088,354.6842,24
9224,5794.3696,432.9827,313.2781,5048.1088,354.6842,24
9323,5794.3696,432.9827,313.2781,5048.1088,354.6842,24
7734,5792.9899,427.2875,437.7452,4927.9572,447.6826,24
854,5791.7633,306.6005,415.8856,5069.2771999999995,367.35380000000004,24
3083,5790.7362,422.9543,274.3317,5093.4502,370.4432,24
9324,5790.342900000001,431.77,313.9695,5044.6034,355.336,24
4083,5790.2124,390.6633,373.4085,5026.1406,419.155,24
7475,5787.7001,386.6768,520.721,4880.3023,336.6587,24
4976,5785.7011,697.1142,736.7428,4351.8441,408.4605,24
9124,5785.6346,420.7247,300.6621,5064.2478,351.0823,24
5331,5784.1545,531.8184,373.4838,4878.8523,348.2333,24
9318,5783.3466,458.6263,323.311,5001.4093,339.2691,24
1651,5783.0439,286.1564,316.8542,5180.0333,411.18919999999997,24
7535,5779.5462,483.159,458.6441,4837.7431,491.64339999999993,24
2342,5778.9374,194.6989,276.1272,5308.1113,334.88419999999996,24
2142,5778.9374,194.6989,276.1272,5308.1113,334.88419999999996,24
2442,5778.9374,194.6989,276.1272,5308.1113,334.88419999999996,24
2243,5778.9374,194.6989,276.1272,5308.1113,334.88419999999996,24
2242,5778.9374,194.6989,276.1272,5308.1113,334.88419999999996,24
2343,5778.9374,194.6989,276.1272,5308.1113,334.88419999999996,24
2443,5776.7732,194.6989,274.3485,5307.7258,334.7772,24
3985,5772.962,368.0099,384.6833,5020.2688,386.0344,24
1591,5771.1428,491.7481,405.0953,4874.2994,368.8889,24
6198,5768.4776,296.5382,262.5464,5209.393,462.6977,24
1692,5768.1857,490.7883,403.81739999999996,4873.58,368.80690000000004,24
6182,5767.8675,321.2671,326.0598,5120.5406,526.0706,24
1496,5767.8532000000005,495.8922,307.9695,4963.9915,323.2641,24
1497,5767.8532000000005,495.8922,307.9695,4963.9915,323.2641,24
1596,5767.8532000000005,495.8922,307.9695,4963.9915,323.2641,24
9383,5765.8058,489.407,355.6278,4920.771,383.52029999999996,24
4085,5764.4255,366.5692,382.8718,5014.9845000000005,385.57180000000005,24
6281,5762.2314,323.5776,321.704,5116.9498,526.5917,24
1593,5761.1465,491.8496,402.9834,4866.3135,368.53979999999996,24
1444,5760.0,317.3261,320.9015,5121.7724,373.1821,24
1693,5758.0146,488.6461,401.77,4867.5985,368.3148,24
1597,5757.3923,493.9223,307.0567,4956.4133,322.6426,24
7634,5756.7378,505.8347,462.7002,4788.2029,501.33680000000004,24
9872,5755.8906,309.816,339.1354,5106.9392,459.02779999999996,24
1988,5755.5987000000005,490.3706,329.4207,4935.8074,322.6882,24
9347,5755.3397,419.02410000000003,349.6966,4986.619000000001,348.8693,24
5886,5753.7561,349.2299,247.6585,5156.8677,321.7248,24
3259,5753.2688,3312.5897999999997,157.3243,2283.3547,276.3763,24
5218,5752.1283,391.7124,237.4384,5122.9775,394.4483000000001,24
3029,5751.6372,560.5316,397.3007,4793.8049,334.2475,24
1592,5750.0428,485.4681,399.8203,4864.7544,367.8858,24
6382,5749.9827,315.3115,318.59250000000003,5116.0787,525.0995,24
2184,5749.4359,365.09139999999996,316.3318,5068.0127,473.25239999999997,24
4434,5748.9961,1122.4256,588.0499,4038.5206,379.0093,24
8494,5748.7658,393.2031,349.227,5006.3357,381.90349999999995,24
3360,5746.0364,3592.1345,153.6222,2000.2797,273.27570000000003,24
6707,5746.0145,345.7566,275.438,5124.8199,382.90689999999995,24
9640,5744.2082,201.2423,137.1077,5405.8582,448.8516,24
2929,5743.6165,408.8646,255.8653,5078.8866,359.4342,24
9325,5743.0434,429.9921,312.3001,5000.7512,351.3284,24
4078,5742.3149,493.5732,488.767,4759.9747,341.4773,24
3100,5741.6481,364.9531,257.6739,5119.0211,434.6663,24
9125,5740.5909,415.87280000000004,298.169,5026.5491,342.5263,24
6708,5737.1803,357.0949,281.7594,5098.326,334.5896,24
1495,5736.0917,492.8954,310.3802,4932.8161,322.82550000000003,24
1500,5735.8955,381.765,310.7328,5043.3976999999995,410.57219999999995,24
1793,5734.6199,481.5714,396.5636,4856.4849,367.1209,24
9384,5734.2428,484.2333,350.8675,4899.142,381.8847,24
5217,5733.6407,363.2493,227.0609,5143.3305,331.9904,24
5317,5733.6328,363.2365,227.0571,5143.3392,331.99010000000004,24
5316,5731.0174,343.9273,223.5802,5163.5099,332.2899,24
9843,5730.4428,205.46,169.4495,5355.5333,464.40909999999997,24
5315,5730.3541,339.0476,222.7009,5168.6056,332.36539999999997,24
9971,5729.3062,291.8909,289.9758,5147.4394999999995,447.0472,24
1498,5728.5856,476.99199999999996,309.0827,4942.5109,326.3525,24
7511,5728.3622,362.7136,279.0444,5086.6042,363.24089999999995,24
8605,5727.6007,540.5323999999999,433.1309,4753.9374,411.63300000000004,24
6589,5727.0833999999995,481.5632,316.1811,4929.3391,535.6131,24
9284,5726.6035999999995,483.0421,349.8412,4893.7203,381.464,24
9283,5726.6035999999995,483.0421,349.8412,4893.7203,381.464,24
4219,5722.2794,329.9983,247.4134,5144.8677,336.6068,24
4179,5722.0929,484.38800000000003,490.1964,4747.5085,340.0768,24
3398,5718.9316,332.4914,230.605,5155.8352,397.7201,24
8449,5714.8366,448.4607,396.2276,4870.1483,460.7785,24
2816,5713.4518,331.4708,265.1255,5116.8555,492.3477,24
9919,5713.2993,387.0489,307.8832,5018.3672,333.5851,24
6183,5713.1348,306.8019,307.3659,5098.967000000001,522.6096,24
749,5711.4432,428.8604,364.096,4918.4868,385.2319,24
3980,5707.1099,482.04920000000004,488.4892,4736.5715,340.27070000000003,24
5522,5706.3601,350.7005,256.3288,5099.3308,405.0183,24
3116,5706.3256,338.9905,271.732,5095.6031,340.7129,24
3979,5706.0866000000005,482.0202,488.4741,4735.5923,340.251,24
4079,5706.0866000000005,482.0202,488.4741,4735.5923,340.251,24
4026,5701.0203,413.6394,362.2565,4925.1244,398.92230000000006,24
4125,5701.0203,413.6394,362.2565,4925.1244,398.92230000000006,24
4024,5701.0203,413.6394,362.2565,4925.1244,398.92230000000006,24
4025,5701.0203,413.6394,362.2565,4925.1244,398.92230000000006,24
4374,5699.0561,164.2935,181.0245,5353.7381000000005,416.4073,24
7412,5696.7894,348.1423,273.7226,5074.9245,362.868,24
9135,5692.1582,336.4008,237.05610000000001,5118.7013,333.63689999999997,24
8616,5691.3258000000005,293.154,184.4776,5213.6942,386.156,24
1155,5686.1097,388.4533,362.1245,4935.5319,382.61199999999997,24
8983,5683.0927,522.267,366.5159,4794.3098,393.1849,24
3369,5681.977,444.8134,331.9803,4905.1833,316.34809999999993,24
4427,5680.3349,736.8665,735.2436,4208.2248,485.03610000000003,24
2797,5679.9639,427.3786,281.9421,4970.6431999999995,388.13699999999994,24
2800,5679.2083,419.1732,283.3765,4976.6586,420.3954,24
1741,5678.1447,192.9372,273.3659,5211.8416,593.8375999999998,24
2739,5678.0336,330.2413,225.1529,5122.6394,398.4897,24
6200,5677.6485,301.971,284.2529,5091.4246,481.24120000000005,24
4921,5675.6723999999995,362.3498,257.9375,5055.3850999999995,428.2076,24
4920,5674.5538,362.2769,257.891,5054.3859,428.1815,24
4124,5673.396,412.11850000000004,361.0743,4900.2032,396.71760000000006,24
6282,5670.4169,318.464,320.0768,5031.8761,518.8552000000001,24
5740,5668.3856,400.6035,428.2174,4839.5647,340.5714,24
7136,5660.9446,578.0629,715.2873000000001,4367.5944,449.8248,24
8713,5660.6798,626.7599,457.2917,4576.6282,369.6495,24
5500,5659.3807,359.9415,228.9669,5070.4723,337.09989999999993,24
5499,5656.6326,359.682,227.87969999999999,5069.0709,338.23519999999996,24
5399,5656.6326,359.682,227.87969999999999,5069.0709,338.23519999999996,24
5398,5656.6025,359.6755,227.8764,5069.0506,338.2331,24
5519,5656.3232,380.0681,273.9033,5002.3517999999995,915.6137999999999,24
5639,5654.1628,401.6842,430.3162,4822.1624,343.2605,24
8395,5650.9558,383.9137,339.0351,4928.007,375.30789999999996,24
5417,5649.9042,351.7907,228.0214,5070.0921,322.8006,24
3882,5648.21,434.7563,422.8125,4790.6412,393.28819999999996,24
5422,5644.5733,336.5418,241.5677,5066.4638,414.7673,24
8364,5643.7027,653.7474,467.1372,4522.8181,321.2529,24
8320,5643.6931,317.1902,244.9449,5081.558,312.0445,24
4919,5642.788,385.4452,261.5747,4995.7681,420.6003,24
1270,5642.5725,323.4294,249.4271,5069.716,360.0819,24
3361,5640.2037,3584.8454,146.8073,1908.551,264.1304,24
3300,5640.044,324.382,223.97660000000002,5091.6854,385.67909999999995,24
6992,5639.9697,422.7034,313.7458,4903.5205,319.4649,24
3986,5639.0727,356.5158,370.9529,4911.604,376.1402,24
1499,5638.968,400.3926,307.6048,4930.970600000001,408.3118,24
8365,5635.0179,628.6145,484.1103,4522.2931,321.3857,24
3682,5633.2219,493.87350000000004,465.089,4674.2594,363.31639999999993,24
1265,5632.805200000001,338.2355,278.0118,5016.5579,347.0538,24
3583,5631.9521,461.5773,396.0436,4774.3312000000005,358.2712,24
2928,5630.8445,385.4025,241.33589999999998,5004.1061,354.21,24
9078,5630.100600000001,425.8401,383.1468,4821.1137,495.90070000000003,24
7995,5624.7162,479.32349999999997,337.83299999999997,4807.5597,340.22159999999997,24
3642,5620.4756,370.9656,323.6773,4925.8327,342.99550000000005,24
1659,5619.8149,383.59209999999996,445.747,4790.4758,461.8961,24
2984,5619.5931,393.0543,283.94350000000003,4942.5953,345.11039999999997,24
1595,5619.3816,481.88329999999996,319.2448,4818.2535,321.214,24
5400,5610.8981,364.7481,228.8492,5017.3008,328.8238,24
8987,5608.95,716.7954,506.47429999999997,4385.6803,371.5902,24
3596,5607.2431,430.8549,376.7552,4799.633,368.9407,24
765,5604.6794,395.5457,403.2441,4805.8896,313.7365,24
8901,5604.6236,636.1636,466.642,4501.818,381.9793000000001,24
4320,5601.1252,331.8775,247.8412,5021.4065,326.8536,24
7915,5598.9513,435.3299,351.2273,4812.3940999999995,384.57609999999994,24
9237,5595.8405999999995,328.9655,231.41930000000002,5035.4558,331.80039999999997,24
6098,5595.1514,302.0056,278.0267,5015.1191,493.68269999999995,24
1352,5595.0285,421.0987,342.2308,4831.699,456.8962,24
6984,5594.9788,451.8284,489.2519,4653.8985,476.33540000000005,24
9101,5593.185,507.6287,368.6499,4716.9064,346.5941,24
8609,5587.6586,505.1557,366.6908,4715.8121,339.79949999999997,24
1847,5585.0553,244.6501,258.8698,5081.5354,390.2481,24
1594,5584.2981,478.14730000000003,356.1125,4750.0383,337.7999,24
5299,5583.8412,395.13210000000004,234.8547,4953.8544,319.47799999999995,24
9236,5583.1471,329.2745,231.0145,5022.8580999999995,331.4701,24
7724,5582.9809000000005,946.7304,884.4194,3751.8311,530.5151,24
864,5582.9214999999995,405.0984,400.0381,4777.785,322.1644999999999,24
9337,5581.6879,328.9616,230.7337,5021.9926,331.3001,24
6099,5581.0528,301.9064,279.3416,4999.8048,496.83860000000004,24
5999,5581.0528,301.9064,279.3416,4999.8048,496.83860000000004,24
6100,5581.0528,301.9064,279.3416,4999.8048,496.83860000000004,24
6199,5581.0528,301.9064,279.3416,4999.8048,496.83860000000004,24
1459,5580.9201,340.1442,417.879,4822.8969,433.4252,24
9336,5580.362,329.4321,230.8142,5020.1157,331.24699999999996,24
9943,5577.1226,226.6645,167.5121,5182.946,378.04239999999993,24
6433,5573.9748,994.5864,844.0469,3735.3415,414.44629999999995,24
8595,5573.4369,372.8678,328.1949,4872.3742,369.7611,24
8349,5572.2357,441.21610000000004,388.8252,4742.1944,448.89149999999995,24
1166,5569.4239,318.3245,252.7902,4998.3092,340.687,24
2536,5568.9941,350.6451,288.6329,4929.7161,346.1903,24
2691,5568.0532,490.3528,414.7939,4662.9065,350.14540000000005,24
7294,5567.0997,397.8474,305.012,4864.2402999999995,332.1133,24
7476,5565.9729,414.5902,508.9723,4642.4104,321.45700000000005,24
8604,5562.1188999999995,540.1582,434.1421,4587.8186,393.108,24
9338,5560.6461,327.8926,232.8108,4999.9427,322.4792,24
7513,5554.1985,342.3971,279.6054,4932.196,356.66369999999995,24
7613,5554.1985,342.3971,279.6054,4932.196,356.66369999999995,24
8706,5554.1211,493.693,386.855,4673.5731,382.36350000000004,24
7612,5546.3679,340.2981,278.3605,4927.7092999999995,356.31639999999993,24
7512,5546.3679,340.2981,278.3605,4927.7092999999995,356.31639999999993,24
648,5545.4865,396.8515,311.6003,4837.0347,375.13750000000005,24
7405,5545.4717,910.3618,266.633,4368.4769,301.71119999999996,24
8218,5543.7637,266.0318,217.5168,5060.2151,321.2772,24
4820,5541.1652,354.1573,260.4364,4926.5715,404.6582,24
753,5540.6896,261.5346,228.0795,5051.0755,318.31020000000007,24
5216,5540.5004,345.2502,218.1935,4977.0567,321.511,24
5300,5540.3383,413.2441,239.0059,4888.0883,315.6075,24
3082,5538.8743,388.744,257.6565,4892.4738,351.76570000000004,24
9015,5536.3911,371.0089,231.6651,4933.7171,451.3329,24
3200,5531.487,320.1532,223.1338,4988.2,382.99199999999996,24
9235,5531.4008,326.4366,228.6286,4976.3356,328.73780000000005,24
6300,5530.463,285.4492,282.665,4962.3488,378.70520000000005,24
9230,5529.2229,340.2018,245.10309999999998,4943.918,361.43039999999996,24
2920,5528.3368,322.8252,274.4823,4931.0293,370.4585,24
1169,5525.982300000001,315.53340000000003,247.719,4962.7299,342.7057,24
3456,5524.1395,265.8718,209.7346,5048.5331,392.9413,24
8564,5523.0797999999995,649.2367,481.9907,4391.8524,320.6757,24
1365,5522.0111,319.5854,255.5739,4946.8518,340.84340000000003,24
1171,5521.1288,310.5415,220.27159999999998,4990.3157,382.121,24
2055,5517.1559,359.8829,389.9249,4767.3481,420.151,24
7211,5513.7548,347.9481,266.9966,4898.8101,329.307,24
748,5510.983,434.552,371.44689999999997,4704.9841,377.0606,24
3540,5510.6702,384.2314,320.858,4805.5808,341.9934,24
9023,5506.3007,359.404,240.60750000000002,4906.2892,418.22270000000003,24
2483,5500.0293,631.7787,543.7585,4324.4920999999995,383.29359999999997,24
7903,5496.6548999999995,536.8509,433.0374,4526.7666,390.04859999999996,24
8922,5495.4204,360.08410000000003,240.9701,4894.3662,418.40290000000005,24
6698,5495.3461,357.4941,267.6569,4870.1951,385.2162,24
3281,5495.2618,423.933,284.2517,4787.0770999999995,436.4448,24
8546,5494.2474,459.6687,351.8343,4682.7444,319.2611,24
8823,5492.7072,358.7242,239.8775,4894.1055,418.19579999999996,24
6097,5488.9655,328.4578,229.9673,4930.5404,349.85679999999996,24
8549,5488.6133,453.9272,377.5152,4657.1709,395.8325,24
9226,5487.9037,391.80830000000003,282.783,4813.3124,320.14500000000004,24
3723,5487.4565,462.61719999999997,480.4521,4544.3872,426.8958,24
7413,5486.901,312.7776,263.5183,4910.6051,351.06119999999993,24
2543,5484.6651,187.26399999999998,238.17929999999998,5059.2218,347.1381,24
447,5484.5716999999995,384.848,299.3707,4800.353,286.2643,24
9024,5484.3349,358.3645,239.7085,4886.2618999999995,418.37510000000003,24
8923,5484.3349,358.3645,239.7085,4886.2618999999995,418.37510000000003,24
8924,5484.3349,358.3645,239.7085,4886.2618999999995,418.37510000000003,24
1068,5482.7047,314.4561,248.2091,4920.0395,338.21860000000004,24
8048,5482.5074,1704.3099,422.9061,3355.2914,345.30750000000006,24
3349,5481.7232,278.6683,580.6253,4622.4296,304.80129999999997,24
8925,5479.4610999999995,344.4253,231.0466,4903.9892,363.3418,24
9002,5478.7695,590.5115,430.9565,4457.3015000000005,518.2504,24
5122,5478.3825,482.5176,417.6816,4578.1833,384.2838,24
8431,5477.707,473.9013,489.6225,4514.1832,384.26730000000003,24
9025,5477.6469,338.6803,227.3827,4911.5839,339.7896,24
1587,5477.2654,352.1982,316.2013,4808.8659,514.2225,24
1650,5477.2574,206.5902,266.8822,5003.785,392.264,24
8725,5477.0733,335.7638,225.5568,4915.7527,327.612,24
1268,5476.176,312.4492,246.3178,4917.409000000001,338.3144,24
1368,5476.176,312.4492,246.3178,4917.409000000001,338.3144,24
1367,5476.176,312.4492,246.3178,4917.409000000001,338.3144,24
1168,5476.176,312.4492,246.3178,4917.409000000001,338.3144,24
1369,5476.176,312.4492,246.3178,4917.409000000001,338.3144,24
1269,5476.176,312.4492,246.3178,4917.409000000001,338.3144,24
1167,5476.176,312.4492,246.3178,4917.409000000001,338.3144,24
1267,5476.176,312.4492,246.3178,4917.409000000001,338.3144,24
1470,5475.7023,311.8712,246.2056,4917.6255,338.325,24
1469,5475.7023,311.8712,246.2056,4917.6255,338.325,24
1467,5475.7023,311.8712,246.2056,4917.6255,338.325,24
1468,5475.7023,311.8712,246.2056,4917.6255,338.325,24
1466,5475.6738000000005,311.8541,246.1994,4917.6203000000005,338.3215,24
8726,5473.8901,325.8561,219.3535,4928.6805,333.276,24
8826,5473.6732,325.7455,219.3141,4928.6136,333.26910000000004,24
9147,5473.3015000000005,530.2454,310.406,4632.6501,317.15220000000005,24
8926,5472.106,324.9453,219.0308,4928.1299,333.2191,24
8667,5470.3842,317.1069,249.95350000000002,4903.3238,388.00629999999995,24
2253,5469.7029,353.4217,410.55469999999997,4705.7265,411.1115,24
6095,5468.7694,337.0231,231.5513,4900.195,339.1394,24
7715,5468.6657000000005,282.8649,229.9109,4955.8899,331.13779999999997,24
9239,5467.5758,322.5978,240.53979999999999,4904.4382,293.9666,24
2988,5463.8989,469.8146,267.4321,4726.6522,319.08320000000003,24
2141,5463.2157,185.1523,267.0591,5011.0043,315.85620000000006,24
2890,5461.4519,392.5449,313.02479999999997,4755.8822,338.79970000000003,24
6697,5460.4398,349.45,258.3213,4852.6685,381.772,24
2241,5460.2703,185.06019999999998,266.9742,5008.2359,315.67879999999997,24
9026,5457.3233,322.7291,217.9296,4916.6646,332.6297,24
7132,5455.3348,445.3516,484.335,4525.6482,416.6728,24
8535,5453.4131,974.6169,470.253,4008.5432,338.2993,24
3229,5450.407,627.7547,470.0094,4352.6429,301.0532,24
6781,5449.8123000000005,348.2187,330.3492,4771.2444000000005,570.3182,24
9126,5445.0354,363.8275,259.5873,4821.6206,357.6025,24
5421,5444.6347000000005,301.8423,203.9169,4938.8755,404.6496,24
1266,5443.1883,310.8454,245.2074,4887.1355,336.30859999999996,24
7202,5435.1344,340.1358,273.0288,4821.9698,367.14219999999995,24
7135,5434.6016,400.2447,433.7599,4600.597,442.3003,24
1851,5431.49,248.1931,285.3886,4897.9083,417.4369,24
9087,5430.2429,664.1637000000001,458.0772,4308.0019999999995,360.0648,24
8199,5429.8293,357.9169,252.01330000000002,4819.8991,287.84770000000003,24
7137,5427.4587,586.3599,737.0382,4104.0606,386.28929999999997,24
3362,5427.1195,2599.2880999999998,182.9878,2644.8436,276.5086,24
2652,5423.0262,352.2254,397.5555,4673.2453000000005,305.57640000000004,24
8827,5419.2982,321.9313,216.7421,4880.6248,331.1159,24
8733,5417.4591,472.4142,354.0499,4590.995,316.2934,24
1944,5416.997,179.3032,251.4383,4986.2555,570.8716,24
6000,5416.6032000000005,292.1839,271.2102,4853.2091,480.1762,24
4482,5412.3816,467.2397,434.1096,4511.0323,328.1568,24
8623,5409.9218,346.6145,231.3264,4831.9809,386.2828,24
8783,5409.3367,402.8899,319.088,4687.3588,340.77259999999995,24
2292,5408.9217,389.75,263.061,4756.1107,312.22730000000007,24
8824,5408.8552,354.8462,237.3651,4816.6439,411.8188,24
2918,5405.9056,257.8735,247.5503,4900.4818,387.6594,24
3329,5400.9501,637.714,481.3427,4281.8934,299.5967,24
7901,5399.9357,510.3109,406.996,4482.6288,385.4566,24
6939,5394.8048,500.37149999999997,605.099,4289.3343,343.46349999999995,24
7608,5393.911,350.798,247.7093,4795.4037,297.4381,24
8096,5391.5415,474.851,350.3176,4566.3729,324.7021,24
8099,5389.6515,394.3929,253.5652,4741.6934,286.2466,24
3051,5388.6807,384.4772,317.3663,4686.8372,344.7314,24
1588,5383.4814,739.4097,459.6126,4184.4591,480.9379,24
3194,5382.8949999999995,328.8306,249.4595,4804.6049,418.0474,24
5640,5382.410400000001,404.418,428.7203,4549.2721,325.961,24
4783,5380.9733,325.253,256.5221,4799.1982,349.48269999999997,24
1465,5377.5849,304.8737,242.3384,4830.3728,332.0463,24
6935,5377.054,881.476,988.5376,3507.0404,441.8978,24
7311,5375.7109,386.3362,275.1595,4714.2152,294.832,24
6986,5375.6246,583.0785,735.4728,4057.0733,358.84090000000003,24
5298,5372.8812,350.254,221.2077,4801.4195,311.45619999999997,24
2354,5368.7521,372.3635,392.4557,4603.9329,427.4221,24
2355,5368.7521,372.3635,392.4557,4603.9329,427.4221,24
2255,5368.7521,372.3635,392.4557,4603.9329,427.4221,24
2454,5368.7521,372.3635,392.4557,4603.9329,427.4221,24
7335,5365.4054,323.4908,379.2657,4662.6489,432.76879999999994,24
2254,5363.9014,367.4769,392.9866,4603.4379,426.8202,24
8023,5360.8267,288.0664,288.6933,4784.067,518.6736,24
646,5359.787,411.5356,294.88800000000003,4653.3634,364.62549999999993,24
5814,5356.5936,335.9396,253.8162,4766.8378,326.4729,24
9339,5356.2474999999995,315.815,237.5754,4802.8571,283.3618,24
2155,5356.1579,361.4077,391.9267,4602.8235,425.8899,24
2583,5354.6457,382.8155,346.485,4625.3452,389.6667,24
8696,5351.6099,330.46229999999997,270.8149,4750.3327,422.50500000000005,24
2156,5351.0293,357.3702,391.2446,4602.4145,425.2876,24
8825,5342.2694,332.6361,223.2909,4786.3423999999995,327.92030000000005,24
1750,5341.5179,202.3946,264.893,4874.2303,388.85519999999997,24
9973,5341.0163,190.8023,192.69050000000001,4957.5235,424.5046,24
6482,5338.8906,394.611,398.68,4545.5996,529.9104,24
1850,5337.1388,211.455,277.5818,4848.102,369.17990000000003,24
8022,5333.6445,295.2304,271.8752,4766.5389,423.45860000000005,24
1370,5331.9198,304.1293,240.83689999999999,4786.9536,332.01589999999993,24
9245,5331.8486,653.3709,283.8773,4394.6004,298.01210000000003,24
9328,5330.6803,328.8048,240.14860000000002,4761.7269,331.8384,24
2829,5329.1451,339.7839,206.3082,4783.053,338.46659999999997,24
8130,5326.0504,358.7123,357.788,4609.5501,361.0262,24
2392,5324.5669,386.1339,259.656,4678.777,308.88689999999997,24
9340,5323.5942,322.1408,238.6729,4762.7805,281.3359,24
2883,5322.2075,332.4979,240.2199,4749.4897,322.6486,24
5641,5318.7997,722.1301,452.4691,4144.2005,340.951,24
8299,5315.4887,347.7986,249.627,4718.0631,299.7856,24
5328,5312.0326000000005,551.5532000000001,448.1846,4312.2948,317.1258,24
8432,5310.0686000000005,460.5994,472.2376,4377.2316,364.4266,24
5022,5306.9622,435.4328,380.8084,4490.721,374.606,24
2353,5306.5686,348.0328,415.4532,4543.0826,415.5467,24
5221,5306.1512,448.2382,367.06149999999997,4490.8515,371.6163,24
7486,5304.4666,387.0096,303.9887,4613.4683,347.7153,24
8303,5304.4517000000005,502.9307,399.68,4401.841,379.6956,24
9227,5303.3025,341.8639,254.47590000000002,4706.9627,342.79869999999994,24
9438,5301.7829,313.3639,230.407,4758.012,287.3304,24
6835,5299.9524,851.4128,997.8954,3450.6442,424.4895,24
7233,5299.4813,358.2215,399.0437,4542.2161,421.90909999999997,24
8197,5299.3438,356.0243,289.7297,4653.5898,327.25120000000004,24
4231,5298.7406,568.3262,566.9603,4163.4541,321.7614,24
2048,5298.052,310.7906,336.3392,4650.9222,375.87530000000004,24
8797,5296.4658,334.9407,269.9257,4691.5994,419.2286,24
746,5293.9196,447.2047,312.1621,4534.5528,369.6151,24
7194,5289.2919,389.74330000000003,302.28270000000003,4597.2659,312.9708,24
1366,5287.9310000000005,302.4605,239.728,4745.7425,326.8284,24
8363,5286.4353,579.4546,405.9057,4301.075,301.2554,24
7423,5285.8862,319.0563,348.401,4618.4289,609.5149,24
3181,5284.6069,409.50260000000003,275.84929999999997,4599.255,434.33129999999994,24
8447,5283.2214,483.7242,356.3851,4443.1121,322.0087,24
3260,5279.756,3560.0207,123.59729999999999,1596.138,255.273,24
3261,5279.756,3560.0207,123.59729999999999,1596.138,255.273,24
3160,5279.756,3560.0207,123.59729999999999,1596.138,255.273,24
3161,5279.756,3560.0207,123.59729999999999,1596.138,255.273,24
5590,5276.8972,322.0369,294.51570000000004,4660.3446,463.23830000000004,24
3544,5276.6233,331.4424,312.029,4633.1519,322.91209999999995,24
3060,5276.0012,3556.3433999999997,123.6136,1596.0442,255.1137,24
2989,5274.9236,457.3111,267.784,4549.8285000000005,319.0136,24
7291,5272.1140000000005,373.8386,275.1674,4623.108,307.5601,24
7292,5272.1140000000005,373.8386,275.1674,4623.108,307.5601,24
7092,5272.1140000000005,373.8386,275.1674,4623.108,307.5601,24
7192,5272.1140000000005,373.8386,275.1674,4623.108,307.5601,24
6927,5270.6451,484.84250000000003,327.39529999999996,4458.4073,386.6940000000001,24
3977,5266.1445,1078.3105,368.6553,3819.1787,376.18450000000007,24
7191,5263.4034,373.1744,274.892,4615.337,307.081,24
8495,5258.5418,350.5925,298.786,4609.1633,347.07669999999996,24
9047,5258.3361,786.6129999999999,242.8581,4228.865,312.12579999999997,24
8567,5256.9595,361.7677,325.0315,4570.1603,317.25219999999996,24
5690,5255.4711,315.7261,289.3329,4650.4121,464.4923,24
5982,5253.711200000001,264.0444,240.4726,4749.1942,384.0989,24
6837,5252.925200000001,754.3733,924.3337,3574.2182000000003,408.14920000000006,24
8098,5243.88,403.8269,266.539,4573.5141,277.35569999999996,24
5416,5242.1644,317.8911,209.83939999999998,4714.4339,302.7404,24
2828,5238.7198,320.2307,195.0333,4723.4558,333.0019,24
3531,5236.9222,447.2337,373.3452,4416.3432999999995,313.19509999999997,24
9820,5231.2506,390.2809,294.6457,4546.324,290.0726,24
7518,5228.3525,425.1465,385.6174,4417.5886,383.98679999999996,24
7234,5223.5409,329.90999999999997,393.0204,4500.6105,422.99699999999996,24
5521,5221.5812,271.9336,182.7463,4766.9012999999995,390.99029999999993,24
8699,5221.2585,345.8845,272.4864,4602.8876,432.14869999999996,24
7649,5218.6133,391.8987,373.97589999999997,4452.7387,319.0249,24
4520,5214.5626,331.35,262.2599,4620.9527,306.4774,24
8843,5213.7932,754.3595,245.0495,4214.3841999999995,303.87850000000003,24
9301,5213.2537,442.5741,321.8439,4448.8357,304.33500000000004,24
9201,5213.2537,442.5741,321.8439,4448.8357,304.33500000000004,24
9202,5213.2537,442.5741,321.8439,4448.8357,304.33500000000004,24
9302,5213.2537,442.5741,321.8439,4448.8357,304.33500000000004,24
957,5212.6482000000005,376.27750000000003,392.5258,4443.8449,290.9356,24
9303,5211.739,444.03,322.0541,4445.6548999999995,301.6767,24
9134,5205.3891,320.938,230.8863,4653.5648,334.69319999999993,24
1399,5205.2678,437.0266,391.3682,4376.873,510.21419999999995,24
9203,5204.6933,450.795,323.0269,4430.8714,340.2793,24
4975,5204.2816,634.5862,705.1634,3864.532,344.271,24
9401,5202.1445,440.085,319.9509,4442.1086,303.72760000000005,24
9102,5201.0946,484.6047,337.8109,4378.679,476.5644,24
6808,5198.213,346.1303,273.7926,4578.2901,307.1104,24
5491,5197.4554,289.9986,266.0434,4641.4133999999995,457.28040000000004,24
5691,5197.4554,289.9986,266.0434,4641.4133999999995,457.28040000000004,24
5490,5197.4554,289.9986,266.0434,4641.4133999999995,457.28040000000004,24
5390,5197.4554,289.9986,266.0434,4641.4133999999995,457.28040000000004,24
5392,5197.4554,289.9986,266.0434,4641.4133999999995,457.28040000000004,24
5391,5197.4554,289.9986,266.0434,4641.4133999999995,457.28040000000004,24
6292,5194.2675,317.6119,235.2409,4641.4147,329.0208,24
1843,5193.8164,170.1286,255.1704,4768.5174,542.6624,24
7193,5193.0784,369.5268,272.3902,4551.1614,302.7384,24
7875,5191.4077,279.0771,292.2386,4620.092,334.04990000000004,24
6706,5189.0948,334.61379999999997,259.4463,4595.0347,369.20899999999995,24
7235,5180.628,314.6095,389.4252,4476.5933,423.7683,24
855,5176.0379,278.6704,393.7795,4503.588,345.6621,24
8723,5174.6653,338.682,226.9608,4609.0225,382.38169999999997,24
5492,5172.5055,289.3358,265.7579,4617.4118,456.5069,24
9103,5165.093699999999,479.20189999999997,328.1963,4357.6955,510.9024,24
9286,5164.8637,298.4478,272.3776,4594.0383,435.02509999999995,24
7704,5163.0264,401.1603,325.966,4435.9001,299.8334,24
9437,5161.7228000000005,310.076,222.8587,4628.7881,312.77930000000003,24
7895,5160.8895999999995,401.1578,227.9167,4531.8151,306.14750000000004,24
5427,5160.2385,532.6399,440.7643,4186.8343,312.8206,24
8715,5158.8299,297.3205,186.6343,4674.8751,386.11990000000003,24
2729,5158.7397,317.7377,189.77960000000002,4651.2224,327.31879999999995,24
7896,5158.3225,400.725,227.308,4530.2895,305.95889999999997,24
5415,5157.2678,314.2113,207.6024,4635.4541,297.58770000000004,24
7795,5153.9081,400.5209,227.1712,4526.216,305.6977,24
1892,5151.5377,494.2088,325.4147,4331.9142,295.9073,24
7902,5150.6698,526.9236999999999,419.7651,4203.981,362.33639999999997,24
6582,5150.4874,334.7039,328.6867,4487.0968,508.98400000000004,24
4319,5149.4856,294.3358,221.576,4633.5738,303.4634,24
8943,5149.3550000000005,748.5818,242.6892,4158.084,300.9033,24
9204,5147.2904,427.7965,310.5996,4408.8943,300.72760000000005,24
3346,5147.0754,275.979,538.7009,4332.3955,311.96700000000004,24
6844,5144.567,669.1554,822.277,3653.1346,317.1486,24
5591,5143.2996,287.3277,264.1691,4591.8027999999995,454.7107,24
7899,5142.3899,401.4458,208.26760000000002,4532.6765,275.2151,24
8047,5142.274,1736.6854,391.7628,3013.8258,299.75690000000003,24
2981,5141.8941,332.1739,230.9758,4578.7444000000005,320.4366,24
2983,5141.8941,332.1739,230.9758,4578.7444000000005,320.4366,24
2982,5141.8941,332.1739,230.9758,4578.7444000000005,320.4366,24
2882,5141.8941,332.1739,230.9758,4578.7444000000005,320.4366,24
7293,5141.4252,371.7542,278.4929,4491.1781,304.4528,24
9327,5140.9844,361.4665,262.4883,4517.0296,326.77779999999996,24
8724,5136.0094,341.8939,228.8202,4565.2953,388.13550000000004,24
8914,5135.782,370.8075,225.9891,4538.9854,391.7629,24
8336,5135.294,822.0858000000001,439.9792,3873.229,318.2153,24
4077,5130.8062,1097.6725000000001,363.5326,3669.6011,379.31710000000004,24
4581,5128.5311,389.0175,366.09340000000003,4373.4202,337.8691,24
6544,5127.3204000000005,560.1242,815.821,3751.3752,297.402,24
1397,5123.4920999999995,455.6633,349.7495,4318.0793,414.11999999999995,24
9146,5119.6558,727.6271,246.582,4145.4467,303.183,24
7999,5111.5947,399.1081,208.127,4504.3596,271.0752,24
8097,5111.4244,354.8977,237.5277,4518.999,290.2718,24
3223,5110.933,504.6002,566.0498,4040.283,499.5136,24
8608,5109.3329,435.3967,338.2802,4335.656,332.79390000000006,24
7232,5109.0225,337.26890000000003,376.3493,4395.4043,408.25429999999994,24
8330,5108.4636,377.716,366.0688,4364.6788,339.9752,24
9330,5108.1404,315.9246,228.4465,4563.7693,326.6564,24
2995,5107.2606000000005,329.154,249.2621,4528.8445,409.6923,24
9440,5106.2099,298.4218,223.7184,4584.0697,269.79470000000003,24
3081,5104.1065,344.9461,240.63,4518.5304,347.68010000000004,24
7898,5104.0962,402.1731,208.45139999999998,4493.4717,272.7931,24
8296,5103.6294,345.551,295.5007,4462.5777,362.6734,24
9578,5103.567599999999,383.7314,337.8757,4381.9605,501.13829999999996,24
5020,5103.3334,387.5093,244.8405,4470.9836,370.6803,24
7900,5100.4555,395.096,219.0802,4486.2793,270.7874,24
2266,5100.2507,573.3578,495.7983,4031.0946,526.3235999999999,24
7093,5098.3548,365.1502,269.4248,4463.7798,296.988,24
7427,5091.8191,654.8863,361.0562,4075.8766,472.717,24
3530,5090.2901,412.533,314.3256,4363.4315,301.4581,24
7876,5087.2918,314.028,325.2283,4448.0355,306.21329999999995,24
7998,5086.9684,395.55199999999996,204.5818,4486.8346,269.9332,24
8587,5086.0193,454.064,357.0757,4274.8796,296.31170000000003,24
8801,5084.8755,586.0934,429.7915,4068.9906,369.15849999999995,24
9942,5084.8093,183.974,123.3756,4777.4597,393.4241,24
7800,5083.5639,386.1235,206.6826,4490.7578,269.58320000000003,24
9045,5081.0501,774.8923,234.0634,4072.0944,304.0221,24
9046,5081.0501,774.8923,234.0634,4072.0944,304.0221,24
8944,5081.0501,774.8923,234.0634,4072.0944,304.0221,24
8945,5081.0501,774.8923,234.0634,4072.0944,304.0221,24
8946,5081.0501,774.8923,234.0634,4072.0944,304.0221,24
8845,5081.0501,774.8923,234.0634,4072.0944,304.0221,24
8844,5081.0501,774.8923,234.0634,4072.0944,304.0221,24
9044,5081.0501,774.8923,234.0634,4072.0944,304.0221,24
1893,5080.0946,405.3997,297.4208,4377.2741,291.8326,24
8745,5079.8760999999995,774.8443,234.0471,4070.9847,303.8866,24
7290,5078.6698,406.4563,274.2895,4397.924,303.0129,24
3028,5077.8071,464.2718,317.0989,4296.4364,281.7697,24
8000,5076.5079,387.2162,204.12630000000001,4485.1654,271.00620000000004,24
9043,5075.4258,746.9485999999999,240.7285,4087.7487,295.5172,24
2716,5073.7738,382.7529,242.0768,4448.9441,403.7826,24
9995,5072.8646,364.9459,282.4706,4425.4481,342.212,24
4176,5072.5265,1104.1462000000001,363.6629,3604.7174,374.0536,24
9140,5072.0166,531.2702,287.3256,4253.4208,272.95129999999995,24
8625,5070.6732,319.9398,212.0668,4538.6666000000005,313.7661,24
5498,5069.2762999999995,332.4903,211.9862,4524.7998,299.1131,24
1357,5067.7276,330.6915,315.0686,4421.9675,398.50230000000005,24
8848,5066.3966,546.4627,293.5729,4226.361,306.7903,24
7611,5063.2208,377.7536,296.3721,4389.0951,299.0362,24
5021,5062.6758,343.0476,243.4787,4476.1494999999995,367.4991,24
3884,5061.8005,339.61879999999996,356.0115,4366.1702000000005,320.1604,24
6996,5058.9377,325.9443,288.3354,4444.658,315.242,24
8481,5057.5244,461.0912,360.9691,4235.4641,323.7229,24
8649,5056.4430999999995,424.2515,356.6195,4275.5721,357.49940000000004,24
5592,5051.0873,286.1148,264.3689,4500.6035999999995,452.743,24
8846,5050.9043,773.665,233.644,4043.5953,300.5488,24
3387,5049.7461,455.5554,239.7362,4354.4545,310.0658000000001,24
8421,5049.6035,298.71320000000003,231.9801,4518.9102,284.6132,24
5436,5046.4403,594.1183,423.3093,4029.0127,308.4099,24
8716,5044.7324,287.4897,180.2319,4577.0108,372.4926,24
2851,5044.288,407.5393,326.0814,4310.6673,311.6579,24
8717,5043.2494,287.4436,180.1856,4575.6202,372.4668,24
755,5042.8695,264.4411,362.9643,4415.4641,335.2773,24
6886,5042.1976,534.7927999999999,594.956,3912.4488,318.5009,24
6193,5036.4375,329.8113,249.8854,4456.7408,304.2751,24
9720,5034.603300000001,385.55920000000003,289.92130000000003,4359.1228,280.8512,24
8267,5031.0809,417.2769,404.418,4209.386,306.4833,24
9895,5030.8249,354.8028,273.8307,4402.1914,349.5132,24
7347,5026.4196,405.1589,334.3813,4286.8794,355.9954,24
9129,5024.0283,285.0689,203.0409,4535.9185,309.25020000000006,24
6419,5023.6139,290.6804,259.0856,4473.8479,424.0462,24
7131,5017.1612000000005,437.5712,484.8174,4094.7726000000002,378.67150000000004,24
6938,5012.6016,645.7035,816.7613,3550.1367999999998,363.4137,24
547,5012.408,360.6053,287.4744,4364.3283,264.88,24
7844,5011.9706,536.2393,506.4044,3969.3269,303.97900000000004,24
7334,5011.6499,281.4676,342.06530000000004,4388.117,410.06350000000003,24
2436,5011.2991,388.765,356.2723,4266.2618,337.8204,24
8705,5008.6911,508.6272,405.3195,4094.7444,355.3292,24
548,5008.2027,348.63960000000003,269.8059,4389.7572,261.99240000000003,24
6534,5006.3148,812.9695,707.5504999999999,3485.7948,382.9855,24
6644,5005.6739,614.885,901.7437,3489.0452,292.3551,24
3430,5004.785,452.84000000000003,375.5552,4176.3898,288.6361,24
7091,5003.9727,349.5552,264.8473,4389.5702,293.56600000000003,24
7916,5003.9116,373.5015,336.8853,4293.5248,373.0825,24
3023,5001.0513,458.009,357.61990000000003,4185.4223999999995,483.6022,24
2752,4996.747,388.3058,319.7054,4288.7358,294.4277,24
9141,4996.0322,468.4284,270.3528,4257.251,264.8622,24
5088,4992.3523000000005,264.6681,252.5795,4475.1047,464.36510000000004,24
5291,4991.8695,289.4532,251.7853,4450.631,410.39959999999996,24
9424,4991.2143,389.6198,295.2985,4306.296,298.9656,24
3457,4990.2069,233.8264,184.2809,4572.0996,367.13689999999997,24
9131,4989.4633,309.2331,221.4293,4458.8009,348.35620000000006,24
5222,4984.1823,379.3209,299.7632,4305.0982,350.30989999999997,24
8484,4983.348,389.6244,334.59430000000003,4259.1293000000005,302.6889,24
9344,4982.4502,397.28249999999997,321.4227,4263.745,284.0267,24
8523,4982.0808,312.2928,230.3549,4439.4331,314.6326,24
1339,4980.2131,295.4676,184.3498,4500.3957,394.66479999999996,24
6709,4978.6912,309.4387,230.4495,4438.803,278.75159999999994,24
6690,4978.1237,426.249,306.8971,4244.9776,302.3551,24
845,4977.6609,329.7642,194.9443,4452.9524,308.61310000000003,24
9133,4974.273,308.3618,220.764,4445.1472,347.9883,24
9231,4974.273,308.3618,220.764,4445.1472,347.9883,24
9132,4974.273,308.3618,220.764,4445.1472,347.9883,24
9232,4974.273,308.3618,220.764,4445.1472,347.9883,24
8396,4973.2,335.1004,279.4443,4358.6553,327.9238,24
856,4972.3689,287.806,386.418,4298.1449,312.181,24
4076,4971.3623,1087.4268,355.2863,3528.6492000000003,372.8991,24
8631,4970.1687,350.0236,282.5971,4337.548,281.957,24
2453,4968.7887,321.5375,379.6191,4267.6321,369.76140000000004,24
9403,4965.670700000001,406.3306,294.4597,4264.8804,290.2199,24
7094,4964.059,346.5071,278.3646,4339.1873000000005,288.347,24
1398,4963.967900000001,446.74440000000004,395.1629,4122.0606,518.7816,24
8683,4963.8508,359.0349,282.0687,4322.7472,315.68,24
1300,4954.7083999999995,436.8666,396.6887,4121.1530999999995,524.9322999999999,24
4680,4953.843,503.2004,507.79110000000003,3942.8514999999998,429.6619,24
9104,4944.8562999999995,407.4794,283.3197,4254.0572,390.1464,24
7922,4943.9516,274.593,279.6369,4389.7217,527.5606,24
8298,4943.3485,319.3125,249.7457,4374.2903,356.1991,24
8448,4943.0399,397.1664,356.3789,4189.4946,392.17100000000005,24
8947,4941.4706,770.9072,233.91240000000002,3936.651,288.9056,24
4422,4941.0945,419.1136,391.7715,4130.2094,402.89099999999996,24
9145,4938.8806,733.2989,238.0204,3967.5613000000003,292.0872,24
1958,4937.7697,371.8271,433.4787,4132.4639,408.6571,24
3251,4936.8239,273.3258,248.472,4415.0261,324.6728,24
3123,4932.4556,483.1722,500.4572,3948.8262,476.95989999999995,24
5322,4932.036,337.5088,253.2911,4341.2361,349.701,24
1439,4927.8536,305.1699,273.4533,4349.2304,299.6839,24
5290,4920.7362,305.9387,233.7525,4381.045,353.1627,24
2636,4920.5594,267.71729999999997,210.60170000000002,4442.2404,312.4606,24
5781,4920.4899,216.0881,182.2057,4522.1961,396.09720000000004,24
2700,4920.0633,366.7808,236.9132,4316.3693,287.12,24
9029,4919.9608,267.2346,186.8046,4465.921600000001,292.10450000000003,24
5435,4918.8809,611.4511,449.626,3857.8038,300.145,24
1566,4918.3724,282.13779999999997,228.8529,4407.3817,301.7584,24
4333,4918.305,477.0544,415.1684,4026.0822,307.2043,24
9402,4918.223300000001,376.4805,271.55310000000003,4270.1897,288.2007,24
7920,4918.1762,239.4954,198.0138,4480.667,371.2171,24
2256,4914.6084,347.7,366.8518,4200.0566,388.76890000000003,24
744,4914.4656,475.1217,393.9556,4045.3883,299.5546,24
5540,4912.7145,206.8391,653.2365,4052.6389,286.8284,24
1264,4904.1705,348.0557,320.5997,4235.5151,289.2133,24
963,4902.81,379.2402,377.05,4146.5198,290.94570000000004,24
7319,4901.455,389.3839,353.9394,4158.1317,340.6254,24
3696,4896.9669,359.1151,337.8296,4200.0222,317.3577,24
2444,4896.0346,170.2368,221.4289,4504.3689,378.1034,24
5121,4895.4903,399.9624,264.9459,4230.582,333.7677,24
2746,4895.4097,201.8721,237.6212,4455.9164,465.3849,24
8496,4893.9659,319.0605,265.6202,4309.2852,361.8241,24
6410,4893.2412,305.4483,225.2824,4362.5105,278.3372,24
8727,4892.9272,295.3907,195.8147,4401.7218,297.35549999999995,24
2448,4892.5715,345.7043,477.80719999999997,4069.06,593.8035,24
8866,4891.5723,428.5885,329.8088,4133.175,311.259,24
3917,4888.5406,380.0877,309.8548,4198.5981,268.8521,24
250,4887.2636999999995,354.6154,280.70140000000004,4251.9469,268.1005,24
9233,4886.9023,302.6477,216.8745,4367.3801,342.0565,24
8603,4886.3452,498.2795,414.7325,3973.3332,376.5609999999999,24
2791,4879.784,315.56239999999997,247.879,4316.3426,343.76640000000003,24
6991,4878.3531,398.7725,306.5221,4173.0585,277.7352,24
1154,4878.1284,371.9887,308.83570000000003,4197.304,373.17560000000003,24
8063,4874.1085,449.2172,362.6245,4062.2668,286.967,24
348,4869.1703,358.5602,282.0736,4228.5365,260.6228,24
9794,4868.8743,375.306,323.16700000000003,4170.4012999999995,337.4035,24
349,4867.9384,351.8538,279.0436,4237.041,267.0674,24
4023,4866.9906,366.9929,326.9715,4173.0262,337.9987,24
745,4866.7391,366.711,212.5265,4287.5016,301.0956,24
9116,4860.8284,351.7853,218.022,4291.0211,375.2155,24
249,4857.6654,352.4915,279.027,4226.1469,265.4762,24
5330,4856.5663,498.6114,396.2761,3961.6788,281.5938,24
9893,4856.1467999999995,386.0006,312.5835,4157.5627,328.5877,24
8021,4855.697700000001,264.4866,220.4656,4370.7455,294.4981000000001,24
4432,4848.9469,488.7845,523.9564,3836.206,288.9624,24
9240,4845.8958,419.8809,254.9598,4171.0551000000005,254.2879,24
9441,4845.2016,351.8887,237.3136,4255.9992999999995,254.73559999999998,24
5598,4844.3021,298.5437,201.7736,4343.9848,256.8405,24
7748,4843.5267,409.2539,409.93149999999997,4024.3413,315.72659999999996,24
9443,4842.8475,382.9754,311.0146,4148.8575,279.69849999999997,24
3584,4841.0758,428.184,365.7837,4047.1081,308.01789999999994,24
5434,4840.8423,598.9224,432.8776,3809.0423,294.4814,24
9428,4840.3549,360.4793,301.2536,4178.622,311.9703,24
5314,4839.7511,277.3026,202.75,4359.6985,661.2411000000002,24
761,4838.3477,325.2235,284.8947,4228.2295,451.21459999999996,24
5788,4835.3613000000005,358.3794,280.5555,4196.4264,279.4,24
7333,4835.2647,246.9763,292.6063,4295.6821,395.7848,24
2582,4831.9418000000005,313.91949999999997,283.4192,4234.6031,362.2427,24
8122,4828.5875,293.7449,230.852,4303.9906,289.0688,24
8223,4828.5875,293.7449,230.852,4303.9906,289.0688,24
8323,4828.5875,293.7449,230.852,4303.9906,289.0688,24
8121,4828.5875,293.7449,230.852,4303.9906,289.0688,24
8222,4828.5875,293.7449,230.852,4303.9906,289.0688,24
8322,4828.5875,293.7449,230.852,4303.9906,289.0688,24
8221,4828.5875,293.7449,230.852,4303.9906,289.0688,24
9520,4826.0847,379.63349999999997,284.5996,4161.8516,271.4948,24
8534,4825.6899,871.0378000000001,440.0973,3514.5548,300.7949,24
8927,4825.0352,276.3151,184.13459999999998,4364.5855,306.4681,24
7700,4823.4474,352.7913,210.3477,4260.3084,261.08570000000003,24
8015,4823.434,397.0529,318.5124,4107.8687,345.27610000000004,24
7605,4823.0341,331.6775,274.9947,4216.3619,270.6856,24
9144,4821.7082,737.9227999999999,233.8942,3849.8912,282.05510000000004,24
1200,4820.9522,435.8434,399.5858,3985.523,533.1044999999999,24
7710,4820.5291,401.3693,318.0643,4101.0955,333.67,24
5689,4819.1253,341.9037,298.0723,4179.1493,368.83660000000003,24
7897,4818.2107,384.7714,214.58960000000002,4218.8497,279.0123,24
1100,4817.8264,437.3996,399.8235,3980.6032999999998,533.1142,24
1198,4817.8264,437.3996,399.8235,3980.6032999999998,533.1142,24
1298,4817.8264,437.3996,399.8235,3980.6032999999998,533.1142,24
1297,4817.8264,437.3996,399.8235,3980.6032999999998,533.1142,24
998,4817.8264,437.3996,399.8235,3980.6032999999998,533.1142,24
1098,4816.8924,436.7634,399.6097,3980.5193,533.0244,24
1299,4816.1943,436.2877,399.45,3980.4566,532.957,24
1199,4815.027,435.492,399.18330000000003,3980.3517,532.8447,24
999,4812.8455,437.1479,399.5726,3976.125,532.5719,24
1197,4807.3134,436.8434,399.2582,3971.2118,531.9355,24
8423,4805.7266,293.092,230.3452,4282.2894,285.8778,24
8016,4801.9114,364.87919999999997,326.7537,4110.2785,360.8465,24
350,4800.7583,342.4023,273.3114,4185.0446,263.524,24
7997,4797.7981,369.7274,205.4855,4222.5851999999995,267.3923,24
7686,4797.5848,1521.9515,376.4536,2899.1797,287.43,24
7102,4796.732,329.6006,262.7298,4204.4016,347.376,24
8297,4793.5343,314.5084,255.3113,4223.7146,334.8919,24
5329,4785.8862,456.5616,341.1445,3988.1801,273.2962,24
2717,4784.5418,293.4027,231.6572,4259.4819,385.7007,24
6312,4780.636,301.6174,217.71970000000002,4261.2989,274.3321,24
5198,4778.2168,337.0118,200.5684,4240.6366,287.3769,24
3317,4774.3781,328.57550000000003,258.957,4186.8456,255.2615,24
1599,4772.7973999999995,350.2975,255.7532,4166.7467,344.87370000000004,24
8749,4769.9429,341.1168,328.9572,4099.8689,288.2257,24
5075,4767.9233,369.7664,511.2651,3886.8918,278.19809999999995,24
6934,4764.1878,776.6373,893.2255,3094.325,416.2235,24
9542,4763.9729,333.8796,205.5845,4224.5088,261.113,24
6833,4763.0545,769.8396,909.3854,3083.8295,415.5536,24
8965,4762.6659,405.1476,331.5302,4025.9881,324.75419999999997,24
2895,4762.4257,273.0265,208.5659,4280.8333,346.82980000000003,24
6510,4761.363,305.7875,226.9848,4228.5907,274.2246,24
6609,4757.3631000000005,313.226,240.8295,4203.3076,270.5262,24
6581,4755.1821,321.3993,310.62620000000004,4123.1566,533.3267,24
6834,4750.9048999999995,770.2564,894.8494,3085.7990999999997,415.03189999999995,24
2990,4749.0500999999995,331.3225,241.451,4176.2766,301.6057,24
2642,4745.3859,229.0384,210.8405,4305.507,259.77360000000004,24
7419,4744.0473,390.4483,347.8653,4005.7337,325.3679,24
7996,4742.7892,383.5457,226.2595,4132.984,281.0999,24
2447,4740.2676,219.7386,279.7214,4240.8076,445.6401,24
9006,4739.1219,380.7629,275.7847,4082.5743,297.5671,24
2532,4730.4186,379.7155,236.1413,4114.5617999999995,361.3558,24
7032,4723.8342999999995,529.6495,644.1092,3550.0756,366.2223,24
9242,4723.1756,444.6434,258.9871,4019.5451000000003,247.32050000000004,24
5428,4719.9051,459.5901,347.95439999999996,3912.3606,280.6052,24
6411,4719.5437,300.7678,215.8229,4202.953,272.4878,24
9241,4719.4718,443.6084,258.3022,4017.5612,247.0146,24
8596,4714.5955,302.5837,249.4511,4162.5607,375.9611,24
3328,4712.6248,596.6251,451.2602,3664.7395,269.5371,24
3228,4712.0462,596.5044,451.081,3664.4608,269.51059999999995,24
8203,4710.1595,481.4042,389.4235,3839.3318,332.9925999999999,24
5176,4708.1943,352.07529999999997,500.0403,3856.0787,276.25509999999997,24
1358,4706.195,284.614,326.3348,4095.2462,375.8172,24
3094,4704.3569,270.9551,210.4406,4222.9612,347.46569999999997,24
9217,4704.0262,363.7808,242.5443,4097.7011,270.3677,24
3128,4702.9571,594.0434,448.8784,3660.0353,269.0741,24
5190,4702.0509,331.3775,225.3714,4145.302,299.8222,24
9899,4701.6814,306.4573,240.1114,4155.1127,348.0846,24
6933,4695.2112,751.2179,881.6174,3062.3759,410.9466,24
7029,4689.9909,409.2353,395.4396,3885.3160000000003,371.7827,24
7253,4687.7317,266.4248,586.0895,3835.2174,350.1952,24
2795,4686.8359,268.8363,206.4622,4211.5374,306.08660000000003,24
8626,4686.5531,311.9729,202.839,4171.7412,268.3414,24
7195,4684.6529,327.5254,291.9253,4065.2021999999997,302.0461,24
9143,4684.3544,738.3226999999999,230.35760000000002,3715.6740999999997,269.9364,24
9972,4678.7124,167.6322,190.8606,4320.2196,388.39789999999994,24
4433,4678.3513,560.9007,649.1993,3468.2513,295.9472,24
8883,4676.9274,411.31669999999997,318.8596,3946.7511,290.38620000000003,24
2796,4676.4616,334.4137,227.3868,4114.6611,268.4787,24
8200,4676.2405,260.8445,162.312,4253.084,255.89960000000002,24
8746,4675.6173,758.3942,228.4155,3688.8076,300.91909999999996,24
649,4671.602,319.3358,244.1813,4108.0849,305.48749999999995,24
7849,4670.9913,347.8669,347.7083,3975.4161,300.6125,24
7618,4669.7536,388.1478,344.086,3937.5198,319.4112,24
3489,4668.8508,418.1876,233.8037,4016.8595,278.4956,24
8236,4662.4375,611.1171,464.6666,3586.6538,282.7954,24
769,4661.588299999999,224.51409999999998,167.3053,4269.7689,306.4106,24
9480,4659.0174,327.3566,285.4814,4046.1794,414.4871999999999,24
449,4657.5384,326.0664,261.4893,4069.9827,256.62760000000003,24
1841,4657.4681,160.69570000000002,247.94219999999999,4248.8302,476.1816,24
9243,4656.73,723.5865,231.1096,3702.0339,267.9158,24
8266,4656.4261,394.3266,376.46,3885.6394999999998,284.812,24
3595,4656.3272,287.89979999999997,245.07999999999998,4123.3474,339.66179999999997,24
4984,4655.3791,298.6242,215.84,4140.9149,317.86650000000003,24
7130,4654.5723,393.7795,387.8024,3872.9904,369.34190000000007,24
8123,4651.5974,285.3233,228.9554,4137.3187,288.9797,24
1340,4649.9873,270.6109,228.0074,4151.369,281.4192,24
2917,4645.83,212.427,212.2612,4221.1418,400.81449999999995,24
1364,4644.7731,327.379,296.2897,4021.1044,284.0871,24
7129,4644.5145,403.70349999999996,384.8874,3855.9236,369.9517,24
5692,4644.4706,269.7738,250.0772,4124.6196,419.9396,24
4224,4643.6541,358.0906,320.3885,3965.175,331.2298,24
7128,4640.9772,404.793,384.8335,3851.3507,369.63740000000007,24
7028,4640.9772,404.793,384.8335,3851.3507,369.63740000000007,24
6314,4640.5288,352.5029,288.5472,3999.4787,284.116,24
6710,4640.0805,283.9595,210.952,4145.169,257.3663,24
8100,4640.0771,277.6724,166.6038,4195.8009,250.9153,24
9423,4636.6982,368.5829,288.7594,3979.3559,276.0549,24
5624,4636.3939,436.3286,367.8984,3832.1669,391.6046,24
3487,4634.6147,390.9086,273.2206,3970.4855,272.9361,24
768,4632.0194,314.9807,277.8711,4039.1676,270.277,24
7153,4631.3505,228.0454,576.7192,3826.5859,347.4801,24
6832,4630.772,751.6263,907.8674,2971.2783,400.94079999999997,24
3885,4630.4858,319.4569,335.8808,3975.1481,289.57079999999996,24
6201,4630.0374,264.42289999999997,209.0509,4156.5635999999995,301.01570000000004,24
2817,4627.3893,210.53979999999999,211.6035,4205.246,398.9594,24
9003,4627.3306999999995,504.7293,369.6058,3752.9955999999997,415.2413,24
5739,4626.5993,353.6386,349.81100000000004,3923.1497,277.5429,24
8300,4625.1514,257.2684,161.0111,4206.8719,253.7421,24
9244,4624.6531,707.8604,233.8229,3682.9698000000003,268.7969,24
8397,4623.3143,289.8217,241.8965,4091.5961,421.8423,24
1097,4620.1578,426.9327,389.1894,3804.0357,510.9553,24
997,4620.1578,426.9327,389.1894,3804.0357,510.9553,24
6734,4617.8499,692.8415,968.5495,2956.4589,361.8872,24
7848,4616.957,364.654,331.26619999999997,3921.0368,427.4517,24
1000,4614.5586,413.1781,377.56960000000004,3823.8109,508.88840000000005,24
6101,4613.3669,271.89230000000003,213.9307,4127.5439,300.78150000000005,24
4283,4612.5094,451.8288,393.9281,3766.7525,330.1571,24
6733,4610.785699999999,740.1463,839.3979,3031.2415,379.9368,24
5189,4609.6696,322.0949,223.73760000000001,4063.8371,292.61850000000004,24
3087,4609.1578,428.36469999999997,226.2482,3954.5449,289.89390000000003,24
4321,4607.3404,405.6228,383.5972,3818.1204,387.21659999999997,24
6809,4606.1885,294.4158,222.3554,4089.4173,258.61240000000004,24
6932,4604.3314,711.3236,900.8387,2992.1691,390.0357,24
9127,4603.7374,267.25440000000003,188.1096,4148.3734,304.919,24
3287,4598.2094,425.1023,216.2326,3956.8745,291.7727,24
6412,4597.1737,308.4362,226.3912,4062.3463,265.4308,24
8847,4596.1042,756.3665,227.9749,3611.7628,271.74670000000003,24
5998,4595.9075,253.8424,213.9432,4128.1219,351.2463,24
2187,4595.8498,293.0801,250.5176,4052.2521,267.9358,24
8698,4595.7178,285.7072,239.6517,4070.3588999999997,443.59149999999994,24
8398,4595.7178,285.7072,239.6517,4070.3588999999997,443.59149999999994,24
8697,4595.7178,285.7072,239.6517,4070.3588999999997,443.59149999999994,24
8597,4595.7178,285.7072,239.6517,4070.3588999999997,443.59149999999994,24
8598,4595.7178,285.7072,239.6517,4070.3588999999997,443.59149999999994,24
8498,4595.7178,285.7072,239.6517,4070.3588999999997,443.59149999999994,24
8497,4595.7178,285.7072,239.6517,4070.3588999999997,443.59149999999994,24
3388,4595.1996,418.523,218.08419999999998,3958.5924,292.1838,24
3389,4595.1996,418.523,218.08419999999998,3958.5924,292.1838,24
3187,4594.5798,422.2443,215.4101,3956.9254,291.7197,24
3488,4594.1434,412.664,232.5916,3948.8878,273.8779,24
3289,4591.2849,418.4262,214.58929999999998,3958.2694,291.706,24
3189,4590.6955,418.2001,214.4704,3958.025,291.6909,24
3288,4590.6683,418.1899,214.4647,3958.0137,291.69,24
3088,4590.0122,417.93829999999997,214.3321,3957.7418000000002,291.673,24
9326,4588.8204000000005,360.0099,284.6714,3944.1391000000003,272.3258,24
3188,4588.8013,417.474,214.0876,3957.2397,291.6417,24
7304,4587.0144,275.6287,229.72500000000002,4081.6607,259.5532,24
3089,4586.9762,416.77430000000004,213.7186,3956.4833,291.59450000000004,24
3393,4586.7395,280.9292,222.91680000000002,4082.8935,337.51570000000004,24
3059,4586.5347,620.6212,285.165,3680.7485,267.6825,24
6890,4586.0158,437.3229,333.6678,3815.0251,256.2846,24
5076,4585.8816,373.9288,499.4998,3712.453,266.6832,24
7975,4582.5574,276.9064,283.7489,4021.9021,286.38129999999995,24
8586,4580.8698,402.0095,335.2323,3843.628,260.78610000000003,24
8969,4580.6851,479.6079,619.7775,3481.2997,354.6048,24
7944,4579.3343,501.9847,470.3771,3606.9725,290.99240000000003,24
7948,4575.0806,650.2090000000001,301.745,3623.1266,600.7589,24
9894,4572.4118,384.00169999999997,302.1159,3886.2942,318.80899999999997,24
8714,4571.6804,324.4104,206.4254,4040.8446,281.439,24
9819,4568.9753,370.332,277.8553,3920.788,258.8302,24
8019,4568.6576,228.1799,192.3424,4148.1353,322.28319999999997,24
7802,4565.3892000000005,479.2905,392.4997,3693.599,313.4814,24
1045,4564.1077000000005,443.4029,425.1229,3695.5819,276.4267,24
3262,4562.9675,2549.2865,147.8313,1865.8497,229.25089999999997,24
8319,4562.715200000001,277.99039999999997,219.0685,4065.6563,267.135,24
6001,4560.1005,281.6781,215.4871,4062.9353,299.5426,24
2916,4556.777,210.6718,208.6692,4137.436,388.08209999999997,24
7503,4556.6096,283.4133,238.67340000000002,4034.5229,254.2459,24
7504,4556.6096,283.4133,238.67340000000002,4034.5229,254.2459,24
6735,4555.7315,653.4405,1001.518,2900.773,351.75329999999997,24
8224,4553.8667,285.7145,224.6057,4043.5465,255.8039,24
2991,4552.9043,266.9474,209.5582,4076.3987,332.4355,24
8455,4552.7402,363.324,374.082,3815.3342000000002,333.57529999999997,24
7310,4551.9443,327.6771,243.65740000000002,3980.6098,255.7276,24
9304,4550.725,406.9516,295.88160000000005,3847.8918000000003,264.7268,24
7921,4549.2528,229.7054,205.8702,4113.6772,324.0372,24
3227,4548.2209,554.1322,406.79359999999997,3587.2951,261.2199,24
3417,4547.9314,314.8213,250.4365,3982.6736,243.6107,24
1751,4545.7229,240.6653,280.5157,4024.5419,382.5756,24
2759,4544.5793,484.92150000000004,278.30400000000003,3781.3538,314.20989999999995,24
149,4542.641799999999,343.671,267.8473,3931.1234999999997,270.87239999999997,24
8020,4540.0837,226.64860000000002,189.63580000000002,4123.7993,324.22639999999996,24
7919,4539.1389,214.1239,180.9817,4144.0333,337.9339,24
2599,4537.1745,349.3954,223.8749,3963.9042,275.0934,24
8782,4534.7413,281.3683,253.5874,3999.7856,277.69460000000004,24
7505,4534.5815999999995,294.3778,247.9709,3992.2329,254.1769,24
9027,4534.48,248.5953,170.9397,4114.945,292.89889999999997,24
4332,4534.3436,463.4213,438.6174,3632.3049,272.6184,24
8624,4533.5572,313.9764,210.17340000000002,4009.4074,335.7928,24
7348,4532.807,380.8419,315.7437,3836.2214,351.3638,24
8583,4528.9139000000005,314.7407,270.5806,3943.5926,289.1578,24
3151,4528.0185,235.0192,220.2662,4072.7331,297.3317,24
8368,4525.3577000000005,381.1205,354.2049,3790.0323,275.3818,24
3293,4524.2484,260.0757,202.6362,4061.5365,336.8498,24
1992,4524.1751,363.8225,231.8289,3928.5237,278.3211,24
7404,4524.0081,279.6031,235.117,4009.288,251.863,24
7302,4523.7743,292.8844,246.4376,3984.4523,252.7944,24
8120,4521.2669,276.645,220.1815,4024.4404,258.9798,24
6838,4520.2636,596.462,753.0352,3170.7664,362.2676,24
7248,4518.3564,381.8249,312.87350000000004,3823.658,345.26329999999996,24
9923,4517.3904999999995,401.984,289.9932,3825.4133,261.835,24
9142,4516.6975999999995,511.7303,272.453,3732.5143,243.69149999999996,24
1099,4516.3867,417.4239,383.269,3715.6938,500.38539999999995,24
8868,4513.7592,413.17580000000004,486.074,3614.5094,336.83,24
7749,4512.613,338.3669,344.0742,3830.1719,293.6415,24
2794,4505.2347,258.6284,201.5073,4045.099,334.4535,24
2793,4505.1167,258.3033,201.38029999999998,4045.4331,334.8807,24
3093,4505.1167,258.3033,201.38029999999998,4045.4331,334.8807,24
3192,4505.1167,258.3033,201.38029999999998,4045.4331,334.8807,24
3191,4505.1167,258.3033,201.38029999999998,4045.4331,334.8807,24
3292,4505.1167,258.3033,201.38029999999998,4045.4331,334.8807,24
3092,4505.1167,258.3033,201.38029999999998,4045.4331,334.8807,24
3091,4505.1167,258.3033,201.38029999999998,4045.4331,334.8807,24
3291,4505.1167,258.3033,201.38029999999998,4045.4331,334.8807,24
2994,4505.1167,258.3033,201.38029999999998,4045.4331,334.8807,24
3193,4505.1167,258.3033,201.38029999999998,4045.4331,334.8807,24
2894,4505.1167,258.3033,201.38029999999998,4045.4331,334.8807,24
2993,4504.9487,258.239,201.34640000000002,4045.3633,334.8669,24
2893,4504.7047999999995,258.1457,201.297,4045.2621,334.84659999999997,24
8264,4499.8444,480.7261,315.1773,3703.9410000000003,252.2169,24
7403,4498.8974,285.80490000000003,240.27429999999998,3972.8182,251.0673,24
2600,4496.5579,327.2771,198.4301,3970.8507,275.0139,24
1489,4492.8365,650.0237,411.5551,3431.2577,407.09279999999995,24
2792,4491.4971000000005,257.6672,200.93110000000001,4032.8988,333.8121,24
4720,4490.3234,294.8213,262.622,3932.8801000000003,292.5248,24
7506,4489.9412999999995,286.4868,240.7353,3962.7192,247.3304,24
6639,4487.766799999999,534.0681,651.4357,3302.263,483.80330000000004,24
2859,4486.0845,345.5672,204.79930000000002,3935.718,308.98350000000005,24
3420,4486.0758000000005,338.5358,338.0817,3809.4583000000002,324.4226,24
660,4484.0867,257.752,218.8025,4007.5322,432.76649999999995,24
6736,4483.7455,680.1383,803.673,2999.9342,342.6977,24
7684,4482.6136,1266.5117,385.6328,2830.4691,265.9629,24
9106,4481.2571,357.2155,260.9903,3863.0513,253.7646,24
7945,4481.0857,454.585,418.32620000000003,3608.1745,293.0983,24
7799,4479.3526,368.6535,192.8327,3917.8664,240.072,24
7519,4475.9001,382.33,334.40909999999997,3759.161,303.8555,24
9719,4475.4371,367.0065,275.06,3833.3706,254.48080000000002,24
3279,4475.213,261.8929,245.09799999999998,3968.2221,491.0289,24
2383,4474.7961,421.3138,369.9501,3683.5322,290.5831,24
7610,4474.4375,436.1316,301.7894,3736.5165,314.6052,24
8828,4474.0795,242.8607,174.5385,4056.6803,296.84760000000006,24
3574,4473.4172,247.159,178.5828,4047.6754,299.0657,24
2534,4473.0154,299.6069,214.99280000000002,3958.4157,339.5643,24
4232,4470.7592,457.1771,422.9905,3590.5916,272.8473,24
6102,4468.4183,278.9454,222.0855,3967.3874,284.9106,24
754,4467.4942,238.25639999999999,297.448,3931.7898,288.96680000000003,24
2193,4466.8592,348.7686,224.8337,3893.2569,275.0224,24
2192,4466.8592,348.7686,224.8337,3893.2569,275.0224,24
2598,4466.8592,348.7686,224.8337,3893.2569,275.0224,24
2093,4466.401,348.6524,224.7372,3893.0114,274.9879,24
8524,4465.8677,303.75329999999997,211.2725,3950.8419,310.11699999999996,24
5726,4465.2706,419.1569,289.0905,3757.0232,268.8591,24
7811,4464.4202,472.647,391.0416,3600.7316,336.3818,24
6012,4462.4465,293.565,243.2361,3925.6454,262.4461,24
2092,4461.468,347.3995,223.6944,3890.3741,274.6164,24
8422,4460.5314,277.4583,218.2288,3964.8443,262.9524,24
7845,4458.9918,432.5768,419.2878,3607.1272,291.8098,24
2455,4457.6453,312.1481,323.82640000000004,3821.6708,352.8727,24
2597,4457.2973,347.9052,224.4791,3884.913,274.1013,24
2697,4455.7277,346.5906,222.151,3886.9861,274.1333,24
3290,4455.2916,349.2579,207.2806,3898.7531,283.21349999999995,24
659,4454.4334,252.0786,213.8397,3988.5151,431.3485,24
1993,4453.7748,345.4457,222.0691,3886.2599999999998,274.0371,24
2751,4453.6856,262.3408,258.208,3933.1368,267.5301,24
6738,4452.8027999999995,526.2442,635.8861,3290.6725,476.35759999999993,24
9389,4452.7131,250.5924,166.4793,4035.6414,331.34389999999996,24
6638,4448.9329,534.0681,615.8773,3298.9874999999997,476.5091,24
1075,4448.5506000000005,228.3988,165.2225,4054.9293000000002,253.4803,24
5735,4444.9139,533.0134,343.8879,3568.0126,265.36650000000003,24
1359,4443.9646,246.3664,342.7068,3854.8914,359.7923,24
5900,4443.0558,281.4105,217.42530000000002,3944.2200000000003,299.7602,24
4383,4441.6729,475.2081,411.5215,3554.9433,279.1977,24
3883,4441.487,315.3607,316.86170000000004,3809.2646,313.5694,24
7096,4438.7623,292.9181,268.4577,3877.3865,290.7498,24
7097,4438.7623,292.9181,268.4577,3877.3865,290.7498,24
7197,4438.7623,292.9181,268.4577,3877.3865,290.7498,24
7196,4438.7623,292.9181,268.4577,3877.3865,290.7498,24
7198,4438.7623,292.9181,268.4577,3877.3865,290.7498,24
7095,4438.7623,292.9181,268.4577,3877.3865,290.7498,24
7098,4438.7623,292.9181,268.4577,3877.3865,290.7498,24
2635,4438.3323,271.6657,207.25220000000002,3959.4144,341.6324,24
150,4438.1503,339.1562,267.6787,3831.3154,238.58419999999995,24
2698,4436.5948,342.8467,217.539,3876.2091,272.6055,24
4331,4434.7708999999995,454.4344,447.9053,3532.4312,275.9423,24
8324,4434.6167,282.4616,222.10229999999999,3930.0528,253.9083,24
6737,4434.5575,581.3106,664.2637,3188.9832,391.6454,24
7619,4433.722,374.865,327.7695,3731.0875,301.50559999999996,24
5901,4433.5314,261.8092,195.7955,3975.9267,288.5828,24
7229,4433.4455,481.1921,344.1223,3608.1311,279.9267,24
3027,4431.4609,378.1671,248.1695,3805.1243,241.8128,24
7817,4431.2028,273.2005,249.5539,3908.4484,305.1516,24
6640,4428.6587,543.2704,649.7475,3235.6407999999997,434.7161,24
6002,4426.507,266.0412,216.0302,3944.4356,281.9918,24
9341,4424.8802,451.0595,251.314,3722.5067,234.4511,24
4419,4423.3333,249.7834,192.0057,3981.5442,258.9508,24
6316,4422.9597,395.885,319.1272,3707.9475,328.3404,24
5835,4421.959699999999,520.6105,347.6328,3553.7164,257.2132,24
5635,4420.1987,531.364,342.5576,3546.2771,263.9413,24
5535,4420.1478,531.364,342.5576,3546.2262,263.9413,24
5534,4420.0339,531.364,342.5576,3546.1123,263.9413,24
5634,4420.0339,531.364,342.5576,3546.1123,263.9413,24
1567,4418.2157,260.0593,214.7221,3943.4343,268.2916,24
5536,4417.3458,530.4069,342.1589,3544.7799999999997,263.6936,24
7617,4417.1408,256.8093,226.4309,3933.9006,302.5671,24
8265,4415.1657,453.3545,311.3187,3650.4925,243.56560000000002,24
1600,4414.0851999999995,234.0278,168.0896,4011.9678,344.3921,24
6610,4409.2038999999995,274.1685,181.6275,3953.4079,248.1514,24
8220,4407.7344,281.6911,221.505,3904.5383,253.3927,24
1494,4407.3467,406.5876,300.8422,3699.9168999999997,257.2878,24
8979,4404.1684000000005,336.9064,259.08050000000003,3808.1815,383.7272,24
2535,4401.927,277.81780000000003,204.10920000000002,3920.0,339.1917,24
9892,4398.7692,363.2345,304.3486,3731.1861,303.5484,24
8781,4397.9486,273.1884,247.4891,3877.2711,266.0069,24
3129,4395.6184,494.5851,359.07980000000003,3541.9535,253.93220000000002,24
9999,4394.7608,298.7361,235.7167,3860.308,322.3223,24
4983,4393.5418,286.952,204.8381,3901.7517,320.1861,24
5697,4388.018,252.421,179.1827,3956.4143,242.17630000000003,24
2293,4385.394,341.4083,221.80780000000001,3822.1779,267.1738,24
6940,4385.1283,465.45029999999997,631.3446,3288.3334,285.0875,24
8878,4384.3195,517.1281,382.01959999999997,3485.1718,289.2749,24
8436,4383.5838,892.3746,407.8385,3083.3707,284.00939999999997,24
6828,4381.3823999999995,465.3417,420.194,3495.8467,303.46659999999997,24
6512,4380.6116,328.8792,235.6763,3816.0561000000002,253.36360000000002,24
8882,4380.2687,275.8829,255.26839999999999,3849.1173999999996,267.427,24
3150,4379.9463,223.3378,213.6664,3942.9421,289.6876,24
6732,4379.6177,716.3784,864.593,2798.6463,375.7423,24
7600,4378.6701,317.8021,220.9161,3839.9519,265.7979,24
6739,4376.7126,521.3855,652.0362,3203.2909,448.8437,24
9540,4373.4414,241.0323,164.3431,3968.066,237.97419999999997,24
3127,4370.7953,508.5863,358.128,3504.081,251.78179999999998,24
3016,4368.7435000000005,235.2736,208.24110000000002,3925.2288000000003,298.37379999999996,24
2728,4365.8967999999995,269.76099999999997,169.2055,3926.9303,277.48799999999994,24
7507,4362.8553,353.0845,240.67759999999998,3769.0932000000003,277.6989,24
546,4361.4117,333.7428,255.8494,3771.8195,293.7914,24
7685,4361.2831,1521.7194,369.0192,2470.5445,274.1997,24
3695,4359.1824,290.9864,276.8913,3791.3047,292.11879999999996,24
7250,4358.7484,219.5602,417.9347,3721.2535,427.77099999999996,24
1598,4351.8896,401.8438,273.44870000000003,3676.5971,252.5662,24
8399,4349.026,272.4253,229.65879999999999,3846.9419,416.402,24
8333,4347.4787,400.36899999999997,403.8956,3543.2141,297.97360000000003,24
2658,4346.2866,535.3776,305.7058,3505.2032,289.0271,24
6743,4344.958,523.043,776.0906,3045.8244,258.51919999999996,24
6997,4344.4526,288.8961,261.853,3793.7035,279.0339,24
251,4343.2999,311.91020000000003,248.7107,3782.679,233.31019999999998,24
3390,4342.9376,372.9973,208.1911,3761.7492,274.0842,24
3190,4341.6865,316.2506,202.9987,3822.4372,277.8404,24
5517,4339.9361,344.6701,221.3888,3773.8772,242.90980000000002,24
7420,4334.7796,353.6617,320.8861,3660.2318,305.29859999999996,24
9679,4333.7003,342.7831,257.3886,3733.5286,299.1503,24
958,4331.4779,304.1636,292.62149999999997,3734.6928,235.7056,24
6642,4327.5392,603.2789,703.8312,3020.4291,263.6064,24
8814,4326.9392,351.4989,207.9783,3767.462,287.6129,24
1338,4326.7604,230.1478,117.897,3978.7156,429.8517,24
9205,4326.3521,287.0222,204.2379,3835.092,250.6529,24
7796,4326.1526,361.6533,201.4428,3763.0565,256.7232,24
248,4326.1152999999995,335.0655,257.4667,3733.5831,303.1735,24
7712,4325.2143,387.0183,327.39140000000003,3610.8046,301.0816,24
7402,4324.7429,280.9224,227.2383,3816.5822,235.5349,24
3090,4324.1561,316.34590000000003,202.7211,3805.0890999999997,277.37179999999995,24
7303,4323.9692,266.5549,221.84969999999998,3835.5646,237.3143,24
6515,4323.7387,389.1735,313.7204,3620.8448,322.1128,24
8467,4322.3762,378.4541,366.992,3576.9301,264.6761,24
8466,4321.9384,378.31260000000003,366.93080000000003,3576.695,264.6481,24
8366,4321.9384,378.31260000000003,366.93080000000003,3576.695,264.6481,24
8367,4321.9384,378.31260000000003,366.93080000000003,3576.695,264.6481,24
6416,4320.0393,391.8908,314.702,3613.4465,321.7589,24
6641,4317.553,603.2789,694.0864,3020.1877,261.7411,24
442,4314.4298,248.4167,125.9684,3940.0447,439.1639,24
6541,4312.5947,601.9088,693.1805,3017.5054,261.434,24
4531,4312.5806,368.7342,349.416,3594.4303999999997,254.863,24
1396,4310.628,370.0118,232.5891,3708.0271,246.1022,24
2592,4310.4398,355.3583,277.0329,3678.0486,239.9235,24
3225,4310.1966,537.0228999999999,558.9293,3214.2444,416.3241,24
5734,4308.1898,519.7966,335.0325,3453.3607,257.18050000000005,24
8599,4301.3902,268.9169,227.5243,3804.949,410.7987,24
6542,4297.8225,603.2789,673.8977,3020.6459,260.02639999999997,24
4431,4297.0337,365.6712,343.4513,3587.9112,251.84269999999998,24
9425,4295.5895,345.7255,284.7116,3665.1524,283.9625,24
2074,4293.6457,216.9784,157.56050000000002,3919.1068,243.3101,24
5082,4293.6162,287.065,204.9732,3801.578,354.6072000000001,24
9228,4290.8506,230.26909999999998,161.0206,3899.5609,284.21509999999995,24
2493,4290.519,327.9684,215.4673,3747.0833,254.48469999999998,24
7520,4290.0583,371.74039999999997,341.0219,3577.2960000000003,275.3134,24
7107,4282.2638,292.2814,240.8612,3749.1212,320.59020000000004,24
9422,4281.5557,348.5306,273.6779,3659.3472,254.8123,24
3159,4279.6767,1711.969,194.8874,2372.8203,219.8457,24
8424,4279.1806,274.1545,215.3108,3789.7153,247.52929999999998,24
9005,4275.7816,370.7751,270.4568,3634.5497,267.8217,24
6742,4274.8314,591.5614,676.4146000000001,3006.8554,259.19780000000003,24
3597,4273.7252,382.3614,313.8592,3577.5046,237.6909,24
8707,4269.8886999999995,328.4653,243.6099,3697.8135,249.7747,24
7099,4269.5859,280.8818,257.3766,3731.3275,277.4629,24
9439,4268.7503,239.36860000000001,175.8338,3853.5479,230.8356,24
6511,4266.2472,299.4983,218.3649,3748.384,248.19650000000001,24
5120,4265.8309,419.3302,231.6682,3614.8325,280.8257,24
7516,4264.6854,216.10320000000002,191.9748,3856.6074,307.1069,24
6633,4264.0042,682.4781,645.5948,2935.9313,315.9936,24
5801,4263.6419,252.017,189.96,3821.6649,274.7498,24
8234,4259.0942000000005,582.427,458.3785,3218.2887,286.5197,24
945,4258.174,346.7949,249.61350000000002,3661.7656,267.2701,24
760,4254.9729,247.4406,214.2119,3793.3204,403.5234,24
7609,4253.5759,379.728,250.7595,3623.0884,293.6155,24
6103,4252.3371,276.4179,220.113,3755.8062,269.7679,24
2174,4252.1535,227.4245,157.7066,3867.0224,242.7076,24
1163,4251.0721,352.4558,350.9358,3547.6805,242.36150000000004,24
559,4246.1353,270.424,250.5023,3725.209,368.7643,24
6513,4244.1581,325.5581,233.6586,3684.9414,246.4896,24
441,4242.2145,229.00639999999999,113.65910000000001,3899.549,434.13239999999996,24
7199,4240.0442,282.8531,258.3216,3698.8695000000002,272.7287,24
1485,4236.4809000000005,231.41389999999998,189.2644,3815.8026,382.4788,24
3024,4235.7852,502.7121,461.3307,3271.7424,457.5615,24
541,4232.1783,223.6256,111.6878,3896.8649,433.3496,24
341,4228.0527,220.1126,110.1643,3897.7758,432.9158,24
638,4226.7776,220.6959,110.5327,3895.549,432.90680000000003,24
5528,4226.6095000000005,411.0297,304.6826,3510.8972,252.11020000000002,24
8881,4226.0088,281.6608,249.77360000000002,3694.5744,260.2883,24
8219,4225.6422,274.1758,216.5944,3734.8720000000003,249.6634,24
542,4225.4972,232.3738,115.0232,3878.1002,431.8682,24
2173,4225.1627,212.2482,155.26420000000002,3857.6503,241.06279999999998,24
2273,4225.1627,212.2482,155.26420000000002,3857.6503,241.06279999999998,24
2272,4225.1627,212.2482,155.26420000000002,3857.6503,241.06279999999998,24
2274,4225.1627,212.2482,155.26420000000002,3857.6503,241.06279999999998,24
2172,4225.1627,212.2482,155.26420000000002,3857.6503,241.06279999999998,24
2373,4225.1627,212.2482,155.26420000000002,3857.6503,241.06279999999998,24
1236,4224.0859,218.7971,110.6864,3894.6023999999998,432.76559999999995,24
1037,4224.0859,218.7971,110.6864,3894.6023999999998,432.76559999999995,24
1035,4224.0859,218.7971,110.6864,3894.6023999999998,432.76559999999995,24
1136,4224.0859,218.7971,110.6864,3894.6023999999998,432.76559999999995,24
1036,4224.0859,218.7971,110.6864,3894.6023999999998,432.76559999999995,24
936,4224.0859,218.7971,110.6864,3894.6023999999998,432.76559999999995,24
1137,4224.009599999999,218.7971,110.6101,3894.6023999999998,432.75489999999996,24
937,4223.9329,218.7971,110.5334,3894.6023999999998,432.74399999999997,24
6712,4223.8447,277.2645,203.3791,3743.2010999999998,235.4113,24
339,4223.8413,219.4975,109.55930000000001,3894.7844999999998,432.6126,24
1237,4223.7757,218.7971,110.3762,3894.6023999999998,432.72159999999997,24
1038,4223.6825,218.7971,110.283,3894.6023999999998,432.7083,24
1138,4223.4511,218.7971,110.05160000000001,3894.6023999999998,432.6755,24
440,4223.4406,219.07750000000001,109.68780000000001,3894.6753,432.628,24
439,4223.4257,219.1415,109.59230000000001,3894.6919,432.5931,24
8002,4223.3895,475.9672,375.6316,3371.7907,287.7622,24
1337,4223.258699999999,218.7971,109.8592,3894.6023999999998,432.64799999999997,24
837,4223.2581,218.7971,109.8586,3894.6023999999998,432.64799999999997,24
938,4223.2184,218.7971,109.8189,3894.6023999999998,432.6423,24
438,4223.2087,219.0962,109.4324,3894.6801,432.5204,24
540,4223.2051,218.8365,109.756,3894.6126,432.6345,24
639,4223.164699999999,218.7971,109.76520000000001,3894.6023999999998,432.63469999999995,24
640,4223.164699999999,218.7971,109.76520000000001,3894.6023999999998,432.63469999999995,24
739,4223.164699999999,218.7971,109.76520000000001,3894.6023999999998,432.63469999999995,24
737,4223.164699999999,218.7971,109.76520000000001,3894.6023999999998,432.63469999999995,24
738,4223.164699999999,218.7971,109.76520000000001,3894.6023999999998,432.63469999999995,24
840,4223.164699999999,218.7971,109.76520000000001,3894.6023999999998,432.63469999999995,24
740,4223.164699999999,218.7971,109.76520000000001,3894.6023999999998,432.63469999999995,24
839,4223.164699999999,218.7971,109.76520000000001,3894.6023999999998,432.63469999999995,24
1238,4223.164699999999,218.7971,109.76520000000001,3894.6023999999998,432.63469999999995,24
838,4223.164699999999,218.7971,109.76520000000001,3894.6023999999998,432.63469999999995,24
1039,4223.164699999999,218.7971,109.76520000000001,3894.6023999999998,432.63469999999995,24
538,4223.1466,218.8532,109.6764,3894.6169999999997,432.602,24
939,4223.1095,218.7971,109.71000000000001,3894.6023999999998,432.611,24
539,4223.0441,218.7971,109.6446,3894.6023999999998,432.58299999999997,24
7190,4220.6044999999995,258.9723,224.8635,3736.7687,279.2213,24
741,4220.3183,219.0798,109.9608,3891.2777,431.1915,24
9692,4218.2608,279.0233,299.0425,3640.195,448.6116,24
2336,4218.0035,354.6019,334.7187,3528.6829000000002,318.8621,24
2252,4217.1916,243.7452,329.2328,3644.2136,249.3967,24
6810,4216.4816,242.0964,182.3062,3792.079,231.81050000000002,24
836,4216.1364,218.6558,110.4308,3887.0498,431.82009999999997,24
2494,4212.6437,325.7992,215.3891,3671.4554,250.5301,24
3250,4210.5121,182.61769999999999,238.41299999999998,3789.4814,281.1778,24
9028,4209.8224,222.6131,154.5543,3832.655,279.0783,24
6612,4209.0138,288.7774,208.7715,3711.4649,241.86519999999996,24
736,4208.9286999999995,218.53449999999998,109.81790000000001,3880.5762999999997,430.9534,24
1336,4205.1224999999995,218.4535,110.408,3876.261,430.5181,24
446,4204.7176,326.7756,248.1394,3629.8026,312.08580000000006,24
2041,4203.7041,146.9707,230.8099,3825.9235000000003,242.10540000000003,24
7030,4202.1802,408.2099,467.8061,3326.1642,313.5965,24
9105,4201.9295,282.6742,201.4506,3717.8047,241.6547,24
9128,4201.778,220.2317,153.6147,3827.9316,278.2991,24
6812,4199.5687,244.9038,184.4462,3770.2187,230.9547,24
6643,4196.762,507.4479,615.61,3073.7041,244.49689999999998,24
8928,4195.6644,220.2817,152.516,3822.8667,278.6863,24
6509,4195.1412,320.5637,288.2031,3586.3744,268.3501,24
7602,4193.8331,269.4101,195.3797,3729.0433,227.5198,24
3697,4193.3719,378.937,313.0495,3501.3854,228.85610000000003,24
935,4193.123,214.2599,109.0972,3869.7659,430.5682,24
641,4190.2609999999995,222.2041,112.4467,3855.6102,415.7689,24
7963,4190.0383,369.3135,377.2269,3443.4979,269.30969999999996,24
7451,4188.4742,218.6775,545.676,3424.1207,258.6941,24
8906,4187.4076000000005,329.79200000000003,241.2008,3616.4148,247.3272,24
9426,4186.7113,338.494,283.33979999999997,3564.8775,286.6942,24
1139,4185.4574,222.5369,112.3606,3850.5598999999997,413.5186,24
9800,4185.4101,328.4012,224.059,3632.9499,367.5769,24
1239,4184.366,222.6469,112.4358,3849.2833,412.96469999999994,24
9993,4184.1683,370.0289,297.7996,3516.3397999999997,296.35350000000005,24
9427,4182.9298,337.3548,283.9936,3561.5814,288.5683,24
6811,4182.8785,239.2301,180.4084,3763.2400000000002,229.7507,24
2643,4182.862,149.3138,187.458,3846.0902,363.233,24
6299,4180.8471,229.7816,218.7461,3732.3194,327.7783,24
5794,4178.9671,237.9983,157.5917,3783.3770999999997,292.9789,24
5912,4177.9253,254.11679999999998,198.2929,3725.5156,243.4264,24
6728,4177.2916000000005,329.2129,295.4894,3552.5893,308.7048,24
6711,4176.659,248.39260000000002,179.251,3749.0154,232.4226,24
1235,4176.3572,219.6669,113.0211,3843.6692000000003,419.42379999999997,24
9793,4176.2973999999995,322.0684,309.9875,3544.2415,298.9665,24
7434,4176.013199999999,283.392,267.0643,3625.5569,382.2168,24
4819,4175.7087,240.8799,184.5863,3750.2425000000003,300.9508,24
6516,4174.9219,376.4849,302.4489,3495.9881,309.5131,24
537,4174.2315,217.9182,108.71130000000001,3847.602,426.70820000000003,24
9524,4168.823,333.1069,286.4176,3549.2985,295.5466,24
9626,4168.823,333.1069,286.4176,3549.2985,295.5466,24
9627,4168.823,333.1069,286.4176,3549.2985,295.5466,24
9527,4168.823,333.1069,286.4176,3549.2985,295.5466,24
9726,4168.823,333.1069,286.4176,3549.2985,295.5466,24
9525,4168.823,333.1069,286.4176,3549.2985,295.5466,24
9526,4168.823,333.1069,286.4176,3549.2985,295.5466,24
9727,4168.8013,333.0911,286.4163,3549.2939,295.5416,24
9825,4168.6497,332.9833,286.3997,3549.2667,295.51340000000005,24
9523,4168.316,332.7597,286.31850000000003,3549.2378,295.4914,24
9625,4168.3062,332.7529,286.3166,3549.2367,295.4904,24
9826,4167.7118,332.2993,286.35720000000003,3549.0553,295.2848,24
9624,4167.4488,332.1657,286.1488,3549.1343,295.3972,24
9725,4166.2641,331.35450000000003,285.9171,3548.9925000000003,295.2684,24
9623,4165.7982,332.4289,286.1144,3547.2549000000004,295.253,24
9724,4164.2444000000005,329.97180000000003,285.52160000000003,3548.751,295.04900000000004,24
9317,4161.7378,322.247,229.77509999999998,3609.7156999999997,235.84789999999998,24
9234,4161.0919,255.6304,184.09230000000002,3721.3692,282.7557,24
7023,4159.6462,368.8907,288.2796,3502.4759,263.4237,24
9824,4156.1158000000005,330.9835,285.1696,3539.9627,293.5971,24
2352,4155.4301000000005,281.9063,332.0087,3541.5151,256.4565,24
2921,4155.3524,276.8967,230.5664,3647.8893,272.2004,24
8256,4149.9965999999995,358.7119,392.5885,3398.6962,287.9849,24
7803,4149.2524,436.8024,354.41679999999997,3358.0332,271.3259,24
8682,4147.5587000000005,290.3254,237.24540000000002,3619.9879,259.7647,24
9541,4147.252,238.1013,172.7285,3736.4222,243.1181,24
9343,4146.6868,379.0155,279.2009,3488.4704,242.739,24
1983,4143.3287,341.1277,210.868,3591.333,361.21010000000007,24
9342,4143.2706,388.689,247.9776,3506.604,227.6103,24
5782,4140.4846,187.64249999999998,158.22129999999999,3794.6208,372.39809999999994,24
5681,4140.4846,187.64249999999998,158.22129999999999,3794.6208,372.39809999999994,24
8646,4140.0271999999995,523.0151,261.4603,3355.5518,289.2247,24
3280,4138.8850999999995,250.3756,244.1361,3644.3734,522.7543,24
3370,4138.6941,334.0047,258.8488,3545.8406,220.43669999999997,24
1134,4136.8771,209.29399999999998,108.94279999999999,3818.6403,423.3512,24
4123,4134.7908,327.4211,295.234,3512.1357,323.4238,24
841,4133.3899,227.70430000000002,115.9439,3789.7417,387.12119999999993,24
6637,4130.3588,507.2275,558.7135,3064.4178,401.9687,24
5389,4129.6551,234.0741,220.4882,3675.0928,362.824,24
6413,4127.7796,315.7858,229.3671,3582.6267,240.11719999999997,24
8768,4127.6996,294.2222,293.1793,3540.2981,315.54650000000004,24
6543,4123.7034,507.4479,585.5001,3030.7554,238.8646,24
5685,4122.0548,308.6349,218.80419999999998,3594.6157,250.2035,24
7510,4119.4174,375.1366,246.544,3497.7368,287.5386,24
6442,4117.8659,551.7326,599.765,2966.3683,243.0052,24
8747,4117.1761,563.3541,250.8844,3302.9375999999997,291.7425,24
8254,4116.5109999999995,371.1674,395.0222,3350.3214,259.712,24
4323,4111.2656,361.2818,343.8573,3406.1265,374.4314,24
2084,4105.6385,225.3917,224.0647,3656.1821,444.3290999999999,24
4184,4101.8324,402.2068,383.1662,3316.4593999999997,393.7682,24
7090,4093.9382,244.7953,218.50809999999998,3630.6348000000003,277.57329999999996,24
2767,4090.6413,276.855,226.81189999999998,3586.9744,250.8684,24
2764,4090.6413,276.855,226.81189999999998,3586.9744,250.8684,24
7289,4089.868,238.4621,215.3722,3636.0337,276.7371,24
7288,4089.868,238.4621,215.3722,3636.0337,276.7371,24
2664,4088.8603000000003,276.3899,226.6249,3585.8455,250.7597,24
6042,4086.4491,358.07779999999997,309.5057,3418.8656,243.2412,24
2866,4086.4467,276.7183,226.6638,3583.0646,250.5915,24
5682,4086.0333,180.1071,151.1506,3754.7756,368.7854,24
9064,4084.8616,359.3769,295.1716,3430.3131,269.2824,24
8710,4084.8475,306.67560000000003,223.6321,3554.5398,244.0061,24
4218,4084.3172,228.9492,177.8352,3677.5328,238.1981,24
7003,4083.9276999999997,307.1343,243.4561,3533.3373,298.9603,24
2765,4083.7383,275.052,226.089,3582.5973,250.44760000000002,24
7830,4082.9513,299.355,207.99599999999998,3575.6003,452.5467,24
2768,4081.3218,274.4211,225.8366,3581.0641,250.3003,24
2950,4081.1017,171.137,190.5337,3719.431,273.65999999999997,24
7730,4079.0954,301.77299999999997,208.9756,3568.3468000000003,453.8499,24
6942,4078.4228,523.4862,639.1402,2915.7964,268.504,24
6628,4078.4082,325.7798,282.9777,3469.6507,302.1461,24
2665,4078.2012,273.6056,225.5103,3579.0852999999997,250.11,24
5019,4074.9595999999997,431.3483,220.4359,3423.1753999999996,268.0345,24
898,4074.8146,349.7477,319.2079,3405.859,444.326,24
2073,4074.4378,205.7657,151.5207,3717.1513999999997,232.0465,24
2867,4074.1891,276.31940000000003,226.232,3571.6376999999998,249.7822,24
5783,4071.8897,187.7008,150.6419,3733.547,361.17280000000005,24
3050,4070.5264,176.1284,185.6289,3708.7691,272.6632,24
6782,4069.513,274.5141,276.76529999999997,3518.2336,513.4284,24
4322,4066.2092,368.0887,356.6907,3341.4298,383.6471,24
5802,4064.9383,237.9436,180.34539999999998,3646.6493,262.1289,24
6613,4064.6762,297.1718,215.712,3551.7924,237.10139999999996,24
2663,4063.7425,275.7588,225.89149999999998,3562.0922,249.2586,24
2766,4059.7542,268.4205,223.2036,3568.1301,248.9512,24
5885,4059.6847000000002,290.5747,198.8838,3570.2262,245.7141,24
5787,4057.8191,300.5008,215.5189,3541.7994,244.9717,24
1135,4057.7951,216.0414,110.6961,3731.0576,407.1316,24
7408,4056.2925,437.6283,244.4723,3374.1919000000003,292.17879999999997,24
7731,4056.2798,300.4635,208.88240000000002,3546.9339,451.81350000000003,24
7249,4056.1963,355.2045,392.304,3308.6878,439.21279999999996,24
5582,4056.143,179.8562,148.0464,3728.2403999999997,366.8492,24
7801,4054.2985,377.572,302.88349999999997,3373.843,282.9445,24
2666,4052.3091,266.8428,222.8001,3562.6662,248.5316,24
5622,4051.8839,254.4274,175.6823,3621.7742,325.0406,24
5683,4051.1068,175.2743,146.6153,3729.2172,366.46799999999996,24
338,4047.5106,214.4928,107.2245,3725.7933,410.96659999999997,24
2544,4045.7486,146.0021,187.3517,3712.3948,455.2324,24
2696,4041.4411999999998,309.5258,207.9273,3523.9881,234.0846,24
8709,4041.3944,298.47749999999996,219.333,3523.5839,244.08589999999998,24
8807,4041.3944,298.47749999999996,219.333,3523.5839,244.08589999999998,24
8909,4041.3944,298.47749999999996,219.333,3523.5839,244.08589999999998,24
8908,4041.3944,298.47749999999996,219.333,3523.5839,244.08589999999998,24
8708,4041.3944,298.47749999999996,219.333,3523.5839,244.08589999999998,24
9008,4041.3944,298.47749999999996,219.333,3523.5839,244.08589999999998,24
8808,4041.3944,298.47749999999996,219.333,3523.5839,244.08589999999998,24
8809,4041.3944,298.47749999999996,219.333,3523.5839,244.08589999999998,24
9108,4041.3944,298.47749999999996,219.333,3523.5839,244.08589999999998,24
5686,4041.2614,295.9616,213.4769,3531.8229,244.4452,24
9007,4040.932,298.2897,219.2318,3523.4105,244.06439999999998,24
2667,4037.9887,263.1028,221.3015,3553.5843999999997,247.6586,24
6713,4037.7246,286.7857,205.709,3545.2299,231.6245,24
843,4036.1861,254.7123,130.4631,3651.0107,325.9374,24
6540,4034.786,509.6471,615.5916,2909.5473,363.90520000000004,24
3617,4034.3417999999997,277.6895,228.228,3528.4243,213.8823,24
8810,4028.6802,298.7846,219.0102,3510.8854,241.9629,24
2645,4026.1385999999998,145.4313,186.8875,3693.8198,457.266,24
2545,4026.1385999999998,145.4313,186.8875,3693.8198,457.266,24
2646,4026.1385999999998,145.4313,186.8875,3693.8198,457.266,24
2745,4026.1385999999998,145.4313,186.8875,3693.8198,457.266,24
2644,4026.1385999999998,145.4313,186.8875,3693.8198,457.266,24
2445,4026.1385999999998,145.4313,186.8875,3693.8198,457.266,24
2546,4026.1385999999998,145.4313,186.8875,3693.8198,457.266,24
2446,4026.1385999999998,145.4313,186.8875,3693.8198,457.266,24
6636,4026.1366,583.1166000000001,641.9935,2801.0265,302.4006,24
9206,4025.4467,298.2591,217.79860000000002,3509.389,239.1349,24
9723,4024.9537,326.4213,274.8288,3423.7036000000003,272.05910000000006,24
5684,4022.8085,263.8778,192.6594,3566.2713,277.6731,24
8499,4022.0448,257.7738,218.3065,3545.9645,378.1343,24
8229,4021.8784,321.2232,333.2414,3367.4138000000003,292.50530000000003,24
1540,4021.7839,187.5098,251.5174,3582.7567,300.9081,24
5784,4019.6427,291.6514,194.9575,3533.0337999999997,252.50779999999997,24
2692,4019.5733,301.03249999999997,240.5447,3477.9961,262.9779,24
3598,4019.3601,370.8598,305.02,3343.4803,222.51910000000004,24
3698,4019.3601,370.8598,305.02,3343.4803,222.51910000000004,24
2850,4018.0146999999997,169.0667,188.1311,3660.8169,270.0082,24
6311,4017.8092,275.77049999999997,209.6736,3532.3651,231.6347,24
6003,4016.887,256.9124,206.2182,3553.7564,253.5738,24
9823,4015.7346,338.1065,266.992,3410.6360999999997,232.0304,24
3796,4015.5553,273.2596,237.317,3504.9786999999997,255.1754,24
6681,4014.4746999999998,258.6448,268.9575,3486.8724,497.8271000000001,24
7604,4013.8711,262.6183,220.266,3530.9868,223.6899,24
8633,4013.6434,395.2499,295.642,3322.7515,238.4556,24
2868,4012.8302,274.3212,224.0651,3514.4439,245.73160000000001,24
2593,4012.2482,293.438,204.6113,3514.1989,215.12670000000003,24
844,4011.3224,288.4095,151.1878,3571.7251,262.7722,24
9207,4010.9447999999998,298.781,218.36260000000001,3493.8012,240.2043,24
8806,4010.5058,298.6993,219.1661,3492.6404,241.7531,24
3498,4010.2275,333.6202,264.4345,3412.1728000000003,223.58750000000003,24
3141,4009.2761,287.6294,223.9516,3497.6951,223.5358,24
9628,4007.9574000000002,313.0845,265.9074,3428.9655000000002,278.0552,24
743,4005.7121,298.9449,174.12,3532.6472,260.4675,24
7703,4005.3311,305.4549,246.6507,3453.2255,224.19330000000002,24
8435,4004.3599,861.1792,395.4665,2747.7142,261.4748,24
9009,4003.7715,299.05400000000003,218.54399999999998,3486.1735,240.1179,24
651,4003.2213,198.7457,154.6969,3649.7787,219.0834,24
6409,4001.5827999999997,304.44509999999997,274.55559999999997,3422.5821,253.0827,24
2083,3999.8413,226.27870000000001,217.38019999999997,3556.1824,424.52020000000005,24
1441,3997.5008000000003,253.7179,266.7975,3476.9854,241.38760000000002,24
6443,3996.4053,507.1399,555.5038000000001,2933.7616,231.0258,24
9620,3996.2303,350.5465,262.222,3383.4618,231.84969999999998,24
9922,3995.6962,345.2522,260.15930000000003,3390.2847,231.8415,24
9618,3995.4234,350.5249,262.1025,3382.7960000000003,231.8405,24
9619,3995.4234,350.5249,262.1025,3382.7960000000003,231.8405,24
7514,3994.9913,185.5678,153.041,3656.3825,217.685,24
1034,3993.5807,182.5624,101.38260000000001,3709.6357,411.94849999999997,24
9621,3993.5443,349.0188,261.6552,3382.8703,231.7256,24
9721,3991.6345,348.38939999999997,261.229,3382.0161000000003,231.6543,24
5785,3990.1009,287.0505,196.5594,3506.491,242.2758,24
6843,3986.6985,587.2868,764.0984,2635.3133000000003,252.1315,24
9821,3986.4721,345.3611,260.083,3381.028,231.40069999999997,24
9822,3985.5999,344.9002,259.8844,3380.8153,231.36520000000002,24
6741,3984.3622,517.4471,656.129,2810.7861,254.0933,24
9722,3983.9521,345.11060000000003,259.9157,3378.9258,231.053,24
9528,3983.7344,310.7532,265.2627,3407.7185,279.1842,24
5786,3983.4942,282.0293,195.4427,3506.0222,241.53379999999999,24
7614,3983.0724,190.6413,157.7707,3634.6603999999998,216.70790000000002,24
2372,3979.1615,201.9221,148.0085,3629.2309,223.7766,24
8964,3976.9481,350.4969,289.6886,3336.7626,265.8839,24
5797,3974.4381,230.4769,157.08169999999998,3586.8795,270.9058,24
2922,3972.7512,342.29429999999996,239.4055,3391.0514000000003,431.237,24
6682,3972.6933,240.5259,261.8564,3470.311,495.79470000000003,24
8402,3971.4364,457.52160000000003,362.0871,3151.8277,267.5248,24
9418,3964.4937999999997,315.8422,242.40560000000002,3406.246,224.25459999999998,24
2818,3963.0452,207.5041,194.2931,3561.248,291.5191,24
6740,3961.7283,476.9943,638.6461,2846.0879,318.8556,24
7189,3960.8722000000002,233.8924,211.2221,3515.7577,267.148,24
5520,3960.0818999999997,312.7482,211.6291,3435.7046,266.1909,24
340,3959.2772,214.5429,106.0308,3638.7035,401.262,24
7089,3959.0459,233.8278,211.1634,3514.0547,267.0122,24
2452,3958.1411,252.76350000000002,291.7844,3413.5932000000003,245.1904,24
5687,3955.6235,322.5542,259.47180000000003,3373.5975,238.0635,24
1040,3955.5913,245.34130000000002,128.158,3582.092,296.9847,24
7230,3955.4393,416.5485,301.6489,3237.2419,253.4456,24
5489,3953.5125,226.8407,219.3928,3507.279,346.4194,24
2881,3952.9958,272.5147,201.3199,3479.1612,238.0232,24
2979,3951.8103,258.6823,211.1077,3482.0203,296.666,24
2294,3951.086,302.1655,205.671,3443.2495,225.3304,24
5118,3949.7095999999997,432.729,215.3727,3301.6079,250.9171,24
8433,3948.8558,356.7644,351.7968,3240.2946,242.21320000000003,24
9841,3948.7378,154.223,99.7166,3694.7982,297.928,24
7409,3948.1121,369.2181,241.7077,3337.1863,287.3902,24
7508,3948.1121,369.2181,241.7077,3337.1863,287.3902,24
7509,3948.1121,369.2181,241.7077,3337.1863,287.3902,24
2763,3947.6376999999998,272.1993,221.7654,3453.673,241.42809999999997,24
637,3945.4725,213.7627,106.1294,3625.5804,399.6629,24
6094,3943.9903,278.725,194.6832,3470.5821,241.8539,24
9208,3941.4967,300.0071,217.23770000000002,3424.2519,234.52020000000002,24
9926,3937.7961,445.2522,317.1236,3175.4203,235.48760000000001,24
1492,3937.456,381.5601,324.1505,3231.7454,245.92329999999998,24
8910,3936.7217,299.2795,215.8995,3421.5427,232.6804,24
7320,3934.1425,276.4221,281.1835,3376.5369,403.85350000000005,24
8354,3931.7625000000003,332.2706,355.8171,3243.6748000000002,274.7004,24
5539,3931.7266999999997,237.34969999999998,502.3112,3192.0658,232.98199999999997,24
9718,3929.6902,345.6884,259.06,3324.9418,227.9125,24
5589,3929.3821,235.8735,224.2391,3469.2695,348.7576,24
2566,3929.2557,241.7261,212.0572,3475.4724,240.35970000000003,24
645,3929.1672000000003,294.8891,154.4847,3479.7934,252.8399,24
742,3929.0396,251.7892,131.7748,3545.4756,280.90840000000003,24
1544,3924.1007999999997,208.7106,239.513,3475.8772,265.1594,24
7410,3923.1847,360.6129,238.0682,3324.5036,274.5254,24
9622,3921.523,332.2733,263.0873,3326.1624,232.7768,24
7718,3919.4048000000003,277.9929,247.9227,3393.4892,271.7579,24
6535,3918.1515,538.8933000000001,729.7934,2649.4648,301.39099999999996,24
7699,3917.544,350.7284,195.6902,3371.1254,216.6121,24
9107,3913.4436,305.0238,218.5576,3389.8622,236.97109999999998,24
8533,3911.0734,320.8453,291.21070000000003,3299.0174,230.43400000000003,24
9518,3910.816,341.9209,256.6787,3312.2164,226.08069999999998,24
2236,3909.8056,309.7819,280.15139999999997,3319.8723,306.2409,24
6928,3909.1839,406.0337,382.8283,3120.3219,286.9391,24
1488,3908.1174,294.0879,282.561,3331.4685,423.8462,24
4483,3906.4583000000002,370.8302,321.749,3213.8791,239.07139999999998,24
5884,3904.961,286.4825,195.1024,3423.3761,237.44,24
1568,3900.1967,237.3535,199.0031,3463.8401,234.1483,24
842,3899.8045,250.8779,132.02100000000002,3516.9056,268.7958,24
3922,3899.7017,322.27750000000003,298.2733,3279.1509,259.6855,24
8867,3899.1176,361.8682,366.4783,3170.7711,333.7268,24
2393,3899.015,296.402,202.2994,3400.3136,220.36069999999998,24
6608,3896.7687,302.9256,276.8342,3317.0089,251.348,24
876,3895.6209,191.3396,140.3856,3563.8957,250.38119999999998,24
2923,3894.9643,379.0972,248.90230000000003,3266.9648,501.8125,24
9693,3894.4582,276.6053,296.9315,3320.9214,330.07529999999997,24
6342,3889.3329,487.1754,543.0243,2859.1331999999998,225.578,24
8811,3888.4229,303.8743,216.6062,3367.9424,236.48370000000003,24
8017,3887.6336,283.2873,256.3119,3348.0344,311.9678,24
2581,3885.7395,270.5337,246.8681,3368.3377,288.1288,24
2533,3884.4727,271.5942,193.1185,3419.76,276.563,24
7711,3884.0655,396.6814,332.52389999999997,3154.8602,311.0183,24
8532,3882.5935,305.36809999999997,283.63100000000003,3293.5944,229.7865,24
8119,3882.4848,221.80939999999998,192.0554,3468.62,237.7862,24
5018,3880.9892999999997,433.5836,214.6471,3232.7585999999997,249.8543,24
5119,3880.9892999999997,433.5836,214.6471,3232.7585999999997,249.8543,24
1569,3879.7214000000004,236.5255,198.2272,3444.9687000000004,232.87310000000002,24
3061,3878.6732,2188.163,129.1514,1561.3588,195.7609,24
2552,3877.2746,226.83859999999999,283.9619,3366.4741000000004,237.1131,24
1387,3871.5905000000002,276.7042,276.6824,3318.2039,422.2339,24
1974,3870.1727,197.9962,146.2283,3525.9482,212.7541,24
1487,3868.1469,276.9507,276.20459999999997,3314.9916000000003,422.1051,24
1386,3866.1263000000004,277.0524,275.92109999999997,3313.1528000000003,422.02560000000005,24
943,3864.7772999999997,255.2575,134.8507,3474.6691,255.3772,24
3040,3861.3614,271.4144,162.8185,3427.1285,209.7847,24
7585,3860.3256,687.8172,345.0919,2827.4165,225.938,24
941,3859.5928,254.8682,134.7891,3469.9355,253.8872,24
5995,3855.088,220.8112,147.9852,3486.2916,261.2443,24
644,3854.7853999999998,288.14070000000004,155.2927,3411.352,253.5394,24
7603,3851.8232,212.9486,173.3915,3465.4831,208.96529999999996,24
1486,3851.4792,283.4167,268.831,3299.2315,422.31179999999995,24
944,3851.3307,262.3617,138.1541,3450.8149,247.72269999999997,24
1443,3850.1155000000003,219.4574,213.4304,3417.2277,235.6767,24
1140,3848.793,255.93939999999998,135.5315,3457.3221,249.8836,24
642,3848.0859,220.62650000000002,110.59410000000001,3516.8653,359.5611,24
5688,3846.2898,323.41179999999997,262.3635,3260.5145,230.8734,24
8812,3846.0177999999996,344.1303,226.605,3275.2825,253.18460000000002,24
1985,3842.8824,266.81329999999997,199.2218,3376.8473,305.2149,24
2744,3841.0931,139.5346,180.1276,3521.4309,417.6628,24
1041,3840.8193,256.7306,136.0803,3448.0083999999997,246.92759999999998,24
1141,3840.8193,256.7306,136.0803,3448.0083999999997,246.92759999999998,24
942,3840.8193,256.7306,136.0803,3448.0083999999997,246.92759999999998,24
1042,3840.8193,256.7306,136.0803,3448.0083999999997,246.92759999999998,24
8632,3840.5594,293.0177,265.1394,3282.4023,231.0521,24
9522,3840.4791,315.47880000000004,267.3936,3257.6067000000003,264.4996,24
2497,3839.2668,292.0621,201.5151,3345.6896,214.55720000000002,24
3685,3837.5883,291.0227,331.1914,3215.3741999999997,310.771,24
5117,3837.5018,310.0817,181.125,3346.2951,214.5135,24
7625,3834.301,372.8723,432.6067,3028.822,381.66179999999997,24
7295,3833.9399000000003,324.7219,267.4113,3241.8067,224.47520000000003,24
3585,3831.6966,282.1909,292.1415,3257.3642,302.1362,24
4918,3830.3423000000003,371.9272,206.5395,3251.8756,265.72950000000003,24
2047,3830.1376999999998,239.70000000000002,191.4173,3399.0204,322.8449,24
9792,3828.2124,302.5923,297.3017,3228.3184,266.813,24
151,3827.4794,296.3855,236.01500000000001,3295.0789,207.73560000000003,24
7829,3826.3596,274.93489999999997,198.0974,3353.3273,399.25370000000004,24
3015,3823.2634000000003,261.4,194.23180000000002,3367.6316,216.11599999999999,24
5191,3822.6863000000003,274.1383,184.805,3363.743,244.18220000000002,24
3589,3822.3437,259.7278,216.5615,3346.0544,293.3611,24
9501,3822.2183999999997,315.8252,227.9373,3278.4559,220.24550000000002,24
7296,3822.0950000000003,295.2122,253.816,3273.0668,225.1728,24
835,3821.8918999999996,164.8175,91.37979999999999,3565.6946,402.37799999999993,24
8103,3818.0579,403.55199999999996,318.878,3095.6279,258.2351,24
897,3817.4927,347.3333,314.8084,3155.351,417.0079,24
8880,3816.6528,263.8571,229.1344,3323.6613,230.7036,24
1385,3814.5852,253.719,241.70190000000002,3319.1643,404.3084,24
8235,3814.1362,559.799,439.9906,2814.3466,267.7486,24
9994,3810.5646,351.61289999999997,267.8781,3191.0736,285.2616,24
3079,3809.9343999999996,245.0441,206.3056,3358.5847,272.4282,24
6389,3809.3784,173.4157,126.48519999999999,3509.4775,250.83350000000002,24
7502,3806.3987,224.0968,182.0223,3400.2796,205.27179999999998,24
9521,3804.9531,332.3494,252.5077,3220.096,216.79899999999998,24
5882,3800.9752,175.3432,151.7846,3473.8473999999997,328.79189999999994,24
2693,3800.7003,248.03300000000002,184.704,3367.9633,232.225,24
2094,3799.3170999999998,288.4527,200.0317,3310.8327,210.70829999999998,24
5583,3798.609,171.4537,145.5926,3481.5627,340.0011,24
6611,3796.2653999999998,248.8957,172.8432,3374.5265,219.4126,24
1759,3795.6329,296.108,350.2101,3149.3148,317.9243,24
7150,3792.8178,419.1956,406.1907,2967.4315,660.323,24
7526,3792.5628,448.2426,346.24399999999997,2998.0762,349.36199999999997,24
9109,3792.2427000000002,302.293,214.1086,3275.8411,239.0043,24
3782,3782.243,347.252,342.2771,3092.7139,263.1586,24
9900,3781.5932,319.3932,234.0906,3228.1094,333.89619999999996,24
6943,3780.7774,521.1793,695.3891,2564.209,257.7327,24
2865,3779.1329,266.7138,215.8195,3296.5996,230.3037,24
2482,3778.6455,300.6983,279.6093,3198.3379,255.09539999999998,24
6998,3774.3269,258.6454,219.5314,3296.1501,212.6542,24
1043,3773.3660999999997,247.2653,136.5591,3389.5416999999998,242.74390000000002,24
1994,3769.6949,280.9285,193.7716,3294.9948,208.4778,24
342,3768.3343,245.433,139.2794,3383.6219,346.75149999999996,24
3264,3765.6349,314.7633,240.7142,3210.1574,220.5459,24
6813,3764.1141,246.3356,172.7078,3345.0706999999998,211.91189999999997,24
437,3759.3593,185.1067,96.23389999999999,3478.0187,382.3645,24
6489,3758.9788,277.2076,187.6453,3294.1259,285.0834,24
3078,3755.9292,222.14249999999998,155.388,3378.3986999999997,282.04089999999997,24
7332,3753.5246,197.24880000000002,226.445,3329.8308,348.5434,24
4119,3750.9322,242.8043,212.05610000000001,3296.0718,273.4298,24
2892,3750.3772,232.52429999999998,181.214,3336.6389,275.7789,24
7433,3750.0759,305.5646,245.0503,3199.4610000000002,364.70029999999997,24
2194,3748.111,282.8684,197.11069999999998,3268.1319,205.89800000000002,24
7824,3747.1635,505.5831,563.4703,2678.1101,403.2288,24
8118,3744.4945000000002,204.1989,183.1246,3357.1710000000003,230.4642,24
5815,3743.4957,304.4966,222.387,3216.6121,224.1556,24
9004,3740.8772,387.4427,285.6394,3067.7951,257.1046,24
1240,3738.0978,240.9231,134.12869999999998,3363.0460000000003,242.788,24
756,3736.3548,185.099,252.4853,3298.7705,248.7186,24
5742,3735.7764,687.287,467.3538,2581.1356,251.7035,24
3795,3734.8489,222.53799999999998,203.2311,3309.0798,252.435,24
8907,3733.2355000000002,285.4334,209.2561,3238.546,225.5888,24
6941,3730.4062,445.3927,585.5587,2699.4548,250.0501,24
7620,3730.3856,267.69419999999997,239.8697,3222.8217,254.19400000000002,24
7187,3729.7458,289.2819,280.9827,3159.4812,220.8419,24
2565,3727.0202,232.03300000000002,204.7425,3290.2447,223.485,24
2495,3725.1552,281.7519,197.2766,3246.1267,203.5632,24
1142,3723.5834999999997,241.07160000000002,132.0096,3350.5022999999997,239.51519999999996,24
2250,3717.5298000000003,182.1632,315.6437,3219.7229,235.5917,24
6539,3717.433,468.7215,559.8805,2688.831,343.07220000000007,24
940,3715.1157,222.6715,112.1457,3380.2985,329.1003,24
3080,3712.754,238.6457,207.4378,3266.6705,349.9698,24
759,3712.5134,246.3204,229.3405,3236.8525,321.893,24
6840,3711.831,444.9937,634.6351,2632.2022,248.21609999999998,24
4022,3710.4034,303.9524,277.1868,3129.2642,312.2229,24
4220,3707.5904,245.63660000000002,218.8699,3243.0839,301.0561,24
1887,3703.9355,424.9933,259.20160000000004,3019.7406,238.88670000000002,24
3886,3702.5126,280.0204,296.2402,3126.252,231.8707,24
351,3700.3228,237.2899,183.4923,3279.5406000000003,210.60850000000002,24
4982,3698.3894,255.9092,175.6005,3266.8797,326.5458,24
1345,3695.8206,164.8403,191.0563,3339.924,231.7814,24
7322,3695.1785,225.6414,259.2265,3210.3106,525.1264,24
7321,3695.1785,225.6414,259.2265,3210.3106,525.1264,24
1388,3694.9631,263.4259,260.7311,3170.8061,405.5492,24
6202,3694.4515,261.5539,205.5787,3227.3188999999998,231.4501,24
7695,3691.8384,332.7927,181.9031,3177.1426,219.1646,24
7422,3690.1942999999997,227.3673,259.3386,3203.4883999999997,518.4922999999999,24
5813,3684.7383,230.6056,172.92829999999998,3281.2044,210.1875,24
3268,3683.8444,326.0556,249.7529,3108.0359,216.9269,24
2992,3683.0608,231.3007,179.9543,3271.8058,270.5215,24
6537,3680.4167,502.484,554.0325,2623.9002,342.6352,24
5883,3679.1416999999997,195.6393,145.0858,3338.4166,288.1621,24
4773,3678.2416000000003,191.21,234.638,3252.3936000000003,199.5147,24
2351,3677.1248,204.8251,293.7218,3178.5779,229.7123,24
8648,3676.3403,322.949,288.90659999999997,3064.4847,265.377,24
8547,3676.3403,322.949,288.90659999999997,3064.4847,265.377,24
8548,3676.3403,322.949,288.90659999999997,3064.4847,265.377,24
8647,3676.1333,322.3764,286.847,3066.9099,265.373,24
6841,3674.5529,444.9937,600.6591,2628.9001000000003,246.02949999999998,24
6839,3674.3099,446.0724,599.6108,2628.6267000000003,248.5824,24
543,3673.5341,245.8476,120.8831,3306.8034,331.2249,24
2374,3669.1803,196.0978,140.8667,3332.2158,202.80939999999998,24
9115,3668.8726,295.9357,179.9882,3192.9487,241.83669999999998,24
1285,3667.0238,261.2348,259.342,3146.447,400.6613,24
8748,3666.044,324.6637,289.269,3052.1113,217.1157,24
1798,3665.6167,312.4589,233.5125,3119.6453,221.0224,24
9780,3664.6336,323.3742,242.5043,3098.7551,268.5122,24
8584,3663.3028,271.1663,228.03369999999998,3164.1028,212.48199999999997,24
8335,3661.6341,592.556,410.9286,2658.1495,238.7498,24
5623,3661.0777000000003,283.2643,220.6499,3157.1635,351.94550000000004,24
2891,3659.8793,236.8538,184.4296,3238.5959,264.9117,24
7421,3655.7156,249.8541,286.9865,3118.875,432.80989999999997,24
5289,3654.869,261.4155,188.851,3204.6025,236.4497,24
450,3653.1555,227.92249999999999,178.96,3246.273,206.2297,24
2927,3652.2414,256.7999,172.6668,3222.7747,247.39129999999997,24
1493,3650.6519,363.4485,308.1042,2979.0992,227.3247,24
2072,3649.8129,190.6406,141.6825,3317.4898,198.8508,24
8531,3641.007,291.8285,259.7437,3089.4348,212.0217,24
9519,3638.2942000000003,324.3638,245.3459,3068.5845,210.0627,24
1570,3633.5183,225.7038,190.9536,3216.8609,216.53180000000003,24
7702,3630.6865,268.4117,214.2254,3148.0494,215.0365,24
2718,3627.6774,239.2281,195.2842,3193.1651,238.22719999999998,24
5182,3623.0756,282.3611,192.65519999999998,3148.0593,369.2389,24
7833,3622.6097,233.3254,223.7529,3165.5314,265.14149999999995,24
3265,3622.3232,307.2735,234.4274,3080.6223,213.4389,24
3168,3621.9874,306.53290000000004,235.0864,3080.3681,211.02420000000004,24
3263,3621.7395,302.8999,234.1359,3084.7037,211.41840000000002,24
9918,3619.7223,274.29110000000003,248.1142,3097.317,219.051,24
7586,3615.5939,429.5324,298.5775,2887.484,214.9502,24
9818,3615.2826,325.51800000000003,244.5638,3045.2008,209.048,24
6441,3612.7747999999997,497.53909999999996,617.9882,2497.2475,218.7172,24
6842,3611.2402,444.5333,530.2379,2636.469,240.3065,24
7521,3605.8652,326.3872,386.9607,2892.5173,287.2971,24
3162,3602.3643,1594.2305000000001,153.6405,1854.4933,188.48059999999998,24
3373,3595.3435,203.3351,165.7457,3226.2626999999998,198.26569999999998,24
8325,3594.4893,244.9009,192.1862,3157.4022,209.7809,24
9014,3594.1455,294.0111,178.3074,3121.827,232.45980000000003,24
6220,3593.3568,179.7227,152.0486,3261.5855,206.2619,24
2694,3592.5739,253.8229,183.7046,3155.0464,195.7072,24
6598,3591.4691,230.7595,192.68789999999998,3168.0217,236.4438,24
2596,3590.0602,269.5444,192.25639999999999,3128.2594,192.0539,24
9388,3588.6297,173.5354,147.1326,3267.9617,393.84509999999995,24
8124,3587.4191,235.0931,198.05429999999998,3154.2717,253.34550000000002,24
7298,3587.0251,249.4063,224.7107,3112.9081,217.1307,24
8702,3585.2787,492.00509999999997,378.8629,2714.4107,258.4153,24
7522,3581.4384,301.5025,349.4685,2930.4674,274.38329999999996,24
2960,3581.4299,1988.6097,113.5103,1479.3099,182.5548,24
9617,3581.4231,314.0459,238.13080000000002,3029.2464,202.50429999999997,24
3179,3579.8792000000003,220.2126,206.8127,3152.8539,486.64340000000004,24
2394,3576.9872,268.3634,191.7707,3116.8531000000003,191.39159999999998,24
661,3573.3554,241.7888,238.4667,3093.0999,317.4318,24
1996,3567.8729,272.8862,195.7554,3099.2313,192.48520000000002,24
7312,3564.1432999999997,240.5586,195.65789999999998,3127.9267999999997,205.2609,24
2869,3563.7467,259.5579,208.0516,3096.1372,216.09050000000002,24
3180,3560.3777999999998,218.2186,207.3442,3134.815,508.37039999999996,24
5898,3560.1862,207.0463,145.09130000000002,3208.0486,261.97630000000004,24
2186,3559.6014,222.4319,186.2991,3150.8704000000002,211.24070000000003,24
8911,3557.185,309.4558,206.7337,3040.9955,252.43030000000002,24
6415,3555.1686,335.1092,274.0061,2946.0533,254.6465,24
10000,3546.5005,278.0183,225.4944,3042.9878,314.7566,24
3699,3544.4796,304.8495,242.2858,2997.3443,198.4219,24
9010,3542.7257999999997,305.4818,208.2809,3028.9631,241.61180000000002,24
544,3536.8976000000002,252.27270000000001,134.0273,3150.5976,248.7877,24
4620,3536.5688,231.1324,205.0812,3100.3552,222.59429999999998,24
1044,3535.8098,222.4252,141.6317,3171.7529,228.23969999999997,24
7729,3533.987,254.131,191.3222,3088.5338,345.93850000000003,24
857,3533.6702,227.3516,255.6608,3050.6578,223.08769999999998,24
6627,3530.9502,317.4321,243.4972,2970.0209,258.5094,24
2498,3529.4298,290.304,192.6149,3046.5109,216.64549999999997,24
2251,3528.5841,175.9077,303.8584,3048.818,221.1037,24
3683,3527.5041,293.5943,303.776,2930.1338,248.1061,24
7329,3526.3079000000002,410.7662,266.055,2849.4867,241.1137,24
3392,3522.985,205.7948,174.4691,3142.7211,242.9715,24
3391,3522.985,205.7948,174.4691,3142.7211,242.9715,24
6887,3521.7973,442.1535,587.158,2492.4858,230.0788,24
9215,3519.3716,290.6316,176.7432,3051.9968,224.8173,24
5793,3518.0149,210.0116,141.6375,3166.3658,245.1121,24
6528,3516.8671,289.4463,273.8766,2953.5442000000003,257.517,24
1286,3515.5767,251.0036,254.2787,3010.2943999999998,380.1295,24
5789,3513.0463999999997,307.5945,250.5674,2954.8845,203.8882,24
7621,3512.7576,300.5003,352.11740000000003,2860.1399,267.4495,24
1947,3512.7412999999997,219.0909,183.0213,3110.6291,272.947,24
7626,3511.1929999999998,343.9925,396.09590000000003,2771.1046,346.09369999999996,24
9840,3509.9796,142.7329,90.5788,3276.6679,261.0471,24
4384,3508.6419,394.3503,334.3124,2779.9792,272.664,24
9827,3506.9225,277.8227,236.8756,2992.2242,237.1759,24
5215,3504.8007,229.0856,155.77519999999998,3119.9399,200.07420000000002,24
771,3504.1269,176.0353,128.7036,3199.388,221.5294,24
8582,3503.8877,268.9352,220.9152,3014.0373,221.94800000000004,24
2594,3496.9556000000002,261.1323,188.7981,3047.0252,187.3373,24
241,3495.2557,225.5884,124.78099999999999,3144.8863,321.09489999999994,24
3786,3492.8389,270.1181,287.2798,2935.4410000000003,218.77870000000001,24
2769,3490.7777,233.5532,181.0558,3076.1686999999997,213.91590000000002,24
7222,3490.4729,249.665,250.5042,2990.3037,347.69040000000007,24
1997,3486.8528,251.9177,185.4129,3049.5222,193.50900000000001,24
3164,3481.8462,296.3698,227.0186,2958.4578,203.21720000000002,24
5836,3480.9492,385.17740000000003,247.9244,2847.8474,203.7646,24
7414,3480.6652,150.3296,130.1525,3200.1830999999997,211.70979999999997,24
1131,3479.5283,202.1567,185.6958,3091.6758,213.0189,24
5983,3479.1767,200.8876,178.833,3099.4561000000003,220.0619,24
5996,3478.5279,202.0336,135.8953,3140.599,258.0015,24
1059,3477.7526,269.5742,265.061,2943.1174,199.5856,24
636,3475.9753,179.3161,92.1141,3204.5451,353.1411,24
8902,3473.7976,498.15930000000003,384.6601,2590.9782,239.0061,24
8912,3472.83,324.9244,201.5535,2946.3521,249.39,24
5493,3472.4772,233.1454,221.8236,3017.5081999999998,300.91929999999996,24
9316,3470.9906,287.5067,182.8214,3000.6625,207.6218,24
3266,3469.8728,300.1564,228.3025,2941.4139,206.12259999999998,24
3797,3466.5826,286.3975,220.446,2959.7391000000002,187.43390000000002,24
2295,3464.9397,258.2392,187.6077,3019.0928,185.71549999999996,24
2395,3464.9397,258.2392,187.6077,3019.0928,185.71549999999996,24
2095,3464.9397,258.2392,187.6077,3019.0928,185.71549999999996,24
2297,3464.9397,258.2392,187.6077,3019.0928,185.71549999999996,24
2396,3464.9397,258.2392,187.6077,3019.0928,185.71549999999996,24
2496,3464.9397,258.2392,187.6077,3019.0928,185.71549999999996,24
2397,3464.9397,258.2392,187.6077,3019.0928,185.71549999999996,24
2096,3464.9397,258.2392,187.6077,3019.0928,185.71549999999996,24
2595,3464.9397,258.2392,187.6077,3019.0928,185.71549999999996,24
2296,3463.0787,257.7667,187.215,3018.0969999999998,185.60459999999998,24
1995,3461.1542,257.2777,186.808,3017.0685,185.49,24
9639,3460.554,142.6883,90.1823,3227.6834,256.2805,24
2978,3459.1814999999997,187.8648,137.1492,3134.1675,234.9531,24
8566,3458.0851,325.39709999999997,259.9233,2872.7647,198.3765,24
7917,3457.9415,230.0201,213.8338,3014.0876,289.8736,24
4888,3457.4476999999997,230.2962,200.4562,3026.6953,268.85360000000003,24
4021,3457.0309,295.0188,279.8233,2882.1888,325.2259,24
1746,3455.8747,93.5042,136.8523,3225.5182,305.98019999999997,24
5942,3454.1868999999997,328.0057,287.8845,2838.2967,204.4331,24
3269,3452.9692,313.7876,248.4491,2890.7325,195.685,24
2195,3449.7071,256.0715,184.7782,3008.8574,185.15109999999999,24
2196,3449.2488,253.1386,183.4431,3012.6671,184.6413,24
7717,3448.9464,155.4302,132.0753,3161.4409,209.9732,24
2695,3447.3256,253.3818,182.72209999999998,3011.2217,184.8571,24
5533,3447.271,431.778,268.598,2746.895,204.21779999999998,24
5633,3447.126,431.599,268.5779,2746.9491000000003,204.21779999999998,24
3165,3444.3452,293.615,224.8487,2925.8815,201.1293,24
8905,3442.6378,330.7677,242.8154,2869.0547,228.5221,24
2350,3442.0308,164.463,287.0713,2990.4964999999997,216.3706,24
5433,3441.3257,424.5656,272.6505,2744.1096,203.79729999999998,24
7297,3440.6509,241.3547,219.8629,2979.4333,212.962,24
8101,3439.1282,427.8822,336.27250000000004,2674.9735,225.332,24
3399,3438.6516,207.9107,135.7414,3094.9995,194.35760000000002,24
6615,3438.2771,287.75870000000003,235.7536,2914.7648,247.4565,24
2980,3435.3347000000003,262.7103,200.0233,2972.6011,262.11650000000003,24
4086,3434.4797,225.6746,224.45440000000002,2984.3507,204.9814,24
6908,3433.8125,230.5354,191.973,3011.3041,235.5164,24
8813,3432.1359,347.4115,203.668,2881.0564,249.51690000000002,24
6727,3429.4987,317.22520000000003,225.9925,2886.281,246.0616,24
8729,3426.5693,288.1468,206.9103,2931.5122,196.3134,24
3499,3425.6444,294.8992,230.8701,2899.8751,190.30810000000002,24
9011,3422.1581,308.54110000000003,204.5309,2909.0861,216.94299999999998,24
4120,3419.8782,284.8889,273.456,2861.5333,322.6861,24
7633,3419.5185,332.01079999999996,240.2784,2847.2293,335.25,24
9315,3413.5194,295.0413,178.7015,2939.7766,206.50960000000003,24
370,3412.4539999999997,242.585,218.1783,2951.6907,211.754,24
369,3412.4539999999997,242.585,218.1783,2951.6907,211.754,24
5297,3408.6358,243.0216,162.3427,3003.2715,201.1705,24
9515,3408.4249,255.516,204.3176,2948.5913,202.5084,24
9417,3403.9323999999997,255.065,203.516,2945.3514,202.053,24
8001,3403.4169,358.8744,275.1649,2769.3776000000003,228.8988,24
9416,3402.0093,255.6136,202.783,2943.6127,202.0503,24
9214,3400.4781,281.9407,180.1261,2938.4113,204.9134,24
3577,3400.4609,189.0442,142.9024,3068.5143,179.2109,24
7188,3399.532,214.0095,193.1648,2992.3577,225.41940000000002,24
5984,3399.0436,249.1148,178.2918,2971.637,195.13600000000002,24
3543,3398.4034,173.6693,194.1492,3030.5849,202.5205,24
2197,3398.396,254.7641,185.3879,2958.244,182.22719999999998,24
9012,3394.2757,313.1769,192.5098,2888.589,231.04610000000002,24
3249,3393.3914,147.6405,167.8735,3077.8774,206.4025,24
5393,3392.5477,221.5077,203.9486,2967.0914,289.0755,24
1437,3392.2939,229.6051,124.76809999999999,3037.9207,313.2914,24
2451,3390.7378,168.55010000000001,227.2994,2994.8883,213.6345,24
7624,3385.6162,391.907,464.7617,2528.9475,312.83630000000005,24
7309,3385.2488,294.0158,208.5371,2882.6959,215.0912,24
4221,3385.1221,288.7792,267.2122,2829.1307,323.11350000000004,24
9335,3384.3169,198.2828,140.59890000000001,3045.4352,213.08759999999998,24
6827,3382.8858,356.3066,246.3749,2780.2043,305.6213,24
8780,3382.4358,237.37030000000001,198.9052,2946.1603,199.7773,24
9415,3377.5672,267.5849,190.9914,2918.9909000000002,202.9921,24
3267,3370.0079,297.4619,228.2043,2844.3417,196.97270000000003,24
5994,3369.277,212.5262,139.5286,3017.2222,202.7769,24
7732,3366.0855,230.9373,221.2207,2913.9275,253.16160000000002,24
5537,3366.0703,399.0387,259.7708,2707.2608,200.5797,24
2564,3365.2853999999998,216.6867,190.8958,2957.7028999999998,205.2661,24
2551,3363.6446,164.463,223.823,2975.3586,212.126,24
6289,3362.7559,158.4975,108.16029999999999,3096.0981,216.1864,24
9502,3361.3702,337.99150000000003,246.9586,2776.4201000000003,193.3974,24
4222,3361.0228,286.397,264.883,2809.7428,320.98889999999994,24
4020,3360.2704000000003,285.6708,277.727,2796.8726,306.32,24
3817,3357.4582,298.5174,225.433,2833.5078,190.84199999999998,24
2651,3355.9326,164.463,216.111,2975.3586,211.65050000000002,24
4185,3355.0251,246.5289,240.3588,2868.1374,198.4411,24
3169,3350.6107,286.149,226.3141,2838.1476000000002,190.1398,24
4985,3350.5096,240.4569,161.0129,2949.0398,329.4269,24
3517,3350.3456,241.8847,205.1821,2903.2788,185.5976,24
7049,3346.2088,300.0127,313.0504,2733.1457,282.6949,24
4284,3346.0568,363.0668,327.1373,2655.8527,399.8865,24
4790,3345.931,868.9555,192.8811,2284.0944,375.2937,24
9209,3345.6853,309.1356,204.7467,2831.803,252.42120000000003,24
3115,3343.6058000000003,220.7542,172.3458,2950.5058,186.2268,24
7632,3343.1887,303.58729999999997,239.6805,2799.9209,312.4154,24
8356,3342.0353,309.3213,334.5083,2698.2057,219.4179,24
7048,3340.4254,331.5754,309.5516,2699.2984,288.0539,24
3163,3339.9591,286.2198,219.32410000000002,2834.4152,195.1454,24
7623,3338.7846000000004,410.7455,512.4116,2415.6275,308.66690000000006,24
8913,3337.2079000000003,326.1566,184.718,2826.3333000000002,242.40500000000003,24
6536,3336.836,493.8073,494.1826,2348.8460999999998,254.8077,24
7733,3336.2128,232.3083,222.2307,2881.6738,254.31119999999999,24
5997,3331.6901,193.7838,130.0258,3007.8805,256.40909999999997,24
1700,3331.2747999999997,162.6907,117.4246,3051.1594999999998,254.25719999999998,24
3684,3330.9684,267.3123,280.6351,2783.021,218.0241,24
3178,3330.846,196.2383,145.0572,2989.5505000000003,259.3464,24
2481,3328.2999,223.7526,225.09879999999998,2879.4485,225.26639999999998,24
9013,3325.3476,301.2391,176.3201,2847.7884,210.2725,24
3167,3325.2195,284.8636,217.9577,2822.3982,194.4968,24
4121,3324.8833,282.77549999999997,261.2456,2780.8622,317.4882,24
2668,3324.6068,208.04670000000002,170.8979,2945.6622,204.787,24
9216,3324.3729,280.1302,169.5718,2874.6709,203.5045,24
9213,3323.8,281.6671,175.857,2866.2759,202.82839999999996,24
5895,3323.5429,193.4267,129.7835,3000.3327,256.35589999999996,24
5896,3323.5429,193.4267,129.7835,3000.3327,256.35589999999996,24
5796,3323.5429,193.4267,129.7835,3000.3327,256.35589999999996,24
5795,3323.5429,193.4267,129.7835,3000.3327,256.35589999999996,24
5897,3323.5429,193.4267,129.7835,3000.3327,256.35589999999996,24
758,3323.3648000000003,200.1521,203.4899,2919.7228,191.8189,24
2097,3323.0123,250.2374,182.3525,2890.4224,178.25419999999997,24
9114,3321.5783,281.778,170.3519,2869.4484,202.90459999999996,24
9113,3320.5317,281.2874,170.0954,2869.1489,202.7725,24
8763,3318.9247,301.0841,223.9983,2793.8423,212.7439,24
4690,3318.4595999999997,859.783,187.10809999999998,2271.5685,350.272,24
4223,3317.728,282.40160000000003,260.22970000000004,2775.0967,317.1393,24
4122,3315.6666999999998,282.1243,260.1023,2773.4401,316.964,24
2959,3305.1224,464.0419,214.221,2626.8595,186.049,24
9312,3300.8253,276.9881,187.246,2836.5912,212.7696,24
7923,3300.1699,200.3844,216.7413,2883.0442,465.30709999999993,24
7152,3299.3396000000002,171.8089,475.1566,2652.3741,206.5563,24
270,3297.7436,220.10070000000002,197.7847,2879.8582,204.1729,24
2450,3297.6333,160.8389,218.6301,2918.1643,206.6598,24
2449,3293.6487,197.424,282.4736,2813.7511,302.11379999999997,24
443,3293.4314,256.7087,131.581,2905.1416999999997,310.0594,24
9314,3290.8549,276.5356,168.5363,2845.783,201.0216,24
9311,3289.2921,309.9979,203.564,2775.7302,254.11520000000002,24
9210,3288.2792,309.8929,203.4834,2774.9029,254.05169999999998,24
9110,3287.9952,309.4723,203.2799,2775.243,254.0333,24
9111,3287.1303,309.1221,203.08960000000002,2774.9186,253.97879999999998,24
2283,3286.9102,196.1837,179.5737,2911.1528,273.4009,24
3717,3286.1588,256.9875,212.9733,2816.198,184.9098,24
6538,3286.0172000000002,432.0412,514.1792,2339.7968,262.34029999999996,24
8565,3280.0956,352.4734,230.31050000000002,2697.3117,214.4891,24
558,3279.9798,202.6795,231.77700000000002,2845.5233,206.05249999999998,24
4583,3279.859,189.1917,176.8255,2913.8418,217.6839,24
6826,3278.1261,319.5503,222.69670000000002,2735.8791,302.73380000000003,24
9728,3277.7084,257.8098,218.1153,2801.7833,219.12570000000002,24
658,3273.9884,174.4908,190.458,2909.0396,205.4565,24
6093,3273.4712,305.8122,232.388,2735.271,199.4211,24
7396,3272.8543,295.3053,238.6014,2738.9476,192.28609999999998,24
934,3272.7731999999996,111.3352,75.8989,3085.5391,335.9004999999999,24
6120,3269.4312999999997,186.1021,154.0331,2929.2961,192.54469999999998,24
240,3266.1549,210.9754,101.2939,2953.8856,306.09540000000004,24
3599,3265.3892,272.0987,209.1228,2784.1677,181.79410000000001,24
9615,3264.4866,272.5327,210.9911,2780.9628,189.0913,24
6434,3263.0544,590.1465000000001,460.9538,2211.9541,250.33910000000003,24
8802,3260.0796,489.9579,381.1505,2388.9712,228.8911,24
1143,3257.4459,176.9703,127.4371,2953.0385,210.5301,24
9112,3257.137,298.7967,186.0793,2772.261,220.6396,24
7395,3256.1033,293.7572,236.08810000000003,2726.258,189.6372,24
368,3254.2395,234.0534,208.316,2811.8701,203.68670000000003,24
5693,3251.3873,183.1671,152.9136,2915.3066,265.0936,24
3270,3247.4722,264.788,206.4582,2776.226,182.47910000000002,24
2740,3247.2952999999998,226.0927,127.9529,2893.2497,184.12959999999998,24
9516,3244.9206,247.92759999999998,198.5807,2798.4123,192.726,24
452,3244.2617,190.40449999999998,130.7914,2923.0658,185.4939,24
9616,3241.9023,270.3406,209.8753,2761.6864,187.2439,24
9212,3240.4851,291.1725,186.0069,2763.3057,220.69740000000002,24
560,3235.954,206.1092,195.373,2834.4718,261.7634,24
6136,3235.1286,604.1771,500.6701,2130.2814,237.3362,24
1941,3234.86,119.5531,187.3105,2927.9964,296.79249999999996,24
1571,3234.6538,194.8128,170.52609999999999,2869.3149,214.10319999999996,24
3716,3233.6270000000004,261.9987,208.2172,2763.4111000000003,182.8476,24
7401,3232.7309,204.7721,163.22039999999998,2864.7384,173.4151,24
4885,3232.6159,239.2668,173.7619,2819.5872,197.08490000000003,24
9413,3232.3822,251.0609,166.642,2814.6793000000002,193.0116,24
551,3232.3817,188.6721,129.9933,2913.7163,184.7826,24
8018,3231.8898,162.2047,150.437,2919.2481,218.28560000000002,24
7495,3230.1477,301.8085,233.7517,2694.5875,188.0291,24
152,3229.1312,222.7397,168.9707,2837.4208,173.0009,24
2681,3228.1985,234.8007,201.87820000000002,2791.5196,243.3635,24
2839,3226.6033,225.3991,127.4212,2873.783,182.9468,24
9414,3226.265,255.45159999999998,160.8528,2809.9606,195.7364,24
2942,3226.1587,224.2804,132.4076,2869.4707,182.7343,24
8525,3225.1819,263.9806,170.0546,2791.1467,207.25619999999998,24
2939,3224.9977,225.4606,127.6293,2871.9078,182.8151,24
7798,3223.5743,313.1352,165.626,2744.8131000000003,181.8759,24
6614,3223.1486,284.0667,232.1043,2706.9776,206.9645,24
2941,3221.9157999999998,225.1979,127.2338,2869.4841,182.68329999999997,24
2841,3221.9157999999998,225.1979,127.2338,2869.4841,182.68329999999997,24
2840,3221.9157999999998,225.1979,127.2338,2869.4841,182.68329999999997,24
2940,3221.9157999999998,225.1979,127.2338,2869.4841,182.68329999999997,24
9211,3221.7947,302.5051,197.9592,2721.3304000000003,249.87480000000002,24
3041,3221.1414,225.0734,127.8913,2868.1767,182.6103,24
1341,3220.3844,141.2392,156.2169,2922.9283,205.15529999999998,24
2741,3220.2628,224.4288,127.1674,2868.6666,182.4469,24
8681,3219.6185,223.0262,183.2607,2813.3316,207.5013,24
253,3219.2647,186.76,129.1106,2903.3941,183.99790000000002,24
3689,3218.7686,183.4896,190.4548,2844.8242,248.68649999999997,24
3798,3218.0923,265.9384,203.2964,2748.8575,179.8926,24
2842,3216.5719999999997,222.69559999999998,127.05099999999999,2866.8253999999997,181.91979999999998,24
4683,3214.0153,182.6727,172.6093,2858.7333,230.3025,24
7719,3212.9763,163.4024,132.4971,2917.0768,237.7035,24
3416,3211.8637,233.4509,199.9488,2778.464,179.993,24
3415,3211.5014,233.4019,199.90959999999998,2778.1899000000003,179.9744,24
3615,3211.2455,233.134,199.7536,2778.3579,179.63569999999999,24
1471,3207.7607,180.4937,159.9628,2867.3042,239.3353,24
3516,3207.0299,230.9785,198.4231,2777.6283,177.2059,24
3616,3206.7115,230.815,198.3219,2777.5746,177.021,24
269,3202.1574,201.67079999999999,180.73420000000002,2819.7524,197.6954,24
3166,3201.6742,275.7872,210.81029999999998,2715.0767,187.61810000000003,24
3241,3201.4991,231.239,210.3415,2759.9186,177.7617,24
7534,3200.6914,333.4124,220.3765,2646.9025,356.0941,24
3987,3199.4909,219.3862,217.8786,2762.2261,190.6904,24
3316,3199.1567,232.6797,199.4665,2767.0105000000003,179.3271,24
7818,3195.9964,124.0553,124.1594,2947.7817,231.594,24
3170,3191.1707,250.2867,194.5805,2746.3035,176.7481,24
1973,3189.4218,173.308,130.8655,2885.2483,171.23430000000002,24
5992,3188.4875,436.9302,328.5716,2422.9857,208.12630000000001,24
3515,3188.0843999999997,221.29,192.4426,2774.3518,182.62009999999998,24
9331,3186.8555,198.608,144.8513,2843.3962,225.1558,24
9310,3184.9157,303.4073,199.7334,2681.775,245.0618,24
7533,3182.8236,329.9132,215.3664,2637.544,354.6464000000001,24
2742,3182.1428,215.1714,126.8449,2840.1265,179.41570000000002,24
545,3179.2311,266.576,143.9741,2768.681,254.539,24
3575,3175.3624,165.7206,123.7925,2885.8493,172.3913,24
549,3174.3581999999997,191.0087,135.8302,2847.5193,175.0176,24
7301,3174.33,210.8806,172.3012,2791.1482,182.89819999999997,24
4892,3172.9308,828.2667,169.3047,2175.3594000000003,347.7541,24
3069,3171.2404,273.9369,210.2471,2687.0564,184.4096,24
1615,3166.9433,250.3512,173.4939,2743.0982,228.21149999999997,24
5593,3165.8043,219.6694,209.2145,2736.9204,272.1008,24
1438,3164.1573,196.34470000000002,140.8643,2826.9483,236.0062,24
7231,3162.5131,272.0156,243.4966,2647.0009,220.85309999999998,24
3514,3160.1955,222.8602,197.4468,2739.8885,172.4795,24
7351,3152.4694,151.1322,523.9146999999999,2477.4225,202.3662,24
7299,3150.27,227.7285,201.90619999999998,2720.6353,193.2305,24
1491,3148.2585,334.141,289.3067,2524.8108,193.0199,24
5628,3145.9089,337.3917,211.3279,2597.1893,174.0414,24
5214,3145.8236,195.2658,147.5222,2803.0356,413.21,24
353,3145.6121,176.02270000000001,124.1565,2845.4329,179.58939999999998,24
3049,3145.2001999999998,139.4,156.7175,2849.0827,183.5648,24
6137,3143.3639,466.4796,443.58050000000003,2233.3038,202.8693,24
8865,3140.4895,270.8757,201.7911,2667.8227,226.87709999999998,24
3371,3139.8515,194.2806,172.3231,2773.2478,171.4543,24
5283,3137.1982,240.3502,160.4534,2736.3946,383.8034,24
6142,3134.6294,309.9571,271.6908,2552.9815,184.64550000000003,24
445,3131.9858999999997,258.1809,167.7691,2706.0359,274.5163,24
3372,3129.3289,192.8938,170.5382,2765.8968999999997,170.6652,24
6514,3125.8605000000002,294.0483,240.90890000000002,2590.9033,208.11390000000003,24
1160,3124.5606,312.9812,321.419,2490.1603999999998,181.0673,24
2864,3122.9030000000002,245.3509,192.6604,2684.8917,186.9822,24
254,3119.6594,172.2398,122.4102,2825.0094,178.036,24
8202,3116.9279,387.24580000000003,300.5286,2429.1535,204.7998,24
3473,3112.8469999999998,183.1296,151.22379999999998,2778.4936,170.9042,24
8803,3112.8458,454.5335,352.9465,2305.3658,219.4259,24
4673,3109.558,172.9593,230.6871,2705.9116,165.6889,24
2519,3109.0824000000002,226.1683,175.9364,2706.9777,220.9479,24
1886,3108.2876,182.93869999999998,151.2379,2774.111,261.656,24
2819,3107.7128,216.131,173.2759,2718.3059,219.6692,24
8434,3105.5192,395.45599999999996,300.1181,2409.9451,203.1619,24
9313,3103.6961,243.1995,156.8752,2703.6214,189.34799999999998,24
3149,3102.801,138.0898,155.6986,2809.0126,181.2174,24
8334,3101.9965,373.087,323.8129,2405.0966,210.3103,24
3794,3101.7490000000003,145.23499999999999,140.673,2815.8410000000003,221.58450000000002,24
154,3101.1675,195.1499,137.9239,2768.0937,174.01,24
8704,3101.1468999999997,347.5643,273.9796,2479.603,202.8423,24
4092,3100.842,231.7891,150.7248,2718.3281,168.0995,24
6527,3099.5445,292.2974,230.7844,2576.4627,219.36670000000004,24
1024,3096.6011,193.7832,164.5367,2738.2812,211.4608,24
2943,3095.3835,211.0341,150.2071,2734.1423,173.0878,24
6632,3094.4184,523.3163999999999,573.6546,1997.4474,226.0931,24
6532,3090.888,525.4119,413.0083,2152.4678,223.39530000000002,24
7400,3086.7693,194.77009999999999,154.407,2737.5922,204.4278,24
2434,3085.9907,211.436,152.457,2722.0977000000003,199.02149999999997,24
5183,3078.0755,265.64160000000004,176.7541,2635.6798,368.99270000000007,24
8630,3075.5512000000003,277.653,197.14800000000002,2600.7502,174.4793,24
7725,3075.4859,363.1993,407.4426,2304.844,303.2626,24
2822,3071.9782,227.3939,175.8052,2668.7791,215.0062,24
2967,3071.617,243.6809,190.8503,2637.0858,183.5967,24
2774,3066.4634,240.5829,182.7463,2643.1342,194.1464,24
3070,3066.0899,210.479,156.6739,2698.937,166.6158,24
3588,3065.906,212.00209999999998,212.1889,2641.715,231.81799999999998,24
3641,3063.4123,172.8872,186.427,2704.0981,168.72209999999998,24
3997,3062.9141999999997,215.3951,139.1795,2708.3396,163.8705,24
4097,3062.9141999999997,215.3951,139.1795,2708.3396,163.8705,24
4098,3062.9141999999997,215.3951,139.1795,2708.3396,163.8705,24
5083,3061.893,239.0709,157.24790000000002,2665.5742,253.1015,24
3996,3060.1115,215.02700000000002,138.8204,2706.2641,163.73919999999998,24
4198,3059.7982,214.9946,138.7882,2706.0154,163.7258,24
4199,3059.3892,214.9416,138.7372,2705.7104,163.7068,24
3998,3058.8178,215.3613,139.6113,2703.8452,163.2251,24
5084,3058.4352,233.39319999999998,153.0796,2671.9624,291.0844,24
9442,3056.7001999999998,181.846,133.1624,2741.6918,182.7167,24
4096,3055.8123,214.3674,138.1933,2703.2516,163.6157,24
1241,3055.4791999999998,149.1243,125.7486,2780.6063,197.9821,24
2136,3055.1034,125.2151,94.4607,2835.4276,232.5773,24
7716,3052.9973,120.59039999999999,101.56490000000001,2830.842,185.84300000000002,24
2563,3052.4623,207.8226,180.2826,2664.3571,188.9987,24
7615,3052.1963,119.92699999999999,101.4763,2830.793,185.7979,24
7616,3052.1963,119.92699999999999,101.4763,2830.793,185.7979,24
7515,3052.1963,119.92699999999999,101.4763,2830.793,185.7979,24
3077,3051.6985,163.5297,120.5938,2767.575,179.1875,24
2619,3047.3932,220.8497,172.8789,2653.6646,218.21370000000002,24
4099,3047.3636,214.7654,138.8894,2693.7088,162.76340000000002,24
7308,3045.4858,428.8083,175.9736,2440.7039,205.6427,24
550,3044.321,162.1078,121.1257,2761.0875,170.09300000000002,24
268,3044.1565,171.4744,152.5682,2720.1139,186.9499,24
8703,3043.2505,439.60519999999997,339.85630000000003,2263.7889999999998,215.09820000000002,24
4791,3041.9553,752.3395,170.6908,2118.925,352.0222,24
6400,3041.3251,135.0006,145.5456,2760.7789000000002,179.7462,24
666,3039.241,222.6026,254.6917,2561.9467,192.2024,24
2547,3036.7766,111.4756,163.3337,2761.9673000000003,323.4517,24
3789,3033.1392,177.3888,182.5771,2673.1733,223.6482,24
8355,3028.8754,292.331,323.1251,2413.4193,201.5313,24
8255,3028.8754,292.331,323.1251,2413.4193,201.5313,24
858,3028.6217,190.61950000000002,195.8639,2642.1383,183.942,24
5085,3028.3428,225.4009,147.44129999999998,2655.5006,323.3992,24
7496,3028.0047,290.5107,193.5336,2543.9604,177.69869999999997,24
168,3027.5897,168.7017,149.5912,2709.2968,185.691,24
2719,3027.1054,219.1005,171.8721,2636.1328000000003,217.3143,24
3897,3026.7995,213.8914,138.33780000000002,2674.5703,161.418,24
169,3026.77,168.5941,149.509,2708.6669,185.64460000000003,24
2821,3022.3875,218.6943,171.6385,2632.0547,217.1051,24
2521,3022.3875,218.6943,171.6385,2632.0547,217.1051,24
2820,3022.3875,218.6943,171.6385,2632.0547,217.1051,24
2420,3022.3875,218.6943,171.6385,2632.0547,217.1051,24
2520,3022.3875,218.6943,171.6385,2632.0547,217.1051,24
2621,3022.3875,218.6943,171.6385,2632.0547,217.1051,24
2622,3022.3875,218.6943,171.6385,2632.0547,217.1051,24
2721,3022.3875,218.6943,171.6385,2632.0547,217.1051,24
2722,3022.3875,218.6943,171.6385,2632.0547,217.1051,24
2720,3022.3875,218.6943,171.6385,2632.0547,217.1051,24
2620,3022.3875,218.6943,171.6385,2632.0547,217.1051,24
656,3021.7504,162.39860000000002,194.5767,2664.7751,195.48069999999998,24
7601,3021.6833,236.9007,159.2525,2625.5301,163.31799999999998,24
3414,3021.5082,225.5433,204.01059999999998,2591.9543,169.75619999999998,24
7622,3020.2888,264.4203,324.9026,2430.9659,268.89910000000003,24
3896,3020.1675,209.7878,133.6997,2676.68,161.86780000000002,24
2421,3018.4872,218.4543,171.4735,2628.5594,216.8265,24
4496,3018.0648,197.57229999999998,113.1431,2707.3494,160.7544,24
4519,3018.058,163.4203,133.26749999999998,2721.3702,172.9275,24
2618,3017.6298,225.8559,169.1546,2622.6193,204.3801,24
657,3016.5965,161.7166,192.2763,2662.6036,195.1804,24
3271,3015.9768,180.612,152.3594,2683.0054,163.7483,24
8430,3012.4162,298.2577,240.9684,2473.1901,182.76549999999997,24
352,3012.1196999999997,156.7764,113.8087,2741.5346,171.5466,24
7500,3006.7724,216.2056,177.52599999999998,2613.0408,201.4928,24
4197,3005.1910000000003,207.9786,131.93189999999998,2665.2805,161.1923,24
8728,3003.569,243.9774,155.1299,2604.4617,158.4794,24
4200,3001.2359,201.2613,124.85300000000001,2675.1216,165.3559,24
757,3000.3015,151.0592,167.8374,2681.4049,183.7648,24
4495,2999.6132,206.6644,121.64150000000001,2671.3073,163.6755,24
8805,2999.1315,346.5528,262.512,2390.0667,191.1445,24
7207,2998.278,227.5387,192.0371,2578.7021999999997,233.1753,24
153,2996.1521,198.6787,142.3701,2655.1032999999998,165.9775,24
3341,2993.7661,204.62290000000002,207.59890000000001,2581.5443,165.62410000000003,24
453,2989.0571,153.2004,113.6248,2722.2319,170.219,24
6019,2986.5908,267.0618,227.7775,2491.7515,194.28199999999998,24
9517,2983.695,251.32,196.8707,2535.5043,170.9359,24
6729,2983.0179,258.9558,293.096,2430.9661,212.225,24
1914,2982.6982,195.7952,136.9017,2650.0013,172.81029999999998,24
6897,2982.2064,204.1267,151.4769,2626.6028,240.3615,24
2843,2977.9461,181.4514,127.5059,2668.9888,167.7118,24
9739,2977.3887,128.7861,79.4882,2769.1144,216.27859999999998,24
5894,2977.0924999999997,180.2469,118.9381,2677.9075,227.89249999999998,24
5184,2968.987,253.5404,168.7965,2546.6501,363.85999999999996,24
1882,2968.0657,293.1192,135.737,2539.2095,194.07699999999997,24
6135,2967.7781999999997,543.8033,443.7539,1980.221,214.23329999999999,24
552,2966.4058,149.8982,112.1009,2704.4067,168.8633,24
7797,2963.5807,299.0582,159.356,2505.1665,176.0628,24
2845,2959.0816,125.7399,161.3597,2671.982,267.3147,24
451,2956.5858,148.5162,111.7295,2696.3401,168.05200000000002,24
8102,2954.9132,364.4348,284.2961,2306.1823,190.7591,24
5723,2951.4676,218.0657,173.6172,2559.7847,321.7679,24
655,2948.9049,141.4668,128.1729,2679.2652,176.5367,24
643,2945.7383,228.4213,114.0858,2603.2312,216.5938,24
6904,2945.3878,264.4121,213.4912,2467.4845,217.36520000000002,24
7501,2942.536,207.1533,149.0913,2586.2914,160.18519999999995,24
68,2940.7914,174.7902,154.3722,2611.629,180.2868,24
5429,2939.1204,331.6263,215.0285,2392.4656,172.5728,24
2435,2937.1861,199.5899,150.2147,2587.3815,217.51049999999998,24
2082,2934.6497,286.06829999999997,135.2114,2513.37,192.0936,24
2382,2934.068,190.4081,190.77470000000002,2552.8852,210.66029999999998,24
300,2929.9375999999997,90.6463,88.462,2750.8293,300.88669999999996,24
2366,2928.8343,194.885,170.1672,2563.7821,180.5577,24
4292,2927.3799,245.426,156.1169,2525.837,161.87940000000003,24
6911,2927.3527,182.8657,155.0019,2589.4851,198.93900000000002,24
4100,2926.3574,211.7665,143.9438,2570.6471,154.7758,24
8425,2925.3827,217.3144,160.9112,2547.1571,161.0168,24
98,2924.6872,87.1985,87.23089999999999,2750.2578,300.47290000000004,24
299,2924.188,87.392,87.2564,2749.5396,300.4409,24
200,2923.7342,87.134,87.1627,2749.4375,300.40680000000003,24
97,2923.6788,87.1063,87.15079999999999,2749.4217,300.40200000000004,24
196,2923.6788,87.1063,87.15079999999999,2749.4217,300.40200000000004,24
195,2923.6788,87.1063,87.15079999999999,2749.4217,300.40200000000004,24
198,2923.6788,87.1063,87.15079999999999,2749.4217,300.40200000000004,24
96,2923.6788,87.1063,87.15079999999999,2749.4217,300.40200000000004,24
94,2923.6788,87.1063,87.15079999999999,2749.4217,300.40200000000004,24
197,2923.6788,87.1063,87.15079999999999,2749.4217,300.40200000000004,24
296,2923.6788,87.1063,87.15079999999999,2749.4217,300.40200000000004,24
297,2923.6788,87.1063,87.15079999999999,2749.4217,300.40200000000004,24
199,2923.6788,87.1063,87.15079999999999,2749.4217,300.40200000000004,24
95,2923.6788,87.1063,87.15079999999999,2749.4217,300.40200000000004,24
298,2923.6788,87.1063,87.15079999999999,2749.4217,300.40200000000004,24
99,2923.6788,87.1063,87.15079999999999,2749.4217,300.40200000000004,24
100,2923.3926,86.91720000000001,87.0951,2749.3803,300.3851,24
252,2922.318,173.8276,127.62440000000001,2620.866,161.5457,24
7252,2921.2216,153.3128,500.6124,2267.2964,191.95839999999998,24
8767,2915.2996,234.5042,200.9853,2479.8101,239.1098,24
2522,2909.8479,210.7823,166.2419,2532.8237,209.6251,24
4193,2909.6659,192.0807,116.4265,2601.1587,159.1758,24
3400,2909.1386,194.26330000000002,125.4482,2589.4271,165.71720000000002,24
6236,2909.0944,570.2768,454.0854,1884.7322,221.79089999999997,24
354,2908.3219,141.4312,108.1942,2658.6965,165.3868,24
6040,2903.3608,413.2295,365.3848,2124.7464999999997,218.3233,24
3900,2901.7511,213.0854,149.899,2538.7667,162.7935,24
3785,2899.4903,243.3781,263.00010000000003,2393.1121,188.3986,24
7415,2898.759,120.3456,107.8603,2670.5531,216.1642,24
4394,2898.0522,186.4108,110.1179,2601.5235,161.83749999999998,24
871,2897.629,152.0828,110.6259,2634.9202999999998,202.0048,24
7087,2894.4986,345.3314,433.6886,2115.4786,186.68309999999997,24
2805,2893.9836,169.948,113.6701,2610.3655,176.48359999999997,24
3799,2888.9491,222.82750000000001,161.449,2504.6726,162.16870000000003,24
6315,2888.6692000000003,280.2159,234.5142,2373.9391,186.0781,24
652,2888.6373,147.2995,107.9489,2633.3889,164.7956,24
653,2884.2375,143.9867,107.3221,2632.9287,164.3527,24
654,2881.6376999999998,142.0879,106.8847,2632.6651,164.0915,24
4475,2880.596,104.2769,148.8936,2627.4255,193.85909999999998,24
7595,2879.5486,298.7459,168.0175,2412.7852,171.4075,24
6999,2876.6847,213.6958,155.7783,2507.2106,191.0224,24
8903,2874.2583,396.1579,305.9466,2172.1538,203.80719999999997,24
255,2874.2504,136.4642,105.90220000000001,2631.884,163.3475,24
455,2874.2504,136.4642,105.90220000000001,2631.884,163.3475,24
554,2874.2504,136.4642,105.90220000000001,2631.884,163.3475,24
553,2874.2504,136.4642,105.90220000000001,2631.884,163.3475,24
454,2874.2504,136.4642,105.90220000000001,2631.884,163.3475,24
355,2874.2504,136.4642,105.90220000000001,2631.884,163.3475,24
5694,2872.3233,161.6403,124.1092,2586.5738,224.6058,24
899,2870.1848,219.7645,199.45159999999998,2450.9687,296.7975,24
7599,2869.0379,295.1252,163.3674,2410.5452999999998,171.0362,24
1715,2868.3178,196.0414,135.96269999999998,2536.3136999999997,167.2754,24
397,2867.9235,86.3513,86.312,2695.2602,292.0002,24
4318,2867.4017,154.1619,126.9699,2586.2699,163.7052,24
6925,2866.6164,239.1275,194.1688,2433.3201,236.4236,24
7498,2865.8065,290.3387,165.4589,2410.0089,171.3584,24
396,2865.7336,86.4171,86.3595,2692.957,293.4315,24
1541,2865.4628,97.5325,192.9111,2575.0191999999997,262.3349,24
7499,2864.8246,280.3062,164.0188,2420.4996,174.44219999999996,24
155,2862.5521,136.6539,106.3558,2619.5424,162.4311,24
2140,2862.274,111.4934,153.1365,2597.6441,179.78400000000002,24
3278,2860.9275,158.25900000000001,118.8114,2583.8571,175.47189999999998,24
9436,2859.8063,170.7541,123.7408,2565.3114,178.77660000000003,24
2750,2858.112,133.0817,176.9752,2548.0551,163.0265,24
3071,2858.0771,150.7319,121.5813,2585.7639,158.8223,24
2971,2858.0771,150.7319,121.5813,2585.7639,158.8223,24
2419,2857.8725,211.89440000000002,161.2952,2484.6829,197.6127,24
3918,2857.0728,233.386,232.679,2391.0078,162.77540000000002,24
7697,2856.303,291.9373,158.2514,2406.1143,169.75850000000003,24
7918,2855.8909,107.6803,109.8612,2638.3494,189.22549999999998,24
3171,2854.0672,158.9555,125.0402,2570.0715,158.17,24
8627,2851.9669,266.4609,171.3578,2414.1482,155.59709999999998,24
3895,2849.3721,187.4702,113.09870000000001,2548.8032000000003,153.7671,24
580,2848.2788,132.2679,102.9552,2613.0557,164.79940000000002,24
7598,2848.0446,292.6378,160.3694,2395.0374,169.6511,24
2972,2847.7855,146.9574,120.6922,2580.1358999999998,158.8693,24
3072,2847.7855,146.9574,120.6922,2580.1358999999998,158.8693,24
2973,2847.7855,146.9574,120.6922,2580.1358999999998,158.8693,24
3074,2847.7855,146.9574,120.6922,2580.1358999999998,158.8693,24
3073,2847.7855,146.9574,120.6922,2580.1358999999998,158.8693,24
4196,2846.8461,188.2606,115.8471,2542.7384,153.7032,24
3999,2844.3409,208.3728,142.1208,2493.8473,152.0888,24
4774,2841.5656,189.4067,235.6431,2416.5158,151.54680000000002,24
9579,2841.5103,290.5123,227.37630000000001,2323.6217,232.439,24
9580,2841.5103,290.5123,227.37630000000001,2323.6217,232.439,24
9680,2841.5103,290.5123,227.37630000000001,2323.6217,232.439,24
6235,2841.4286,563.2012,444.4033,1833.8241,218.5539,24
2966,2838.5887,236.0949,182.6278,2419.866,168.213,24
3075,2836.0543000000002,146.92180000000002,119.3661,2569.7664,157.6901,24
3272,2836.0496,152.7554,120.4361,2562.8581,155.0349,24
556,2835.4065,128.9073,162.9828,2543.5164,186.71620000000001,24
371,2835.1974999999998,212.5144,183.8528,2438.8303,167.95530000000002,24
9187,2834.7136,283.477,196.3879,2354.8487,191.05349999999999,24
5902,2827.3467,176.1092,141.05089999999998,2510.1866,178.7037,24
4095,2826.8926,184.7758,111.065,2531.0518,152.9368,24
2872,2825.7835999999998,146.303,119.968,2559.5126,157.7552,24
557,2824.8867999999998,124.0339,158.1463,2542.7066,187.5113,24
3618,2823.9226,236.947,223.1723,2363.8033,160.59369999999998,24
7497,2823.3799,282.3204,158.5343,2382.5252,168.17520000000002,24
3600,2822.5191,215.2465,153.9359,2453.3367,157.72270000000003,24
271,2822.2729,203.0481,168.0673,2451.1575000000003,169.8173,24
3172,2820.8873,147.844,117.17620000000001,2555.8671,155.5617,24
2647,2818.7938,103.9622,159.0316,2555.7999999999997,293.7938,24
170,2816.7268,162.9506,143.5284,2510.2478,170.50730000000001,24
345,2816.7075,215.6186,164.2289,2436.86,250.5665,24
3273,2816.4002,147.39509999999999,116.6687,2552.3364,154.7223,24
7596,2815.0122,290.4628,155.8921,2368.6573,167.8473,24
1436,2814.6557,182.9883,91.5254,2540.142,268.6558,24
8501,2814.0301,373.5466,274.6417,2165.8418,207.46049999999997,24
3894,2813.2559,181.0637,114.69239999999999,2517.4998,151.1216,24
7698,2812.0522,291.7517,154.6091,2365.6914,167.1033,24
2206,2811.5235000000002,164.6425,107.9887,2538.8923,171.95479999999998,24
8024,2811.487,161.266,165.1945,2485.0265,349.27219999999994,24
7696,2811.4527,291.2923,154.5076,2365.6528,167.0814,24
4598,2810.2705,173.9771,99.5436,2536.7498,171.8793,24
4474,2810.1953000000003,88.748,140.0738,2581.3735,201.1389,24
4194,2810.1388,181.294,105.8629,2522.9819,152.75750000000002,24
2604,2809.4813,166.4395,112.7959,2530.2459,172.4627,24
3173,2808.5705,148.2504,115.5663,2544.7538,154.047,24
4298,2808.1063,182.6574,107.1867,2518.2622,152.04850000000002,24
2605,2807.7305,166.2363,112.2821,2529.2121,172.37310000000002,24
4299,2807.3894,182.565,107.0968,2517.7276,152.0152,24
3124,2806.8534,425.90819999999997,455.88300000000004,1925.0622,270.4433,24
1145,2805.7838,127.54990000000001,150.0607,2528.1732,180.9221,24
1916,2804.221,194.9104,134.618,2474.6926,162.8002,24
3694,2803.6586,139.5018,136.4727,2527.6841,195.6878,24
2704,2803.4966,167.2651,110.7791,2525.4524,170.71169999999998,24
4094,2802.5672,181.5115,108.49900000000001,2512.5567,151.9872,24
3898,2799.0995,206.5069,141.1363,2451.4563,151.6035,24
6797,2798.337,192.1183,136.3675,2469.8512,248.713,24
6799,2798.337,192.1183,136.3675,2469.8512,248.713,24
6798,2798.337,192.1183,136.3675,2469.8512,248.713,24
6898,2798.337,192.1183,136.3675,2469.8512,248.713,24
6899,2798.337,192.1183,136.3675,2469.8512,248.713,24
2085,2797.7688,153.6765,139.49960000000002,2504.5927,220.5582,24
3174,2797.6648,148.3336,114.1155,2535.2156999999997,152.7278,24
3177,2796.709,148.8677,113.7791,2534.0622,152.4654,24
9412,2796.365,228.606,159.7175,2408.0415000000003,163.3044,24
4195,2796.0849,180.7961,107.7676,2507.5212,151.5728,24
3994,2795.7854,181.8936,111.48,2502.4118,151.2461,24
3175,2795.7232,148.6736,113.8873,2533.1623,152.4672,24
1975,2794.6485000000002,245.9336,111.0802,2437.6347,184.64770000000001,24
3474,2794.561,148.8665,113.7702,2531.9243,152.3087,24
3176,2794.2897,148.7208,113.6995,2531.8694,152.2909,24
3477,2794.2897,148.7208,113.6995,2531.8694,152.2909,24
3476,2794.2897,148.7208,113.6995,2531.8694,152.2909,24
3276,2794.2897,148.7208,113.6995,2531.8694,152.2909,24
3478,2794.2897,148.7208,113.6995,2531.8694,152.2909,24
3475,2794.2897,148.7208,113.6995,2531.8694,152.2909,24
3576,2794.2897,148.7208,113.6995,2531.8694,152.2909,24
3378,2794.2897,148.7208,113.6995,2531.8694,152.2909,24
3277,2794.2897,148.7208,113.6995,2531.8694,152.2909,24
3376,2794.2897,148.7208,113.6995,2531.8694,152.2909,24
3275,2794.2897,148.7208,113.6995,2531.8694,152.2909,24
3377,2794.2897,148.7208,113.6995,2531.8694,152.2909,24
3375,2794.2897,148.7208,113.6995,2531.8694,152.2909,24
1384,2793.5748,126.988,120.85940000000001,2545.7273999999998,210.4447,24
4784,2793.1391,186.1201,149.3631,2457.6559,177.4735,24
3374,2793.1072,148.0474,113.4802,2531.5796,152.2021,24
976,2793.0898,147.2234,107.8586,2538.0078,180.2858,24
2265,2792.7453,182.7127,195.547,2414.4856,160.7719,24
3274,2791.9853,146.7428,113.2107,2532.0318,152.1707,24
3995,2791.1548,179.7467,104.3414,2507.0667,151.1389,24
555,2788.6334,129.8228,105.3001,2553.5105,158.80020000000002,24
2706,2788.5134,162.0104,106.9037,2519.5993,170.48960000000002,24
2405,2788.5134,162.0104,106.9037,2519.5993,170.48960000000002,24
2606,2788.5134,162.0104,106.9037,2519.5993,170.48960000000002,24
2607,2788.5134,162.0104,106.9037,2519.5993,170.48960000000002,24
2506,2788.5134,162.0104,106.9037,2519.5993,170.48960000000002,24
2505,2788.0759,161.9515,106.8564,2519.268,170.47110000000004,24
2306,2787.314,162.8329,106.9875,2517.4936,170.8872,24
6237,2787.2511999999997,550.3337,434.1797,1802.7377999999999,214.03359999999998,24
457,2786.63,117.8147,151.26239999999999,2517.5529,185.92999999999998,24
2915,2786.5682,259.5616,152.7686,2374.2380000000003,179.9824,24
2081,2786.1525,302.9597,120.6736,2362.5192,192.359,24
4296,2786.0808,180.2813,104.5702,2501.2293,151.0577,24
6517,2785.7875,225.5805,183.1243,2377.0827,190.1565,24
2406,2784.7976,162.332,106.5488,2515.9168,170.4738,24
2305,2784.5844,163.4534,106.54849999999999,2514.5825,170.6544,24
2814,2782.4634,256.9796,151.93,2373.5538,179.49690000000004,24
4498,2781.967,178.4754,103.0253,2500.4663,150.70010000000002,24
2974,2781.8874,145.1498,114.0252,2522.7124,153.2425,24
2813,2781.7066,256.5034,151.7754,2373.4278,179.40730000000002,24
2914,2781.1261,259.00440000000003,152.5071,2369.6146,179.5831,24
8302,2780.6382,339.5263,260.9019,2180.21,180.63240000000002,24
8904,2777.4221000000002,372.6511,286.7978,2117.9732,196.43990000000002,24
2463,2777.167,169.0455,158.2939,2449.8276,181.83759999999998,24
6987,2774.5139,360.9735,464.0742,1949.4662,179.07580000000002,24
4497,2774.491,178.3384,102.96640000000001,2493.1862,150.489,24
4297,2774.491,178.3384,102.96640000000001,2493.1862,150.489,24
4398,2774.491,178.3384,102.96640000000001,2493.1862,150.489,24
4397,2774.491,178.3384,102.96640000000001,2493.1862,150.489,24
4396,2774.4769,178.3344,102.9626,2493.1799,150.48810000000003,24
6341,2771.9865,369.70889999999997,443.6117,1958.6659,201.6397,24
356,2771.9088,121.89920000000001,127.8275,2522.1821,171.4022,24
7597,2771.8513000000003,277.9497,151.5909,2342.3107,164.9431,24
4399,2771.6129,177.7778,102.352,2491.4831,151.6024,24
1234,2770.3321,193.2283,93.1324,2483.9714,258.3342,24
456,2769.6499,118.0764,140.2761,2511.2974,178.7078,24
3076,2766.9395,145.87539999999998,111.9582,2509.1059,151.25979999999998,24
2205,2766.1708,163.5451,105.291,2497.3347,169.83230000000003,24
470,2765.7318,208.0234,192.1981,2365.5103,168.11320000000003,24
398,2765.1113,87.72879999999999,85.7325,2591.65,276.14939999999996,24
735,2763.7729,99.8938,65.1082,2598.7709,282.3175,24
6498,2763.1761,148.73329999999999,138.0892,2476.3536,181.6961,24
3899,2763.1751,206.37,145.5431,2411.262,155.6918,24
4000,2763.1751,206.37,145.5431,2411.262,155.6918,24
1946,2763.0434,175.62959999999998,148.9265,2438.4873,235.5129,24
2464,2761.8997,165.0576,156.696,2440.1461,181.20260000000002,24
2879,2761.8082,207.788,166.9953,2387.0249,180.1384,24
4191,2761.7747,239.8194,144.8981,2377.0572,159.43630000000002,24
4295,2761.5646,178.73080000000002,103.1474,2479.6864,149.4976,24
2970,2760.7186,191.608,141.7527,2427.3579,150.9101,24
2873,2760.4646,144.56289999999998,111.8582,2504.0434999999998,151.4132,24
6036,2759.8855,464.6665,353.2965,1941.9225,194.60590000000002,24
7111,2758.6346000000003,175.5478,160.2833,2422.8035,196.4584,24
4293,2757.2665,187.5574,115.11959999999999,2454.5895,151.005,24
2815,2756.6709,255.0752,150.9383,2350.6574,177.40540000000001,24
2207,2755.3158,157.5478,103.3035,2494.4645,169.0858,24
4395,2754.8653,181.9133,103.8041,2469.1479,149.6902,24
2307,2754.7713,157.475,103.2444,2494.0519,169.0628,24
1242,2754.4332,107.8751,121.78620000000001,2524.7719,179.2195,24
5825,2752.5069,269.3892,204.4785,2278.6392,164.996,24
7819,2751.2461,92.6204,92.7428,2565.8829,190.5892,24
2364,2751.2391000000002,162.2729,155.5807,2433.3855,180.7593,24
2363,2751.2391000000002,162.2729,155.5807,2433.3855,180.7593,24
2465,2751.2391000000002,162.2729,155.5807,2433.3855,180.7593,24
2263,2750.4663,162.7712,156.31719999999999,2431.3779,179.16039999999998,24
2504,2750.3008,158.2407,104.3589,2487.7012,168.16830000000002,24
2968,2749.11,233.1827,179.4712,2336.4561,162.3059,24
5695,2748.1965,153.7645,118.6366,2475.7954,214.1932,24
7720,2747.4144,84.746,58.952,2603.7164,213.851,24
2137,2747.0016,117.4054,81.5809,2548.0153,188.88699999999997,24
2365,2745.4752,161.5327,153.4247,2430.5178,178.3185,24
4590,2745.0816,616.092,146.62539999999998,1982.3642,197.65800000000002,24
1144,2744.756,105.2856,127.6074,2511.863,178.71559999999997,24
7452,2743.6455,131.0855,491.2153,2121.3447,174.7159,24
2036,2742.8655,116.6132,81.5565,2544.6958,188.5289,24
2262,2742.0086,162.5142,154.9323,2424.5621,179.9682,24
2507,2740.8726,161.8033,107.4099,2471.6594,167.57819999999998,24
2743,2737.2451,119.7423,135.1252,2482.3776,166.0311,24
2037,2736.9201,116.9459,81.1428,2538.8314,188.68599999999998,24
4192,2735.7255,196.4059,117.6695,2421.6501,151.25649999999996,24
5383,2735.5091,187.5775,131.6138,2416.3178,324.25849999999997,24
1698,2735.2352,309.9205,236.4787,2188.836,197.89299999999997,24
2707,2734.6592,171.7499,108.89099999999999,2454.0183,167.6202,24
1739,2733.5280000000002,116.445,81.8386,2535.2444,188.56980000000001,24
1738,2733.393,116.445,81.7036,2535.2444,188.57170000000002,24
1839,2733.393,116.445,81.7036,2535.2444,188.57170000000002,24
1838,2733.393,116.445,81.7036,2535.2444,188.57170000000002,24
1737,2733.393,116.445,81.7036,2535.2444,188.57170000000002,24
1937,2733.393,116.445,81.7036,2535.2444,188.57170000000002,24
1837,2733.393,116.445,81.7036,2535.2444,188.57170000000002,24
1938,2733.1868,116.445,81.4974,2535.2444,188.52460000000002,24
1638,2733.0153,116.445,81.3259,2535.2444,188.5016,24
7316,2732.729,116.47359999999999,106.26480000000001,2509.9906,229.4932,24
2038,2732.628,116.445,80.9386,2535.2444,188.3966,24
1939,2732.4555,116.445,80.7661,2535.2444,188.4383,24
2039,2732.2670000000003,116.445,80.5776,2535.2444,188.3739,24
2138,2731.8706,116.445,80.1812,2535.2444,188.34910000000002,24
2139,2731.2466,116.445,79.5572,2535.2444,188.3101,24
7398,2730.7677,206.5144,180.9516,2343.3017,170.74089999999998,24
3490,2730.3761,206.04569999999998,160.47899999999998,2363.8514,150.7937,24
8329,2726.85,240.0483,179.5942,2307.2075,157.22719999999998,24
1940,2726.0443,116.096,82.3146,2527.6337,188.0147,24
2183,2724.6839,150.7761,147.5893,2426.3185,241.5394,24
2264,2724.1901,165.9688,172.16400000000002,2386.0573,163.4291,24
2058,2723.2542,217.7613,229.8948,2275.5981,200.5327,24
8804,2722.8693,362.7155,277.7443,2082.4095,194.3846,24
3586,2721.2855,225.2986,239.7483,2256.2385999999997,171.7485,24
2679,2721.2753,223.7971,192.8466,2304.6315999999997,204.88439999999997,24
3125,2715.6268,419.86089999999996,453.1535,1842.6124,267.92229999999995,24
1840,2715.0259,115.5641,84.7005,2514.7613,187.5496,24
3783,2710.1625999999997,249.4675,249.98819999999998,2210.7069,205.3396,24
9912,2709.9918000000002,181.7839,122.9285,2405.2794,213.3877,24
4093,2708.1077,182.1117,109.6117,2416.3843,147.5787,24
2466,2707.774,162.4251,153.4536,2391.8953,175.1942,24
2320,2707.7075,198.9881,154.2772,2354.4422,191.306,24
6912,2705.5912,179.3553,153.7377,2372.4982,197.8141,24
2016,2698.1664,215.6555,141.7231,2340.7878,164.4006,24
6440,2697.6767,377.9404,450.4294,1869.3069,195.674,24
6439,2694.8205,377.7549,448.8152,1868.2504,195.61950000000002,24
4789,2694.6265,302.6282,177.5399,2214.4584,214.66570000000002,24
1936,2693.9303,116.36410000000001,81.4324,2496.1338,186.4695,24
6310,2693.6293,203.1517,173.3874,2317.0902,150.3474,24
764,2690.8447,228.7548,269.7028,2192.3871,203.23899999999998,24
2678,2689.813,189.5571,144.2635,2355.9924,188.2874,24
962,2689.5768000000003,297.4221,295.4714,2096.6833,161.93290000000002,24
1162,2689.5768000000003,297.4221,295.4714,2096.6833,161.93290000000002,24
1161,2689.5768000000003,297.4221,295.4714,2096.6833,161.93290000000002,24
6438,2689.46,385.73109999999997,446.7778,1856.9511,192.0614,24
7221,2688.4132,186.1165,225.50150000000002,2276.7952,340.3156,24
3889,2687.623,170.4526,170.99710000000002,2346.1733,173.15669999999997,24
2844,2687.0174,104.3514,138.9242,2443.7418,176.929,24
3068,2686.717,237.9571,181.0207,2267.7392,158.9467,24
2878,2686.7117,143.9715,102.86370000000001,2439.8765,184.701,24
2804,2685.8186,156.54500000000002,103.5687,2425.7049,163.88850000000002,24
2863,2682.5960999999998,231.017,177.1234,2274.4557,157.915,24
2778,2681.9578,167.2899,123.712,2390.9559,186.1649,24
4300,2681.3261,173.6079,98.7071,2409.0111,154.8517,24
2165,2680.6293,166.5542,194.8792,2319.1959,150.1175,24
2166,2680.6142,166.5416,194.8864,2319.1862,150.1175,24
5936,2679.7943999999998,326.3179,186.6924,2166.7841,182.1783,24
3784,2679.7388,244.71200000000002,249.8301,2185.1967,191.8782,24
2107,2678.535,156.5707,103.11189999999999,2418.8523999999998,163.91430000000003,24
6092,2678.4059,343.5088,257.0698,2077.8273,172.3734,24
1859,2677.1176,233.4407,279.7636,2163.9133,226.2425,24
6805,2672.6445,253.1886,204.4795,2214.9764,197.61989999999997,24
8765,2670.8582,257.9064,147.2049,2265.7469,167.9546,24
1062,2670.6661,293.8206,291.6214,2085.2241,160.89260000000002,24
2975,2670.1495,142.08520000000001,102.72080000000001,2425.3435,174.91099999999997,24
4818,2669.4962,146.7096,119.3937,2403.3929,175.5472,24
2080,2664.914,284.7413,109.4661,2270.7066,171.36589999999998,24
1637,2664.373,116.30160000000001,81.2286,2466.8428,184.8948,24
8766,2663.4094999999998,235.36010000000002,138.9374,2289.112,173.171,24
4019,2662.9339999999997,239.7573,240.7102,2182.4665,207.53209999999999,24
2874,2661.7738,141.8561,101.8737,2418.044,178.34549999999996,24
7313,2660.8486,181.9487,163.3533,2315.5466,170.5762,24
6037,2660.6276000000003,333.5718,283.9046,2043.1512,179.2561,24
2977,2658.0183,140.8866,100.2361,2416.8956,183.1681,24
8665,2657.3504,269.827,158.8543,2228.6691,189.2289,24
5790,2656.9403,263.3163,230.1544,2163.4696,186.8709,24
2976,2654.017,143.8636,101.2786,2408.8748,182.70389999999998,24
2777,2651.8611,141.5836,100.8706,2409.4069,182.40949999999998,24
1344,2650.7178,92.2777,121.4807,2436.9594,172.30180000000001,24
2849,2648.9642,129.4519,156.4707,2363.0416,175.3158,24
7220,2641.7865,190.8671,224.0802,2226.8392,296.2133,24
6518,2641.7533,120.37180000000001,104.5153,2416.8662,243.20909999999998,24
295,2640.8633,83.74510000000001,83.2903,2473.8279,266.3804,24
5438,2638.1038,217.3117,696.9138,1723.8783,232.39690000000002,24
6435,2638.0998,534.8858,415.6125,1687.6015,209.5185,24
9429,2637.0803,163.6763,117.4055,2355.9985,172.3087,24
3445,2636.7877,126.8417,181.4766,2328.4694,140.3836,24
861,2636.4864,228.109,219.6886,2188.6888,168.4067,24
458,2635.34,140.5971,152.5529,2342.19,168.25480000000002,24
6437,2635.0712,499.7179,432.3295,1703.0238,195.7033,24
2776,2634.6567,142.1512,100.5782,2391.9273,181.95489999999998,24
8666,2634.0517,261.0343,154.8893,2218.1281,187.4561,24
7108,2633.7262,192.6601,168.4095,2272.6566,208.72860000000003,24
6339,2632.5327,370.0978,408.63530000000003,1853.7996,207.2972,24
1245,2631.3983,91.9986,121.4924,2417.9073,171.602,24
2806,2631.2999,190.4427,112.7051,2328.1521000000002,162.1129,24
1343,2630.241,90.8581,120.1521,2419.2308,171.4794,24
1342,2630.241,90.8581,120.1521,2419.2308,171.4794,24
1243,2630.241,90.8581,120.1521,2419.2308,171.4794,24
3500,2630.0452999999998,191.2739,128.9795,2309.7919,147.54219999999998,24
1244,2629.5038,90.8581,120.7272,2417.9184999999998,171.4527,24
2167,2626.5428,166.6245,189.92159999999998,2269.9967,145.44,24
6340,2625.7044,365.1406,405.1574,1855.4064,203.1532,24
3594,2623.357,159.1846,153.8149,2310.3575,162.6229,24
1565,2621.5022,163.917,143.9404,2313.6448,159.763,24
2876,2620.4384999999997,147.2157,103.1114,2370.1114,182.6914,24
5538,2619.5472,157.5181,402.7462,2059.2829,165.098,24
2875,2618.6933,141.6877,99.67139999999999,2377.3342,181.54829999999998,24
4986,2617.8329,189.17340000000002,142.4683,2286.1911999999998,283.62669999999997,24
4190,2617.7256,187.2418,150.99869999999999,2279.4851,146.4723,24
5940,2617.6163,410.2995,310.5685,1896.7483,177.1223,24
2677,2617.0186,139.8625,100.6335,2376.5226,176.831,24
1980,2616.6318,278.5559,105.5734,2232.5025,190.73119999999997,24
6990,2616.3834,199.8106,177.15189999999998,2239.4209,165.1828,24
6338,2615.6882,449.788,409.1423,1756.7579,180.5575,24
1978,2615.5694,278.8247,105.2879,2231.4568,206.5146,24
6436,2614.6567,537.9456,424.5302,1652.1808999999998,208.2713,24
6399,2614.5938,114.434,122.6506,2377.5092,166.72830000000002,24
3224,2614.1947,387.1363,435.63620000000003,1791.4222,259.0693,24
3887,2613.4021,225.2767,238.3591,2149.7663,178.06779999999998,24
7210,2611.8872,180.2733,158.4799,2273.134,190.12529999999998,24
4792,2609.5163000000002,564.8701,145.0126,1899.6336000000001,317.5212,24
1061,2609.159,282.99670000000003,279.373,2046.7893000000001,157.4605,24
7399,2608.4317,197.5877,169.8582,2240.9858,166.2434,24
6888,2607.6515,315.6532,417.0702,1874.9281,167.8818,24
3787,2606.7327999999998,233.4534,249.4326,2123.8468,178.7765,24
2567,2606.4636,157.2009,134.0688,2315.1939,161.9939,24
1979,2605.855,277.3901,104.4024,2224.0625,206.1376,24
6301,2605.0112,166.35569999999998,136.8876,2301.7679,164.47560000000004,24
5733,2604.042,343.8491,217.1422,2043.0507,153.79059999999998,24
8700,2603.4151,158.9379,132.81380000000001,2311.6634,282.6304,24
8530,2601.032,256.2338,183.3288,2161.4694,151.45960000000002,24
7300,2600.4033,177.6984,143.6189,2279.086,166.69,24
8428,2600.3257,260.3438,186.35860000000002,2153.6232999999997,152.58010000000002,24
3519,2600.2615,221.5766,216.2981,2162.3868,147.17680000000001,24
6336,2599.9072,537.9456,409.8443,1652.1173,206.9998,24
6337,2599.9072,537.9456,409.8443,1652.1173,206.9998,24
8628,2599.8738,256.2599,178.3042,2165.3097000000002,149.8758,24
5516,2599.203,205.3286,141.2287,2252.6457,142.32659999999998,24
6334,2598.9704,537.3864,409.608,1651.9759999999999,206.86790000000002,24
1699,2597.7944,245.6484,186.3821,2165.7639,171.25920000000002,24
6335,2596.9101,536.2035,409.1083,1651.5982999999999,206.5892,24
469,2593.4064,197.5307,183.4603,2212.4154,158.5469,24
1981,2591.4642,278.441,110.66369999999999,2202.3595,150.731,24
5904,2591.2514,198.37969999999999,165.4869,2227.3848,154.52130000000002,24
6041,2591.08,376.3322,318.8709,1895.8769,162.97660000000002,24
4294,2586.8325,174.3369,101.1913,2311.3043,140.7908,24
8527,2585.5786,257.9793,182.5816,2145.0177,150.0958,24
2877,2584.304,142.9681,97.4501,2343.8858,181.8434,24
862,2581.8418,288.25509999999997,289.4463,2004.1404,151.37,24
8429,2581.4491,258.2386,183.8709,2139.3396,151.3512,24
2779,2581.1086,214.4451,182.16410000000002,2184.4994,187.3019,24
2356,2580.9019,193.3187,197.9169,2189.6663,196.0856,24
2762,2579.9407,224.2942,173.9418,2181.7047000000002,153.6792,24
8201,2579.6056,312.7924,235.92190000000002,2030.8913,166.77100000000002,24
9717,2579.5729,256.7214,196.566,2126.2855,140.934,24
3126,2578.8747,378.536,310.4466,1889.8921,187.5437,24
2181,2577.1953,287.51800000000003,108.998,2180.6793,194.5109,24
4491,2577.0936,329.10360000000003,130.4063,2117.5837,157.1636,24
4999,2577.0307,194.87779999999998,110.4503,2271.7026,177.8084,24
2580,2576.1396999999997,211.7772,184.7697,2179.5928,193.35,24
4418,2576.1049,136.2601,114.79429999999999,2325.0505,145.8735,24
996,2575.7689,300.0931,266.5616,2009.1142,277.84749999999997,24
7532,2573.099,257.9037,174.8948,2140.3005000000003,311.4907,24
8528,2572.399,257.0095,182.6575,2132.732,150.7285,24
3686,2569.0101,219.3823,237.1225,2112.5053,186.861,24
2508,2568.8369000000002,178.26600000000002,116.0738,2274.4971,157.7198,24
6138,2568.7398,349.8053,327.8532,1891.0812999999998,222.9939,24
6618,2568.0445,113.0099,98.01429999999999,2357.0203,240.1854,24
6619,2568.0445,113.0099,98.01429999999999,2357.0203,240.1854,24
6520,2568.0445,113.0099,98.01429999999999,2357.0203,240.1854,24
6620,2568.0445,113.0099,98.01429999999999,2357.0203,240.1854,24
6519,2568.0445,113.0099,98.01429999999999,2357.0203,240.1854,24
2473,2567.6799,145.1661,109.0795,2313.4343,146.6355,24
3042,2567.5909,184.2965,152.4149,2230.8795,138.5024,24
2775,2565.3857,138.6865,99.8231,2326.8761,171.4103,24
8529,2565.1153,256.3029,181.7104,2127.102,150.2702,24
2812,2564.8411,239.6631,141.7231,2183.4549,162.02120000000002,24
1880,2562.0899,249.409,102.1795,2210.5014,201.8705,24
9306,2561.2727,215.734,155.5547,2189.984,153.564,24
7929,2560.8431,156.5187,133.8028,2270.5216,172.7253,24
7217,2559.2305,215.7919,225.8131,2117.6255,178.6018,24
156,2556.2649,139.9483,107.6776,2308.639,137.7536,24
3687,2555.7318999999998,225.9977,241.0352,2088.699,175.7888,24
4393,2554.734,195.6461,118.81700000000001,2240.2709,141.995,24
8129,2554.1198999999997,160.792,173.71550000000002,2219.6124,168.4842,24
3800,2553.8874,179.0128,118.7122,2256.1624,143.6663,24
2705,2553.8152,153.539,101.6877,2298.5885,155.74040000000002,24
2949,2553.7984,121.1854,142.4843,2290.1287,175.5198,24
8629,2553.2197,254.61530000000002,180.1062,2118.4982,149.4407,24
6242,2551.5382,308.1284,344.9799,1898.4299,153.3397,24
9309,2551.391,263.3981,176.48420000000002,2111.5087,190.1116,24
444,2549.055,221.6548,120.91130000000001,2206.4889,248.3493,24
2871,2547.1201,138.2105,110.8555,2298.0541,143.6094,24
3700,2546.6621,181.2724,121.1348,2244.2549,142.5077,24
7148,2546.2984,242.1296,248.4084,2055.7604,205.4982,24
2608,2545.7903,212.165,119.3225,2214.3028,157.77870000000001,24
4576,2545.0747,203.2295,257.7279,2084.1173,201.519,24
2157,2544.89,181.1757,200.5675,2163.1468,191.7666,24
665,2542.1512,197.9963,264.7752,2079.3797,194.94779999999997,24
3816,2541.677,272.6743,196.6826,2072.3201,148.4046,24
9503,2539.0135999999998,293.8261,213.4898,2031.6977,148.343,24
7219,2538.0562,196.5291,211.9599,2129.5672,200.6065,24
4793,2536.862,556.8971,137.3493,1842.6155999999999,296.4367,24
9307,2534.9213,235.20600000000002,170.2302,2129.4851,153.7054,24
6238,2534.292,380.9099,336.4139,1816.9682,207.68159999999997,24
9479,2532.9269,224.0749,198.4541,2110.3979,210.0428,24
256,2527.2046,122.4606,108.1311,2296.6129,142.2924,24
2680,2526.8255,208.9552,179.4118,2138.4585,182.3805,24
1977,2526.5068,257.3209,100.4703,2168.7156,198.85430000000002,24
3921,2526.1721000000002,248.4106,252.0909,2025.6706000000001,182.08300000000003,24
3441,2524.0929,169.8255,204.2398,2150.0276,137.52339999999998,24
7031,2523.0464,330.4114,453.0514,1739.5836,169.247,24
2747,2521.7395,97.44200000000001,154.0741,2270.2234,236.9234,24
3063,2520.3437,225.7344,171.3971,2123.2122,149.7769,24
2963,2520.3437,225.7344,171.3971,2123.2122,149.7769,24
3065,2520.3437,225.7344,171.3971,2123.2122,149.7769,24
3064,2520.3437,225.7344,171.3971,2123.2122,149.7769,24
2964,2520.3437,225.7344,171.3971,2123.2122,149.7769,24
3067,2520.3437,225.7344,171.3971,2123.2122,149.7769,24
2965,2520.3437,225.7344,171.3971,2123.2122,149.7769,24
3066,2520.3437,225.7344,171.3971,2123.2122,149.7769,24
1879,2512.4393999999998,208.8388,98.7467,2204.8539,204.51839999999999,24
2862,2510.8518,225.138,171.0357,2114.6781,149.09199999999998,24
6141,2510.0941000000003,329.7934,318.9049,1861.3958,189.8212,24
2924,2509.8222,251.8451,192.446,2065.5311,263.7456,24
6140,2507.5171,349.2251,317.8523,1840.4397,226.02209999999997,24
2550,2507.382,116.6331,170.0891,2220.6598,140.9086,24
7008,2505.9913,175.0776,156.0283,2174.8854,193.7406,24
6203,2505.4289,215.1431,171.7283,2118.5575,149.3389,24
357,2505.2462,106.82639999999999,138.6147,2259.8051,161.2571,24
7149,2505.1772,317.93600000000004,353.92699999999996,1833.3142,476.1686,24
2969,2505.0669,224.8632,171.2919,2108.9118,147.8504,24
3718,2504.7845,210.1874,204.8942,2089.7029,147.2847,24
7218,2504.3012,208.6976,221.5208,2074.0828,176.02779999999998,24
8581,2502.7867,213.7956,159.556,2129.4351,201.9948,24
8225,2501.5201,172.86700000000002,137.78459999999998,2190.8685,142.5038,24
2407,2500.979,153.58350000000002,103.53059999999999,2243.8649,153.21939999999998,24
9514,2499.0333,201.0901,153.8101,2144.1331,147.15030000000002,24
9813,2497.907,168.06889999999999,113.4517,2216.3864,196.46419999999998,24
8301,2497.6297,301.73,226.4276,1969.4721,161.1877,24
971,2495.1813,141.6564,99.849,2253.6759,186.7884,24
5702,2495.1496,184.73,144.0188,2166.4008,148.4306,24
4392,2494.7291,245.4828,133.8141,2115.4322,144.642,24
2715,2492.7837,225.0815,134.4366,2133.2656,156.5445,24
3688,2491.9369,194.7264,207.0816,2090.1288999999997,159.5425,24
1875,2491.0267,159.1069,98.5718,2233.348,206.53170000000003,24
5812,2490.5919,165.8941,123.6958,2201.002,133.47140000000002,24
6719,2490.4044,110.9473,96.07249999999999,2283.3846,231.265,24
4597,2485.7548,166.1437,95.4864,2224.1247,134.012,24
2781,2485.2831,199.5808,166.1193,2119.583,162.289,24
6139,2485.2342,345.61809999999997,315.17379999999997,1824.4423,226.4562,24
6240,2485.2342,345.61809999999997,315.17379999999997,1824.4423,226.4562,24
6239,2485.2342,345.61809999999997,315.17379999999997,1824.4423,226.4562,24
1836,2485.0987999999998,115.9275,79.99170000000001,2289.1796,175.34369999999998,24
6420,2482.5939,126.4664,108.1031,2248.0244,168.59500000000003,24
2335,2482.4040999999997,174.3989,135.344,2172.6612,234.6154,24
6726,2482.3622,246.6114,184.928,2050.8228,204.6613,24
5791,2479.5052,227.2672,198.80790000000002,2053.4301,174.356,24
7117,2479.1998,206.1018,218.64010000000002,2054.4579,174.63649999999996,24
2827,2477.8051,162.3951,117.0424,2198.3676,203.9081,24
6720,2476.0701,110.9171,96.0744,2269.0786,229.38679999999997,24
7432,2471.9175999999998,219.85920000000002,165.2499,2086.8085,298.6562,24
1878,2470.6882,175.7527,96.3458,2198.5897,203.88459999999998,24
6241,2468.5722,330.9983,314.5795,1822.9944,213.0067,24
1982,2465.7467,268.5692,106.211,2090.9665,163.28730000000002,24
69,2462.1481,152.6167,130.9154,2178.616,144.6433,24
5292,2462.13,153.4879,133.5126,2175.1295,199.6415,24
2714,2460.9578,225.0891,135.1003,2100.7684,156.535,24
4291,2459.7059,225.6311,132.9664,2101.1084,141.01709999999997,24
6039,2459.3685,346.6872,308.8463,1803.835,217.5548,24
1772,2459.3314,175.4746,176.5036,2107.3532,150.3159,24
2913,2457.7400000000002,225.5841,137.0507,2095.1052,155.73200000000003,24
1881,2456.3505,253.7617,103.2487,2099.3401,160.09600000000003,24
7820,2455.8376,95.0003,96.221,2264.6163,178.6677,24
961,2455.0131,246.5704,245.5358,1962.9069,149.8731,24
1674,2455.0036999999998,136.7265,120.7904,2197.4868,184.7308,24
7352,2454.6768,112.5582,510.2014,1831.9172,177.6207,24
4691,2453.2263,553.7661,137.6938,1761.7664,292.9235,24
2807,2450.1653,223.201,119.3889,2107.5754,152.4617,24
1877,2446.2424,158.0261,94.2186,2193.9977,203.15,24
1815,2445.7838,160.8702,113.9375,2170.9761,148.4001,24
1915,2445.7838,160.8702,113.9375,2170.9761,148.4001,24
3788,2445.1711999999998,206.3132,215.4183,2023.4397,169.43269999999998,24
1271,2445.1503000000002,136.443,129.9862,2178.7211,210.53660000000002,24
5903,2444.4912,191.6122,160.5484,2092.3306000000002,143.4128,24
2182,2443.6348,167.2401,122.1823,2154.2124,245.4538,24
4391,2443.2593,222.3548,131.3863,2089.5182,139.84969999999998,24
2708,2441.165,224.8287,119.7212,2096.6151,151.9823,24
1669,2440.9663,171.9296,161.4173,2107.6194,150.3567,24
6910,2440.8503,162.2505,142.459,2136.1408,181.0567,24
2362,2440.6937000000003,152.40699999999998,145.13309999999998,2143.1536,159.77640000000002,24
3715,2438.9351,187.9474,169.5296,2081.4581,146.9425,24
2713,2438.8184,219.6739,131.0313,2088.1132,151.5525,24
2075,2438.2143,197.8907,95.41109999999999,2144.9125,131.95260000000002,24
3722,2438.2082,250.7763,264.6501,1922.7818,157.4676,24
1872,2437.1944000000003,173.1135,172.7311,2091.3498,148.528,24
5188,2435.6267,176.4376,165.3284,2093.8607,154.87619999999998,24
6421,2433.1585,131.3298,111.5775,2190.2512,156.5819,24
9539,2432.9216,111.2503,70.176,2251.4953,134.1022,24
5941,2432.642,369.5327,293.0488,1770.0605,155.1556,24
3818,2432.2275,206.5496,203.2574,2022.4205000000002,143.82150000000001,24
4987,2430.6835,181.1113,152.4283,2097.1439,202.18200000000002,24
6321,2430.4545,133.0502,112.7991,2184.6052,158.269,24
6221,2430.4545,133.0502,112.7991,2184.6052,158.269,24
6320,2430.4545,133.0502,112.7991,2184.6052,158.269,24
6322,2430.4545,133.0502,112.7991,2184.6052,158.269,24
3822,2430.2122,253.1807,256.3872,1920.6443,142.40009999999998,24
2171,2428.7731,138.3181,104.2435,2186.2115,133.7542,24
3248,2427.1692,120.4003,146.5492,2160.2197,176.4932,24
3247,2427.1692,120.4003,146.5492,2160.2197,176.4932,24
1871,2426.3852,173.4816,173.8647,2079.0389,148.8649,24
6929,2426.1336,320.7378,433.78340000000003,1671.6124,164.91049999999998,24
1775,2425.0443,113.6421,94.98830000000001,2216.4139,205.1698,24
1675,2425.0443,113.6421,94.98830000000001,2216.4139,205.1698,24
1876,2424.6038,149.4489,91.588,2183.5669,202.05980000000002,24
3315,2423.2576,190.1404,174.2123,2058.9049,138.5612,24
664,2422.8699,192.1355,260.3122,1970.4222,181.476,24
6414,2421.9095,242.6009,206.9805,1972.3281,151.4955,24
2846,2420.8049,115.5781,156.0632,2149.1636,186.49880000000002,24
6408,2418.2191000000003,241.75730000000001,246.4669,1929.9949000000001,166.9754,24
6508,2417.6073,238.9682,247.2443,1931.3948,166.6402,24
6308,2417.6073,238.9682,247.2443,1931.3948,166.6402,24
6207,2417.6073,238.9682,247.2443,1931.3948,166.6402,24
6206,2417.6073,238.9682,247.2443,1931.3948,166.6402,24
6307,2417.6073,238.9682,247.2443,1931.3948,166.6402,24
6306,2415.8251999999998,238.8414,247.0384,1929.9454,166.4672,24
6699,2414.8257,164.7468,141.8449,2108.234,137.2646,24
1673,2412.8291,175.58599999999998,166.4074,2070.8357,147.7319,24
6234,2411.9392000000003,498.0811,376.5962,1537.2619,190.1995,24
1335,2411.7486,176.1616,85.6403,2149.9467,220.3799,24
6208,2408.4951,230.2982,235.50220000000002,1942.6947,161.1818,24
5086,2408.2712,166.9025,135.0924,2106.2763,271.5902,24
6004,2407.161,188.8006,160.7992,2057.5612,141.319,24
2235,2407.1275,174.9476,129.2166,2102.9633,232.0532,24
2282,2406.464,133.4098,129.7802,2143.274,254.488,24
1639,2405.5909,102.3289,96.0172,2207.2448,171.42719999999997,24
2905,2405.3427,161.3795,125.26129999999999,2118.7019,142.9744,24
2808,2403.59,230.0712,120.6908,2052.828,149.9172,24
5724,2401.7612,124.0128,95.63470000000001,2182.1137,293.4874,24
1672,2399.7873,173.9746,167.1552,2058.6575,145.6876,24
1971,2399.5423,169.1858,166.487,2063.8695,145.5585,24
5197,2399.1573,164.8662,108.6813,2125.6098,168.8737,24
2709,2397.0632,226.7992,118.9113,2051.3527,149.96880000000002,24
2079,2396.8385,269.5478,98.3577,2028.933,184.6589,24
6407,2396.4079,236.9152,244.72129999999999,1914.7714,164.701,24
399,2393.4159,85.1951,80.5364,2227.6844,223.49899999999997,24
1773,2390.8874,169.1766,164.6448,2057.066,144.6746,24
1676,2389.666,110.3132,91.7523,2187.6005,202.6998,24
1678,2389.666,110.3132,91.7523,2187.6005,202.6998,24
1677,2389.666,110.3132,91.7523,2187.6005,202.6998,24
1477,2389.666,110.3132,91.7523,2187.6005,202.6998,24
1576,2389.666,110.3132,91.7523,2187.6005,202.6998,24
1578,2389.666,110.3132,91.7523,2187.6005,202.6998,24
1577,2389.666,110.3132,91.7523,2187.6005,202.6998,24
1776,2389.666,110.3132,91.7523,2187.6005,202.6998,24
1777,2388.8972,110.2,91.682,2187.0152,202.66989999999998,24
8664,2387.9309,240.33509999999998,143.2843,2004.3115,148.3761,24
4808,2386.9662,117.8317,77.06049999999999,2192.074,132.9517,24
4591,2386.1957,480.3902,129.9977,1775.8078,213.75580000000002,24
372,2385.0075,154.9438,116.3528,2113.7109,167.723,24
536,2384.2644,105.41369999999999,63.535000000000004,2215.3157,224.99290000000002,24
1774,2383.754,136.4691,117.6062,2129.6787,173.4603,24
2040,2383.5822000000003,100.0805,99.0028,2184.4989,164.3489,24
1779,2382.7888,109.2974,91.1255,2182.3659,202.4327,24
1060,2382.7335,240.5172,247.32920000000001,1894.8871,146.1888,24
7397,2381.8725,213.3387,170.817,1997.7168,144.8779,24
1778,2381.0699999999997,109.0439,90.9687,2181.0574,202.366,24
2066,2380.4957,160.84380000000002,170.9227,2048.7291999999998,133.6244,24
1780,2380.3636,109.0073,91.0121,2180.3442,202.3,24
863,2379.9045,268.0639,275.3557,1836.4849,145.6069,24
2078,2376.6199,270.1361,98.5343,2007.9495,181.79989999999998,24
1771,2371.0632,170.13479999999998,169.4331,2031.4953,146.4287,24
6309,2370.8206999999998,194.62969999999999,187.1953,1988.9957,138.7507,24
6714,2370.4989,194.7346,152.33849999999998,2023.4258,145.0467,24
5638,2370.0487,169.5125,180.18,2020.3562,143.4951,24
50,2369.5683,168.11610000000002,134.4443,2067.0079,129.6877,24
7215,2368.3959,88.1176,80.029,2200.2493,197.9726,24
7315,2368.3959,88.1176,80.029,2200.2493,197.9726,24
7216,2367.6269,93.2398,86.4369,2187.9501999999998,195.5093,24
565,2366.0110999999997,203.43110000000001,267.0414,1895.5385999999999,162.4792,24
2408,2364.7425,155.2758,106.94630000000001,2102.5204,144.86970000000002,24
2609,2362.6029,224.8481,120.55539999999999,2017.1994,147.5214,24
7115,2360.3916999999997,87.3487,79.4791,2193.5639,197.35089999999997,24
2135,2359.6137,158.1198,115.55250000000001,2085.9413999999997,229.59109999999998,24
7924,2359.563,278.4884,306.2895,1774.7851,300.90959999999995,24
2472,2357.3942,133.8482,100.1747,2123.3713000000002,132.40980000000002,24
3587,2355.9753,196.63660000000002,206.4886,1952.8501,164.1871,24
5696,2355.4728,138.6361,109.4859,2107.3508,178.48449999999997,24
4612,2355.2631,116.2876,75.6769,2163.2986,131.71310000000003,24
4511,2355.2631,116.2876,75.6769,2163.2986,131.71310000000003,24
4513,2355.2631,116.2876,75.6769,2163.2986,131.71310000000003,24
4313,2355.2631,116.2876,75.6769,2163.2986,131.71310000000003,24
4312,2355.2631,116.2876,75.6769,2163.2986,131.71310000000003,24
343,2355.052,207.5838,125.6344,2021.8337999999999,229.37109999999998,24
4611,2354.8702000000003,115.4858,77.0237,2162.3607,131.68630000000002,24
1679,2354.8351000000002,109.13929999999999,91.7408,2153.955,199.1801,24
4411,2354.1471,115.9889,75.5504,2162.6078,131.66680000000002,24
4512,2354.0583,115.965,75.5407,2162.5526,131.66310000000001,24
4311,2353.8298,115.9033,75.51469999999999,2162.4118,131.6536,24
2907,2353.6384,226.0257,119.0796,2008.5331,146.6727,24
7208,2353.3151,163.1245,148.49,2041.7006000000001,190.59049999999996,24
4711,2352.6417,115.5205,75.5092,2161.612,131.60320000000002,24
4412,2351.6449000000002,115.31779999999999,75.2673,2161.0598,131.5627,24
4413,2351.6449000000002,115.31779999999999,75.2673,2161.0598,131.5627,24
3614,2350.2869,170.52179999999998,162.1819,2017.5832,149.1009,24
2509,2348.5563,227.3407,128.5401,1992.6755,146.0597,24
2308,2347.9665,142.6583,96.2109,2109.0973,144.169,24
9513,2347.5682,163.9663,115.6198,2067.9821,143.5052,24
4707,2344.4923,115.885,75.5937,2153.0136,130.7077,24
9941,2344.4288,112.2097,66.306,2165.9131,163.0735,24
1476,2343.5665,106.8224,89.7196,2147.0245,195.91209999999998,24
5741,2342.4831,579.3753,375.9353,1387.1725000000001,194.7019,24
5185,2340.8232,183.3116,123.895,2033.6166,317.2743,24
2945,2339.8913,113.99990000000001,154.0067,2071.8847,173.61759999999998,24
2870,2338.6058000000003,189.125,140.0923,2009.3885,132.22140000000002,24
4410,2337.4375,111.5104,73.6577,2152.2694,130.97260000000003,24
8427,2337.4139,231.7372,163.76149999999998,1941.9152,137.0706,24
6829,2337.1032999999998,328.19780000000003,432.6436,1576.2619,144.8379,24
2962,2335.4393,214.0929,164.3428,1957.0036,138.16209999999998,24
4710,2334.2416,115.5519,75.3451,2143.3446,130.2806,24
6909,2333.0591,161.4465,135.5309,2036.0817,173.9176,24
4499,2330.7396,160.6533,89.1962,2080.8901,135.9809,24
2175,2330.1181,134.4595,86.0232,2109.6354,126.773,24
1670,2329.9514,166.5042,158.2217,2005.2255,144.54659999999998,24
1573,2329.4723,135.28640000000001,140.4768,2053.7091,188.4355,24
2334,2329.0102,165.0455,119.7138,2044.2509,228.0334,24
9188,2326.3399,215.5851,151.7716,1958.9832,156.25349999999997,24
2946,2323.2727,113.99990000000001,137.3881,2071.8847,172.846,24
3146,2322.8583,113.99990000000001,136.9736,2071.8848000000003,172.8274,24
2948,2322.8373,113.99990000000001,136.9527,2071.8847,172.8258,24
2947,2322.8373,113.99990000000001,136.9527,2071.8847,172.8258,24
3147,2322.8373,113.99990000000001,136.9527,2071.8847,172.8258,24
3148,2322.8373,113.99990000000001,136.9527,2071.8847,172.8258,24
3048,2322.8373,113.99990000000001,136.9527,2071.8847,172.8258,24
3047,2322.8373,113.99990000000001,136.9527,2071.8847,172.8258,24
3046,2322.8373,113.99990000000001,136.9527,2071.8847,172.8258,24
7009,2321.0098,162.4,147.4545,2011.1553000000001,188.8889,24
2847,2319.3169,113.99990000000001,140.0839,2065.2331,173.82389999999998,24
4809,2319.3161,115.1571,74.9333,2129.2257,129.7439,24
3888,2318.1182,184.7458,188.173,1945.1994,162.09369999999998,24
7088,2317.2886,175.674,158.3505,1983.2640999999999,144.9683,24
2275,2315.7431,127.0703,84.5265,2104.1463,125.8628,24
4290,2314.9019,199.9965,127.0524,1987.853,131.797,24
4510,2314.0697,111.9004,73.7577,2128.4116,129.2441,24
9911,2313.5566,167.9014,113.4967,2032.1585,178.78329999999997,24
561,2309.5968,184.6791,194.3562,1930.5615,143.8425,24
2134,2309.5786000000003,161.0388,116.9166,2031.6232,226.8255,24
8526,2308.8257,214.7799,136.7573,1957.2884999999999,128.15480000000002,24
2848,2307.3473,113.1758,142.7455,2051.426,172.6082,24
6507,2306.9206,230.476,234.3835,1842.0611,156.0327,24
2071,2304.0301,142.1751,114.3366,2047.5184,127.0786,24
1671,2302.2239,167.4952,160.5952,1974.1335,141.94150000000002,24
1972,2302.2007,146.9024,124.5083,2030.79,129.67059999999998,24
8680,2300.8429,205.81719999999999,148.9841,1946.0416,193.93130000000002,24
4594,2300.3631,244.3491,140.0315,1915.9824999999998,128.7906,24
4596,2298.4138000000003,171.6773,93.4964,2033.2401,126.28020000000001,24
1579,2294.584,108.0777,92.0834,2094.4229,192.99220000000003,24
1484,2294.2861,112.8942,115.0527,2066.3392,173.0224,24
6302,2292.2263,205.6671,165.1244,1921.4348,134.517,24
1572,2291.9525,140.4135,141.2517,2010.2873,174.7894,24
1371,2291.6327,128.7861,125.3577,2037.4889,199.2712,24
4089,2291.4357,160.8071,140.7569,1989.8717,145.39960000000002,24
814,2286.1731999999997,126.2054,87.0221,2072.9456999999998,138.3915,24
2880,2285.4364,189.7781,160.4052,1935.2531,154.2117,24
1575,2284.5863,103.5069,89.8929,2091.1865,183.83050000000003,24
1474,2282.4894,123.5617,131.8785,2027.0492,201.04700000000003,24
6422,2279.6499,130.1195,108.0526,2041.4778000000001,143.4449,24
2208,2278.5051,140.1286,95.0093,2043.3672,139.91850000000002,24
6629,2277.493,198.0581,258.4125,1821.0224,158.684,24
1970,2276.6675,164.4239,161.871,1950.3726,142.27179999999998,24
1870,2276.1632,164.3929,161.8303,1949.94,142.2498,24
1782,2273.4293,143.0342,125.352,2005.0430999999999,182.8568,24
1640,2273.3592,85.9362,172.8624,2014.5606,199.6314,24
9332,2271.2058,138.9316,104.1964,2028.0778,162.9465,24
4385,2269.6057,267.663,214.2498,1787.6929,171.611,24
1574,2262.2825,116.4559,121.1308,2024.6958,190.70869999999996,24
4708,2261.0299,113.0474,74.092,2073.8905,125.8964,24
6038,2259.1124,324.6951,267.6755,1666.7418,184.3899,24
3014,2258.8406999999997,167.6336,124.22139999999999,1966.9857,123.18430000000001,24
2234,2258.4989,150.5063,109.5638,1998.4288000000001,223.6498,24
2164,2258.2502,145.0469,167.4918,1945.7115,124.009,24
1976,2258.1291,180.3886,84.696,1993.0445,177.6928,24
7209,2257.5647,152.8331,141.5905,1963.1411,183.99110000000002,24
1770,2255.8853,163.1665,160.2059,1932.5129,141.3567,24
1287,2254.7606,159.9551,161.7772,1933.0283,243.8095,24
7110,2252.6956,152.5265,141.3424,1958.8267,184.0823,24
7109,2252.6956,152.5265,141.3424,1958.8267,184.0823,24
2070,2251.2662,157.2808,148.8707,1945.1147,136.6966,24
171,2250.8481,139.1189,108.42320000000001,2003.306,141.688,24
1263,2248.983,253.4142,257.0908,1738.478,150.2444,24
2067,2247.2372,162.2125,159.3731,1925.6516000000001,139.84879999999998,24
6889,2247.0134,206.0586,171.415,1869.5398,118.7755,24
8579,2246.4554,207.7885,147.56,1891.1069,192.9593,24
6591,2244.8208,147.1555,125.9114,1971.7539000000002,234.5077,24
3989,2242.0942,154.0889,141.9212,1946.0841,125.1678,24
4595,2241.0176,155.97129999999999,89.0331,1996.0132,124.126,24
781,2240.698,45.6178,49.8167,2145.2635,136.4717,24
6521,2240.3972,106.6518,89.7257,2044.0196999999998,171.2276,24
1642,2237.2084,69.113,165.4591,2002.6363,205.5145,24
1868,2235.441,161.9289,158.5683,1914.9438,140.4565,24
1968,2235.441,161.9289,158.5683,1914.9438,140.4565,24
1967,2235.441,161.9289,158.5683,1914.9438,140.4565,24
1869,2235.441,161.9289,158.5683,1914.9438,140.4565,24
2068,2235.441,161.9289,158.5683,1914.9438,140.4565,24
1969,2235.441,161.9289,158.5683,1914.9438,140.4565,24
1767,2234.9478,161.6559,158.4581,1914.8337999999999,140.3927,24
1867,2234.1832,161.2329,158.2875,1914.6628,140.2937,24
1667,2234.1632,161.9305,158.2955,1913.9371999999998,140.32549999999998,24
1769,2233.6902,160.96,158.1775,1914.5527,140.2299,24
5841,2232.3056,347.587,296.727,1587.9916,145.7512,24
1768,2231.5641,161.5545,158.3471,1911.6625,140.19799999999998,24
7314,2229.5171,97.6153,89.1656,2042.7362,187.92039999999997,24
2069,2229.3963,161.2991,157.5656,1910.5316,139.9797,24
8400,2228.9365,125.196,111.461,1992.2794999999999,266.7883,24
167,2228.9199,130.63150000000002,98.4185,1999.8699000000001,153.5456,24
2404,2228.2468,123.0302,81.964,2023.2525999999998,135.6431,24
3413,2227.2026,176.9985,174.8149,1875.3892,122.6852,24
174,2225.2198000000003,121.4759,86.0575,2017.6864,155.68490000000003,24
9614,2224.728,224.5606,166.8855,1833.2819,125.4616,24
782,2224.4473,45.3638,49.4925,2129.591,134.02530000000002,24
4689,2224.3748,368.6157,138.9768,1716.7823,150.2932,24
4118,2223.766,115.798,101.5103,2006.4577,124.97930000000001,24
272,2223.0084,123.3044,87.5996,2012.1044,155.96390000000002,24
2511,2220.2738,223.4026,115.86840000000001,1881.0028,139.4825,24
2773,2220.2527,125.5785,91.1565,2003.5176999999999,145.4518,24
4494,2219.3146,157.1046,91.3876,1970.8224,125.84049999999999,24
67,2217.9163,170.53889999999998,146.5139,1900.8635,151.9484,24
2780,2216.7143,185.16240000000002,158.5503,1873.0016,151.9516,24
4189,2216.5299,153.0588,134.6405,1928.8306,142.1318,24
7631,2215.3768,174.9241,146.5225,1893.9302,260.83480000000003,24
5000,2215.1107,187.2003,97.8681,1930.0423,122.8087,24
337,2213.005,116.0973,66.6289,2030.2788,194.31789999999998,24
4414,2211.2483,107.57639999999999,78.8515,2024.8204,123.65629999999999,24
2518,2211.1081,175.256,123.56139999999999,1912.2907,137.34609999999998,24
267,2209.7014,130.2283,95.2009,1984.2722,149.0688,24
7011,2209.6199,150.5137,139.879,1919.2272,179.68830000000003,24
2014,2207.7011,154.0287,110.0692,1943.6032,133.8768,24
1261,2207.3822,264.9721,268.1239,1674.2862,127.6732,24
239,2207.062,161.1832,82.5526,1963.3262,206.1626,24
2462,2205.0591,149.2709,137.8159,1917.9723,143.1719,24
373,2204.1905,119.648,84.5908,1999.9517,154.5937,24
78,2204.0988,119.79690000000001,84.283,2000.0189,154.59560000000002,24
76,2204.0988,119.79690000000001,84.283,2000.0189,154.59560000000002,24
77,2204.0988,119.79690000000001,84.283,2000.0189,154.59560000000002,24
178,2204.0988,119.79690000000001,84.283,2000.0189,154.59560000000002,24
176,2204.0988,119.79690000000001,84.283,2000.0189,154.59560000000002,24
177,2204.0988,119.79690000000001,84.283,2000.0189,154.59560000000002,24
378,2204.0988,119.79690000000001,84.283,2000.0189,154.59560000000002,24
274,2204.0988,119.79690000000001,84.283,2000.0189,154.59560000000002,24
279,2204.0988,119.79690000000001,84.283,2000.0189,154.59560000000002,24
79,2204.0988,119.79690000000001,84.283,2000.0189,154.59560000000002,24
179,2204.0988,119.79690000000001,84.283,2000.0189,154.59560000000002,24
278,2204.0988,119.79690000000001,84.283,2000.0189,154.59560000000002,24
275,2204.0988,119.79690000000001,84.283,2000.0189,154.59560000000002,24
276,2204.0988,119.79690000000001,84.283,2000.0189,154.59560000000002,24
75,2204.0988,119.79690000000001,84.283,2000.0189,154.59560000000002,24
175,2204.0988,119.79690000000001,84.283,2000.0189,154.59560000000002,24
375,2204.0988,119.79690000000001,84.283,2000.0189,154.59560000000002,24
374,2204.0988,119.79690000000001,84.283,2000.0189,154.59560000000002,24
273,2204.0972,119.79610000000001,84.2825,2000.0186,154.59560000000002,24
376,2203.9665,119.7283,84.2504,1999.9878,154.58520000000001,24
74,2203.1113,119.2848,84.0393,1999.7872000000002,154.5164,24
173,2202.7522,119.0986,83.9504,1999.7032000000002,154.48770000000002,24
172,2201.8593,118.6356,83.7302,1999.4935,154.416,24
4090,2199.8522,150.802,138.38660000000002,1910.6636,123.03190000000001,24
4484,2199.7463,238.6595,190.7961,1770.2907,139.65979999999996,24
4091,2199.253,168.9738,132.7365,1897.5427,124.9845,24
5483,2196.6672,117.3895,98.9996,1980.2781,169.09139999999996,24
7116,2195.5294,68.4389,72.934,2054.1565,161.75300000000001,24
4509,2194.0742,108.7594,72.2881,2013.0267,123.49629999999999,24
73,2193.8823,118.22999999999999,83.5606,1992.0917,153.4704,24
2823,2193.3958,189.6318,146.786,1856.978,202.62490000000003,24
883,2192.4907,45.9652,50.1702,2096.3553,128.7153,24
564,2191.4061,200.7612,265.8415,1724.8034,148.19989999999999,24
1736,2186.3779,115.346,77.9632,1993.0687,159.4128,24
379,2186.1656000000003,118.8739,83.9938,1983.2979,153.0892,24
1478,2185.8351,102.6771,86.0737,1997.0843,187.7518,24
2411,2185.5469,199.7022,107.5198,1878.3249,136.9198,24
6406,2185.3631,222.4883,220.45469999999997,1742.4201,144.0958,24
8580,2184.6528,204.5401,145.3226,1834.7901,189.4403,24
7330,2183.8199,230.233,167.7996,1785.7873,236.3378,24
2381,2182.9532,156.1108,138.1709,1888.6715,173.10170000000002,24
4310,2182.2113,114.4361,77.8343,1989.9409,122.1384,24
7630,2181.929,167.2503,144.1923,1870.4864,261.778,24
7200,2181.9162,146.3791,126.91159999999999,1908.6255,122.74249999999999,24
277,2177.3828,118.6101,83.5459,1975.2268000000001,152.69570000000002,24
2579,2175.1563,194.8722,167.3475,1812.9366,166.5699,24
5213,2173.759,159.3,119.5515,1894.9075,263.6011,24
3062,2172.2406,233.0095,155.0555,1784.1756,127.81899999999999,24
4314,2171.7225,105.8907,83.2963,1982.5355,121.0968,24
2510,2171.3191,212.4597,109.8098,1849.0496,136.3247,24
242,2170.5707,174.80870000000002,128.2058,1867.5562,223.3801,24
4692,2170.1266,375.2347,125.4714,1669.4205,284.4405,24
3246,2169.7262,104.8641,139.6065,1925.2556,152.5038,24
566,2166.296,187.6185,165.86849999999998,1812.809,155.57850000000002,24
6205,2164.8988,221.0769,218.1604,1725.6615,142.1187,24
4285,2163.0879,203.8628,185.19389999999999,1774.0312,202.99879999999996,24
5937,2162.2672000000002,281.9208,137.0588,1743.2876,168.7127,24
1668,2160.8445,156.8576,154.2071,1849.7798,135.5437,24
7010,2158.694,149.0351,137.3559,1872.303,175.2936,24
1766,2153.6488,155.4702,151.1355,1847.0431,134.6834,24
1966,2153.6488,155.4702,151.1355,1847.0431,134.6834,24
1866,2153.6488,155.4702,151.1355,1847.0431,134.6834,24
2710,2152.4959,219.3029,114.465,1818.728,134.8363,24
1666,2151.1633,156.01420000000002,150.1722,1844.9769000000001,134.2838,24
3045,2149.7934,103.7406,132.7178,1913.335,154.5488,24
2015,2148.7511,155.6601,107.7028,1885.3882,128.5214,24
1874,2148.7455,128.8804,103.2595,1916.6056,139.829,24
7015,2143.5413,75.4923,71.1612,1996.8878,172.51940000000002,24
471,2142.7448,179.4679,158.9033,1804.3736000000001,136.6214,24
2809,2142.3437,217.6876,115.3021,1809.354,133.2797,24
8328,2141.4045,167.7187,107.9691,1865.7167,125.6237,24
3821,2139.9354,231.1695,240.3681,1668.3978,131.26659999999998,24
7212,2137.753,161.1808,146.5351,1830.0371,158.07330000000002,24
2906,2135.8035999999997,186.8144,108.39020000000001,1840.599,127.2693,24
3920,2134.3819,229.0803,238.3287,1666.9729,130.5584,24
4810,2134.2342,108.0803,70.4731,1955.6807999999999,118.37749999999998,24
7118,2131.4008,184.559,188.6235,1758.2183,155.4806,24
194,2130.7869,77.6859,76.3303,1976.7707,205.0197,24
367,2129.9376,164.302,120.7264,1844.9092,140.4794,24
1473,2126.6693,114.9222,119.502,1892.2450999999999,192.6034,24
6825,2126.6025999999997,201.176,161.3906,1764.036,186.2121,24
2035,2126.2933,116.8333,86.516,1922.944,196.50889999999998,24
2703,2125.8271,115.3709,77.3868,1933.0694,129.839,24
1873,2125.4289,140.5909,121.0341,1863.8038999999999,123.939,24
6924,2123.9605,191.059,159.1463,1773.7551999999998,218.56359999999998,24
5840,2121.9035,276.4977,183.6557,1661.7501,132.3947,24
2267,2121.4896,132.8679,144.2449,1844.3768,117.5027,24
762,2120.6347,214.7237,261.4713,1644.4397,130.6438,24
2944,2118.9031,102.5331,143.7682,1872.6018,118.2576,24
3990,2110.2329,138.0375,137.4538,1834.7416,122.27170000000001,24
1987,2109.7277,119.8694,100.1808,1889.6775,138.1578,24
1986,2109.7277,119.8694,100.1808,1889.6775,138.1578,24
2086,2109.7277,119.8694,100.1808,1889.6775,138.1578,24
2087,2109.7277,119.8694,100.1808,1889.6775,138.1578,24
1814,2109.3847,148.9176,108.1994,1852.2676999999999,128.2211,24
461,2107.2851,175.6279,172.5584,1759.0988,120.4051,24
1372,2102.754,117.893,118.1839,1866.6771,191.0244,24
65,2102.6578,175.6529,151.5742,1775.4307,142.8166,24
8864,2102.3496,209.8576,156.9862,1735.5058,159.8536,24
66,2101.0001,174.2149,150.1618,1776.6234,144.7496,24
1472,2099.7345,114.2105,117.4686,1868.0554,191.0923,24
5098,2099.5217,133.6045,84.4881,1881.4291,175.1694,24
4693,2098.9171,359.3624,118.4586,1621.0961,273.9079,24
9927,2098.8982,187.9658,143.75379999999998,1767.1786,133.54899999999998,24
3493,2098.7505,134.2343,138.8089,1825.7073,122.98400000000001,24
4409,2094.826,102.5027,73.1205,1919.2028,115.21340000000001,24
3513,2092.5655,146.1704,143.3885,1803.0066,119.9835,24
882,2091.9391,50.044200000000004,52.4895,1989.4053999999999,133.3804,24
2676,2090.9612,118.0453,91.53490000000001,1881.381,129.1454,24
2650,2088.5634,93.0376,147.192,1848.3337999999999,123.45960000000001,24
1373,2088.073,114.0519,115.9006,1858.1205,190.21450000000002,24
7825,2081.5657,304.1057,322.57320000000004,1454.8868,199.9014,24
7214,2080.467,107.8103,98.9736,1873.6831,177.13119999999998,24
3890,2079.2279,133.6876,137.8429,1807.6974,122.0249,24
3993,2077.3519,155.3081,93.4777,1828.5661,113.06830000000001,24
4390,2076.9998,180.4396,121.12,1775.4402,120.5902,24
1382,2075.7499000000003,56.2243,61.8301,1957.6955,127.24310000000001,24
1262,2075.5109,256.3563,262.7247,1556.4299,123.15270000000001,24
1383,2073.4620999999997,79.2891,88.8653,1905.3077,118.5367,24
1272,2070.2578,111.99940000000001,112.3802,1845.8781999999999,188.5404,24
7114,2069.8416,108.5375,99.6722,1861.6319,176.36180000000002,24
55,2068.1525,111.4298,100.0378,1856.6849,111.78289999999998,24
56,2067.5184,108.5727,84.4648,1874.4809,116.60520000000001,24
4514,2064.6693,103.2847,74.3968,1886.9878,117.7205,24
5792,2064.3774,194.9196,167.9545,1701.5033,151.6116,24
5842,2064.0831,274.7463,257.9268,1531.41,122.4565,24
2108,2064.0061,136.9555,95.3882,1831.6624,126.6521,24
7014,2063.4667,108.0477,99.259,1856.16,176.2244,24
460,2062.7958,166.6443,182.2843,1713.8672,119.2486,24
54,2062.4675,133.3256,109.431,1819.7109,113.87190000000001,24
3025,2061.6501,321.89639999999997,318.5292,1421.2245,191.3601,24
2121,2059.2677,153.2345,119.7123,1786.3209,126.0833,24
474,2057.3899,111.8203,80.9503,1864.6193,139.3828,24
4807,2056.649,96.2222,63.813199999999995,1896.6136000000001,117.14940000000001,24
9915,2054.4881,194.7466,145.47439999999997,1714.2671,116.8012,24
465,2053.797,177.6516,190.6002,1685.5452,128.35950000000003,24
960,2052.4504,179.8769,195.1128,1677.4607,131.0002,24
3491,2052.2128000000002,131.4233,137.1755,1783.614,120.25450000000001,24
3690,2052.2128000000002,131.4233,137.1755,1783.614,120.25450000000001,24
3593,2052.2128000000002,131.4233,137.1755,1783.614,120.25450000000001,24
3691,2052.2128000000002,131.4233,137.1755,1783.614,120.25450000000001,24
3590,2052.2128000000002,131.4233,137.1755,1783.614,120.25450000000001,24
3492,2052.2128000000002,131.4233,137.1755,1783.614,120.25450000000001,24
3791,2052.2128000000002,131.4233,137.1755,1783.614,120.25450000000001,24
3790,2052.2128000000002,131.4233,137.1755,1783.614,120.25450000000001,24
2811,2052.1499,207.6912,115.7371,1728.7216,120.93109999999999,24
3591,2052.0567,131.3881,137.0971,1783.5715,120.2472,24
3592,2051.2798000000003,131.2108,136.7077,1783.3613,120.21130000000001,24
8679,2051.1131,201.4097,139.9887,1709.7147,182.5187,24
3692,2050.1843,130.9613,136.1578,1783.0652,120.1606,24
1442,2048.2382,98.6539,130.07729999999998,1819.507,139.75369999999998,24
3693,2043.885,130.362,135.70770000000002,1777.8153,119.865,24
4887,2041.5906,179.4483,148.2829,1713.8594,121.9208,24
2412,2040.9193,199.8084,104.15950000000001,1736.9514,127.7978,24
8500,2040.7187,119.4756,108.90950000000001,1812.3336,264.78520000000003,24
8600,2040.2437,119.2945,108.79169999999999,1812.1575,264.7491,24
6192,2039.3568,231.317,169.3699,1638.6698999999999,126.0874,24
467,2038.575,197.6574,147.2765,1693.6411,152.9928,24
1680,2037.6092999999998,100.84100000000001,93.888,1842.8803,165.80519999999999,24
896,2037.4747,259.0396,227.2261,1551.209,186.74239999999998,24
4909,2037.0892000000001,98.7339,64.7926,1873.5627,115.297,24
1374,2036.1206,107.9255,105.7656,1822.4295,185.93079999999998,24
1490,2034.0033,279.41949999999997,243.421,1511.1628,130.19060000000002,24
5621,2033.4464,186.1234,121.96340000000001,1725.3596,139.5839,24
2662,2030.5396,190.656,153.581,1686.3026,127.61070000000001,24
4490,2027.4176,273.7582,121.03529999999999,1632.6241,128.51690000000002,24
9938,2027.1069,103.9004,59.6982,1863.5083,136.3998,24
6718,2023.0289,97.5723,83.8557,1841.6009000000001,177.4856,24
6222,2021.5422,122.0651,101.3746,1798.1025,130.0745,24
1740,2021.2432,85.6709,115.4033,1820.1689999999999,151.51139999999998,24
6621,2019.3787,99.4183,80.8086,1839.1517999999999,165.89569999999998,24
5087,2018.1983,144.5158,145.8458,1727.8367,162.7156,24
466,2015.972,190.1564,138.6773,1687.1383,146.4502,24
9305,2012.8336,205.9432,146.9303,1659.9601,116.23400000000001,24
4610,2009.7715,104.2337,70.1622,1835.3756,117.9657,24
400,2008.0627,79.1857,73.5885,1855.2885,179.7225,24
4592,2007.8368,313.218,111.86410000000001,1582.7547,222.2168,24
3891,2007.1143,129.189,133.5627,1744.3626,117.0786,24
3988,2006.9233,161.0471,154.5336,1691.3426,126.1158,24
459,2006.8002999999999,145.0328,160.4432,1701.3243,114.27619999999999,24
3721,2006.7277,205.9464,216.7253,1584.056,120.5042,24
1376,2006.017,86.5738,77.8667,1841.5765000000001,153.06080000000003,24
9308,2005.625,220.3733,154.73930000000001,1630.5123999999998,130.0369,24
7201,2005.4541,157.95420000000001,134.0169,1713.483,127.41760000000001,24
2034,2003.3845000000001,139.0143,100.9068,1763.4634,185.4959,24
2712,2002.5849,199.8268,109.7287,1693.0294,117.15140000000002,24
4788,2002.2026,175.69819999999999,145.0439,1681.4605,119.42060000000001,24
712,2001.9562999999998,150.3826,126.3686,1725.2051,128.88660000000002,24
1464,2001.8505,159.22320000000002,149.0644,1693.5629000000001,121.6618,24
2610,1998.6004,193.8152,99.1232,1705.662,125.51999999999998,24
9404,1998.2075,243.9606,176.0007,1578.2462,117.99060000000001,24
2077,1997.3309,246.2987,83.947,1667.0852,135.0238,24
3893,1995.7903,144.0822,103.307,1748.4011,108.887,24
5430,1995.611,273.221,157.1801,1565.2099,114.93570000000001,24
1538,1994.7344,87.8749,84.04899999999999,1822.8105,149.0276,24
8778,1993.9306,256.7328,176.6954,1560.5024,172.9946,24
4613,1991.9688,103.7942,69.5661,1818.6085,117.4452,24
7002,1990.7812000000001,227.54,189.1045,1574.1367,148.113,24
1898,1990.65,157.43970000000002,119.52040000000001,1713.6899,136.0624,24
4492,1990.2413,210.0042,107.9575,1672.2796,123.6666,24
52,1985.4002,132.2211,106.6289,1746.5502,109.2187,24
2319,1981.808,157.7416,111.5285,1712.5379,123.4592,24
180,1977.996,109.5082,82.7101,1785.7777,128.7368,24
2512,1976.7350000000001,210.01000000000002,109.8365,1656.8885,123.8303,24
1395,1975.9919,161.0594,101.3681,1713.5644,116.6256,24
5889,1970.9503,232.3885,192.2842,1546.2776000000001,116.24440000000001,24
570,1969.1491,180.4348,151.2955,1637.4188,129.1126,24
2810,1969.0542,209.67499999999998,110.8624,1648.5167999999999,122.51750000000001,24
468,1966.0283,152.2758,136.5551,1677.1974,131.9575,24
783,1964.4760999999999,39.2046,45.512,1879.7595,100.90490000000001,24
667,1964.1345,165.0671,153.4159,1645.6515,135.7386,24
6824,1963.4989,180.9375,151.4307,1631.1307,213.42249999999999,24
6106,1962.03,195.3118,191.1968,1575.5214,123.8981,24
475,1961.9378000000002,107.33500000000001,80.3821,1774.2207,134.2551,24
1475,1961.0221999999999,84.0729,86.6177,1790.3316,173.5292,24
1816,1960.7376,140.8627,104.88680000000001,1714.9881,120.2204,24
3792,1959.6977,127.4355,131.1715,1701.0907,113.6588,24
1460,1958.7318,129.9671,144.4198,1684.3449,139.7991,24
464,1956.3646999999999,167.407,215.5896,1573.3681,124.6972,24
7527,1956.247,122.588,139.0055,1694.6535,236.0922,24
7528,1956.247,122.5937,139.00889999999998,1694.6444000000001,236.09109999999998,24
4712,1954.1174,102.2509,68.8295,1783.037,116.2089,24
72,1953.862,110.7801,85.1751,1757.9068,119.4919,24
344,1952.8169,146.8582,107.1822,1698.7765,209.26690000000002,24
2612,1952.6055000000001,208.2389,108.8935,1635.4731,122.2999,24
3409,1950.9707,139.8628,138.0044,1673.1035,108.2892,24
4017,1950.1263000000001,150.1638,154.4886,1645.4739,117.93280000000001,24
6823,1949.8365999999999,180.3379,151.347,1618.1517,211.18849999999998,24
3820,1949.7018,195.1477,206.6016,1547.9524999999999,118.9148,24
3619,1948.6261,194.9445,206.4113,1547.2703,118.8854,24
5284,1946.2939000000001,139.4502,93.8937,1712.95,313.73409999999996,24
3793,1944.8830999999998,121.2295,123.0479,1700.6056999999998,109.5547,24
6209,1944.0203000000001,137.1698,123.1883,1683.6622,111.7265,24
360,1939.1565,148.7423,142.1815,1648.2327,111.28829999999999,24
5701,1938.592,170.3503,135.2656,1632.9761,112.7706,24
1483,1934.8251,90.623,98.0037,1746.1984,123.8081,24
9812,1933.4071,154.5903,104.4526,1674.3642,145.60019999999997,24
9930,1933.2202,150.1818,120.07010000000001,1662.9683,122.90209999999999,24
2711,1931.7778,205.371,107.3265,1619.0803,120.88319999999999,24
2321,1931.0672,151.5446,125.2797,1654.2429,139.1658,24
9928,1930.3469,149.9603,119.93509999999999,1660.4515000000001,122.7439,24
9929,1930.3469,149.9603,119.93509999999999,1660.4515000000001,122.7439,24
2611,1929.5693,200.9649,102.5321,1626.0723,121.23140000000001,24
4088,1922.8383,153.48579999999998,142.7107,1626.6417999999999,133.66649999999998,24
53,1912.1416,122.2249,100.6859,1689.2308,105.08449999999999,24
51,1911.5040999999999,121.8189,100.2936,1689.3916,105.0409,24
6616,1909.7568,130.1084,108.6222,1671.0262,129.3843,24
2281,1902.5377,202.445,88.6884,1611.4043,184.87210000000002,24
2418,1902.2905,155.88150000000002,106.1041,1640.3049,111.6788,24
6814,1901.4006,146.4983,112.1768,1642.7255,129.8796,24
860,1900.7542,137.57750000000001,150.8174,1612.3593,119.92410000000001,24
3992,1900.4516,134.96,113.3018,1652.1898,109.5676,24
4117,1899.0248,95.271,87.1591,1716.5947,110.5008,24
2556,1898.3206,152.4168,123.9938,1621.91,126.9163,24
4516,1897.541,94.56,86.4284,1716.5526,110.3155,24
4718,1897.5402,94.5583,86.4316,1716.5502999999999,110.315,24
4216,1897.5402,94.5583,86.4316,1716.5502999999999,110.315,24
4315,1897.5402,94.5583,86.4316,1716.5502999999999,110.315,24
4617,1897.5402,94.5583,86.4316,1716.5502999999999,110.315,24
4317,1897.5402,94.5583,86.4316,1716.5502999999999,110.315,24
4719,1897.5402,94.5583,86.4316,1716.5502999999999,110.315,24
4316,1897.5402,94.5583,86.4316,1716.5502999999999,110.315,24
4416,1897.5402,94.5583,86.4316,1716.5502999999999,110.315,24
4417,1897.5402,94.5583,86.4316,1716.5502999999999,110.315,24
4618,1897.5402,94.5583,86.4316,1716.5502999999999,110.315,24
4517,1897.5402,94.5583,86.4316,1716.5502999999999,110.315,24
4518,1897.5402,94.5583,86.4316,1716.5502999999999,110.315,24
4217,1897.5402,94.5583,86.4316,1716.5502999999999,110.315,24
4415,1897.5402,94.5583,86.4316,1716.5502999999999,110.315,24
4619,1897.5402,94.5583,86.4316,1716.5502999999999,110.315,24
9538,1896.7978,116.7682,70.0139,1710.0157,117.40350000000001,24
9828,1896.353,147.98499999999999,116.1538,1632.2142,116.9517,24
567,1896.227,158.0285,132.2947,1605.9038,135.5715,24
763,1895.826,197.3492,251.45159999999998,1447.0252,110.06479999999999,24
5893,1895.765,150.936,89.4512,1655.3778,127.6913,24
668,1894.5072,153.0001,141.1213,1600.3858,130.40609999999998,24
5827,1893.8899000000001,281.9197,203.2355,1408.7347,113.2754,24
5828,1892.8178,281.7985,203.00639999999999,1408.0129,113.19909999999999,24
4616,1892.1209000000001,95.5303,84.1558,1712.4348,110.3965,24
6607,1891.2359,198.133,183.4285,1509.6743999999999,114.9755,24
6105,1890.9076,190.282,183.0212,1517.6044,116.998,24
4515,1890.3637,96.23140000000001,82.74810000000001,1711.3842,110.5091,24
2163,1889.2939000000001,123.8609,121.4463,1643.9867,114.2068,24
5823,1887.6970999999999,113.8082,88.14699999999999,1685.7419,225.41769999999997,24
4211,1886.965,100.8326,80.51050000000001,1705.6219,101.58760000000001,24
9411,1886.5657999999999,210.1575,140.3447,1536.0636,138.9091,24
4717,1886.3577,94.625,85.0939,1706.6388,110.0509,24
5890,1886.2759,237.9765,203.8411,1444.4583,113.03000000000002,24
2168,1885.9868999999999,129.2037,121.03970000000001,1635.7435,108.98509999999999,24
5891,1882.4895999999999,237.5168,203.4611,1441.5117,112.8063,24
2012,1881.3062,145.31640000000002,105.4563,1630.5335,115.01689999999999,24
2010,1881.3062,145.31640000000002,105.4563,1630.5335,115.01689999999999,24
2110,1881.3062,145.31640000000002,105.4563,1630.5335,115.01689999999999,24
1912,1881.3062,145.31640000000002,105.4563,1630.5335,115.01689999999999,24
2212,1881.3062,145.31640000000002,105.4563,1630.5335,115.01689999999999,24
7628,1881.2347,119.0245,134.9663,1627.2439,219.63210000000004,24
6499,1881.0676,89.7386,91.11019999999999,1700.2188,140.9282,24
7428,1879.1332,123.5018,136.175,1619.4564,242.41830000000002,24
2013,1878.7122,145.1437,105.35849999999999,1628.21,114.8532,24
9830,1877.9725,120.9524,93.8657,1663.1544,119.95080000000002,24
4493,1877.83,187.3294,96.2843,1594.2163,112.71669999999999,24
1360,1877.7624,115.3903,164.9884,1597.3837,134.2735,24
9931,1876.6871999999998,133.3276,105.6582,1637.7014,119.8865,24
5116,1876.563,164.4158,109.13119999999999,1603.016,126.407,24
6803,1876.338,222.83419999999998,186.2295,1467.2743,139.8847,24
6804,1876.338,222.83419999999998,186.2295,1467.2743,139.8847,24
6903,1876.338,222.83419999999998,186.2295,1467.2743,139.8847,24
6703,1875.9197000000001,222.7826,186.1904,1466.9467,139.83780000000002,24
6902,1875.7404,222.83419999999998,186.2295,1466.6767,139.7972,24
3521,1874.4672,178.8476,191.6522,1503.9674,117.14710000000001,24
5722,1873.5625,195.5095,128.33679999999998,1549.7162,175.5615,24
1537,1872.3351,91.6103,75.9343,1704.7905,138.4201,24
6035,1871.8519,310.1295,237.8101,1323.9123,119.587,24
2112,1871.515,143.30720000000002,103.8311,1624.3767,114.468,24
2398,1870.4671,174.9754,134.4185,1561.0732,102.12870000000001,24
9829,1868.2662,140.9944,111.1185,1616.1533,118.9701,24
5727,1868.2579,278.50169999999997,196.1577,1393.5985,111.2105,24
2111,1868.2312,142.6334,103.2864,1622.3114,114.28370000000001,24
3712,1867.3291,138.7851,144.6302,1583.9138,112.97279999999999,24
4116,1866.7634,100.5742,98.11749999999999,1668.0717,105.0814,24
4087,1865.7767,149.3318,139.2012,1577.2437,131.468,24
6599,1864.8944,92.4011,94.8663,1677.627,140.2199,24
5928,1864.3533,277.9369,198.8474,1387.569,111.2923,24
6333,1864.1000000000001,385.6622,280.4395,1197.9983,141.6952,24
2211,1863.7045,141.7048,102.535,1619.4647,114.0299,24
3621,1858.9004,177.9552,190.4872,1490.458,116.4349,24
361,1858.4047,129.4883,119.75150000000001,1609.1649,106.4847,24
3720,1858.1591,177.8143,190.3551,1489.9897,116.41460000000001,24
2271,1857.971,112.8848,85.4433,1659.6429,110.04310000000001,24
3719,1857.8426,177.7546,190.2988,1489.7892,116.4058,24
3520,1857.8426,177.7546,190.2988,1489.7892,116.4058,24
3620,1857.8426,177.7546,190.2988,1489.7892,116.4058,24
3819,1857.8426,177.7546,190.2988,1489.7892,116.4058,24
2009,1857.8425,141.8238,102.5633,1613.4553999999998,113.637,24
70,1857.7649000000001,123.1143,104.5514,1630.0992,103.8123,24
6802,1856.8478,220.3355,184.263,1452.2493,138.2285,24
2162,1856.6371,131.2468,122.7602,1602.6301,118.533,24
6704,1856.4225000000001,218.5515,183.0122,1454.8588,136.4344,24
6211,1852.042,180.8525,163.9418,1507.2477,105.4178,24
3892,1851.5426,122.1429,122.662,1606.7377000000001,106.03370000000001,24
2011,1851.4495,139.1902,100.5012,1611.7581,113.3426,24
1781,1850.9478,91.5,91.5603,1667.8875,128.691,24
1645,1850.5045,85.1965,130.004,1635.304,131.6919,24
58,1846.0509,122.3897,107.20270000000001,1616.4585,106.2583,24
6590,1844.837,97.5387,82.7537,1664.5446,196.85460000000003,24
80,1837.9863,100.957,78.3852,1658.6441000000002,123.84370000000001,24
2109,1837.9486,136.4194,98.2606,1603.2685999999999,112.5855,24
584,1837.4434,37.3144,44.3791,1755.7499,90.25019999999999,24
2312,1837.2146,139.3488,100.688,1597.1778,112.21320000000001,24
1096,1836.0588,205.6162,181.39290000000003,1449.0497,198.81189999999998,24
6930,1835.1028000000001,294.7425,433.5258,1106.8345,116.7404,24
2772,1833.7693,116.9141,84.218,1632.6372000000001,106.72,24
683,1830.0208,34.6636,41.3722,1753.9850000000001,89.1112,24
2410,1826.8044,158.42589999999998,98.226,1570.1525,113.10979999999999,24
859,1826.3359,137.634,153.2334,1535.4685,119.3418,24
4709,1826.0832,98.0895,66.776,1661.2177000000001,112.2347,24
4215,1825.0299,99.1871,97.9298,1627.913,101.806,24
6931,1824.4729,294.1887,433.2761,1097.0081,116.11330000000001,24
6830,1824.4196,294.1887,433.2223,1097.0086000000001,116.1104,24
4694,1824.0993,182.9995,85.3052,1555.7946,123.0754,24
479,1822.8381,100.1773,78.1411,1644.5197,122.5712,24
2409,1821.4234000000001,135.8209,96.8049,1588.7976,111.6988,24
1959,1818.1832,148.9446,167.2694,1501.9692,132.3682,24
6500,1818.0974,94.4175,90.7724,1632.9075,134.4444,24
6831,1817.7665,312.02139999999997,442.87579999999997,1062.8693,117.83959999999999,24
1273,1817.1644999999999,89.9221,77.2872,1649.9551999999999,170.33389999999997,24
2617,1817.0515,150.5339,101.285,1565.2326,105.9257,24
1072,1816.8733,98.4328,73.3117,1645.1288,150.76409999999998,24
1911,1816.3617,140.7523,101.3211,1574.2883,110.9496,24
1375,1813.186,85.0275,74.5851,1653.5734,169.82729999999998,24
6104,1812.5638999999999,176.5688,150.4464,1485.5487,101.80019999999999,24
5101,1811.2404,161.0825,125.75800000000001,1524.3999,111.4221,24
2422,1809.2667999999999,140.4158,117.837,1551.014,132.5179,24
7012,1808.9654,144.4236,135.96269999999998,1528.5791,168.828,24
473,1808.954,99.7531,77.8936,1631.3073,121.148,24
4886,1808.5075,156.0691,120.68860000000001,1531.7498,109.8347,24
2961,1807.088,154.4197,138.2465,1514.4218,107.7153,24
569,1806.5727,133.7981,119.9054,1552.8692,122.84509999999999,24
57,1806.3184999999999,92.6003,78.566,1635.1522,107.12100000000001,24
5712,1805.076,139.1343,104.0878,1561.8539,99.3982,24
2106,1803.9706999999999,107.53020000000001,69.358,1627.0825,106.9674,24
476,1803.6468,99.1811,77.8276,1626.6381000000001,120.9594,24
2414,1803.3475,143.9289,95.0831,1564.3355000000001,105.55270000000002,24
2218,1803.1118999999999,149.5823,100.3959,1553.1336999999999,105.3469,24
2113,1802.9672999999998,141.6122,103.8339,1557.5212,109.93669999999999,24
1173,1802.1236,90.5081,72.8221,1638.7934,167.20510000000002,24
2115,1801.7392,149.5736,100.4196,1551.746,105.29790000000001,24
2017,1801.7392,149.5736,100.4196,1551.746,105.29790000000001,24
2216,1801.7392,149.5736,100.4196,1551.746,105.29790000000001,24
2116,1801.7392,149.5736,100.4196,1551.746,105.29790000000001,24
2215,1801.7392,149.5736,100.4196,1551.746,105.29790000000001,24
2214,1801.7392,149.5736,100.4196,1551.746,105.29790000000001,24
2317,1801.7392,149.5736,100.4196,1551.746,105.29790000000001,24
2315,1801.7392,149.5736,100.4196,1551.746,105.29790000000001,24
2318,1801.7392,149.5736,100.4196,1551.746,105.29790000000001,24
2314,1801.7392,149.5736,100.4196,1551.746,105.29790000000001,24
2316,1801.7392,149.5736,100.4196,1551.746,105.29790000000001,24
2416,1801.7392,149.5736,100.4196,1551.746,105.29790000000001,24
2516,1801.4386,149.5117,100.37,1551.5569,105.2816,24
2210,1801.1107,128.8609,92.14659999999999,1580.1032,110.5199,24
6800,1800.3089,102.5307,80.5232,1617.255,122.70309999999999,24
2133,1799.9974,107.9111,78.38600000000001,1613.7003,159.2124,24
2417,1799.2954,149.0715,100.0144,1550.2095000000002,105.1643,24
2517,1798.9086,148.9928,99.9501,1549.9657,105.14309999999999,24
2513,1798.3938,157.2408,95.5179,1545.6351,106.1238,24
568,1796.9282,132.2455,120.1793,1544.5034,124.55909999999999,24
5989,1796.5971,206.0471,157.7249,1432.8251,106.78130000000002,24
900,1794.7152999999998,115.0665,100.72099999999999,1578.9278,166.828,24
5818,1794.6634,240.9577,154.2557,1399.45,112.46410000000002,24
158,1793.991,110.1335,110.1538,1573.7037,103.0219,24
2313,1793.9906,147.67849999999999,100.77300000000001,1545.5391,105.5738,24
1033,1793.2003,69.053,53.7398,1670.4075,156.578,24
2217,1792.9914,148.5479,99.5925,1544.851,104.80100000000002,24
2233,1792.8484,110.40289999999999,79.7448,1602.7006999999999,176.9025,24
5834,1791.6397,258.5618,167.9777,1365.1002,106.2081,24
1174,1791.4844,88.9285,71.637,1630.9189000000001,166.74970000000002,24
1172,1788.9504,85.4788,71.0756,1632.396,167.7449,24
5584,1786.1187,114.231,111.502,1560.3857,137.45100000000002,24
2616,1782.972,146.3324,97.3602,1539.2794000000001,104.3324,24
3919,1782.8568,176.57330000000002,188.9947,1417.2888,110.9214,24
2310,1780.8272,124.7702,88.7866,1567.2703999999999,109.3964,24
2912,1780.4714,155.86169999999998,104.61789999999999,1519.9918,105.88929999999999,24
484,1779.3339,34.3022,41.0389,1703.9928,86.0994,24
4018,1778.4545,147.3083,149.0948,1482.0514,105.9582,24
1389,1776.9297000000001,145.9496,146.4087,1484.5714,159.6207,24
59,1776.2767999999999,111.5685,93.0454,1571.6629,104.1021,24
2433,1775.6742,128.6041,91.0894,1555.9807,210.88469999999998,24
2909,1775.0384000000001,177.8092,102.9893,1494.2399,105.7185,24
5601,1774.2955,164.7227,131.4485,1478.1243,105.4956,24
5501,1774.2955,164.7227,131.4485,1478.1243,105.4956,24
5502,1774.2955,164.7227,131.4485,1478.1243,105.4956,24
5602,1774.2955,164.7227,131.4485,1478.1243,105.4956,24
5402,1774.2955,164.7227,131.4485,1478.1243,105.4956,24
71,1773.8093,114.0727,97.687,1562.0495999999998,98.93799999999999,24
2515,1772.9644,143.68880000000001,95.6459,1533.6297,103.72670000000001,24
5803,1772.7617,142.328,116.6333,1513.8004,103.4998,24
2311,1772.4952,123.1998,87.4164,1561.879,108.95649999999999,24
2213,1772.0734,142.4258,102.2362,1527.4114,106.48259999999999,24
2209,1770.6957,122.6204,87.0985,1560.9768000000001,108.8142,24
2119,1770.5873,146.888,98.8767,1524.8226,104.01400000000001,24
2018,1767.9077,147.5666,99.8482,1520.4929,103.56020000000001,24
8326,1767.1735999999999,112.8347,79.593,1574.7459,101.4334,24
2415,1765.9361,142.2268,94.4776,1529.2317,103.34049999999999,24
2118,1765.7993999999999,146.2275,98.2108,1521.3611,102.9648,24
462,1765.1833,158.138,164.5198,1442.5255,101.0735,24
2309,1764.8445,121.4199,86.1276,1557.297,108.48610000000001,24
2615,1764.3836000000001,139.4507,89.5777,1535.3552,102.6978,24
305,1763.9724,131.4248,95.1275,1537.4201,105.8682,24
6989,1762.7768,156.0327,140.5125,1466.2316,109.9296,24
2613,1762.6846,150.7641,89.6675,1522.253,104.2892,24
6107,1762.0323,178.6479,171.4869,1411.8975,117.04939999999999,24
7016,1758.8186,80.3426,79.0097,1599.4663,138.6079,24
385,1757.3215,38.5757,44.0288,1674.717,86.7017,24
9932,1756.9308,103.45219999999999,79.9843,1573.4943,112.3106,24
1391,1756.2658999999999,250.4407,227.7954,1278.0298,116.1138,24
7726,1755.9370000000001,177.1039,192.7036,1386.1295,152.7678,24
6913,1755.5943,146.3802,132.4191,1476.795,151.1707,24
304,1754.495,130.1284,94.07600000000001,1530.2906,105.4357,24
306,1752.2797,129.8472,93.853,1528.5795,105.3395,24
9601,1751.992,229.1563,164.72469999999998,1358.1109999999999,104.84709999999998,24
6900,1751.5203,96.3549,69.5416,1585.6238,119.1424,24
366,1750.8853000000001,115.3387,72.7082,1562.8384,140.8596,24
6111,1748.1143,163.7279,145.3274,1439.059,101.08940000000001,24
5728,1745.0163,265.1454,171.4693,1308.4016,102.6754,24
5397,1744.6958,156.4179,113.7606,1474.5173,125.4691,24
359,1743.8366,122.8671,121.2895,1499.68,101.3387,24
307,1743.3971999999999,128.8545,92.9388,1521.6039,104.9687,24
7122,1741.5785,173.0414,167.7365,1400.8006,114.737,24
6705,1740.7286,201.1336,169.5079,1370.0871,121.7213,24
1275,1740.6521,81.7611,65.968,1592.923,164.80190000000002,24
308,1740.4803,128.6485,92.65870000000001,1519.1731,104.8647,24
205,1739.8147000000001,128.1821,92.5134,1519.1192,104.77879999999999,24
203,1739.7341999999999,128.1715,92.5047,1519.058,104.77519999999998,24
9,1739.7185,128.1694,92.503,1519.0461,104.77449999999999,24
7,1739.7185,128.1694,92.503,1519.0461,104.77449999999999,24
109,1739.7185,128.1694,92.503,1519.0461,104.77449999999999,24
6,1739.7185,128.1694,92.503,1519.0461,104.77449999999999,24
8,1739.7185,128.1694,92.503,1519.0461,104.77449999999999,24
309,1739.7185,128.1694,92.503,1519.0461,104.77449999999999,24
108,1739.7185,128.1694,92.503,1519.0461,104.77449999999999,24
105,1739.7185,128.1694,92.503,1519.0461,104.77449999999999,24
209,1739.7185,128.1694,92.503,1519.0461,104.77449999999999,24
208,1739.7185,128.1694,92.503,1519.0461,104.77449999999999,24
204,1739.7185,128.1694,92.503,1519.0461,104.77449999999999,24
206,1739.7185,128.1694,92.503,1519.0461,104.77449999999999,24
207,1739.7185,128.1694,92.503,1519.0461,104.77449999999999,24
103,1739.7185,128.1694,92.503,1519.0461,104.77449999999999,24
107,1739.7185,128.1694,92.503,1519.0461,104.77449999999999,24
106,1739.7185,128.1694,92.503,1519.0461,104.77449999999999,24
3,1739.7185,128.1694,92.503,1519.0461,104.77449999999999,24
104,1739.7185,128.1694,92.503,1519.0461,104.77449999999999,24
6305,1738.2241999999999,190.8901,169.0895,1378.2446,101.1372,24
9736,1736.9053999999999,110.2973,75.5846,1551.0235,105.0325,24
358,1736.5249,95.2194,103.0848,1538.2206999999999,98.0805,24
1274,1736.3033,81.2153,65.6211,1589.4669000000001,164.48830000000004,24
6988,1735.5006,191.6925,213.9802,1329.8279,105.35159999999999,24
1175,1735.1345000000001,80.5615,65.3644,1589.2086,164.33810000000003,24
201,1734.0526,127.15990000000001,91.6129,1515.2798,104.43260000000001,24
2375,1733.6191,110.6806,75.40469999999999,1547.5338,106.1539,24
959,1732.7418,120.4479,131.8836,1480.4103,114.3982,24
1913,1731.5773,135.4564,97.5839,1498.537,105.7594,24
1196,1731.4274,175.8658,157.2572,1398.3044,187.0845,24
2,1730.0673000000002,126.3274,90.8794,1512.8605,104.2243,24
1390,1729.0243,246.1611,223.9346,1258.9286,114.8228,24
2114,1727.5934,143.4781,99.8027,1484.3126,102.11840000000001,24
4485,1727.2413999999999,167.0585,131.3316,1428.8513,101.9532,24
245,1726.8504,115.6045,103.1585,1508.0874000000001,193.1366,24
101,1726.2437,126.2959,91.0249,1508.9229,103.95160000000001,24
5201,1725.9482,160.9928,128.4027,1436.5527,102.627,24
6923,1725.9269,173.4275,154.7573,1397.7421,161.2302,24
1392,1724.8597,243.1907,221.4703,1260.1987,114.23819999999999,24
5826,1724.517,258.0691,189.7913,1276.6566,103.4893,24
166,1723.2899,106.6486,65.7536,1550.8877,142.63649999999998,24
1291,1723.1269,242.7909,221.121,1259.215,114.1349,24
6600,1721.4973,85.0195,85.0224,1551.4554,117.24969999999999,24
1,1720.997,124.5957,89.3531,1507.0482,103.7075,24
365,1720.825,106.3064,65.29310000000001,1549.2255,142.4544,24
266,1720.825,106.3064,65.29310000000001,1549.2255,142.4544,24
265,1720.825,106.3064,65.29310000000001,1549.2255,142.4544,24
2727,1720.7193,118.1963,94.5232,1507.9998,178.44379999999998,24
583,1719.2435,31.0021,36.9709,1651.2704999999999,84.7293,24
2904,1717.8525,108.0676,81.8376,1527.9473,94.4859,24
2861,1716.3158,149.15609999999998,120.2938,1446.8659,103.26930000000002,24
7100,1714.848,97.1098,75.6662,1542.0720000000001,99.02709999999999,24
1714,1714.0876,130.5924,96.5247,1486.9705000000001,103.9785,24
2219,1711.7729,141.8173,95.9605,1473.9951,101.5899,24
4400,1711.613,139.2348,73.8248,1498.5534,94.7475,24
8029,1711.5477,53.5882,50.234500000000004,1607.725,97.07519999999998,24
2514,1708.0002,130.6151,84.8877,1492.4974,100.22190000000002,24
2626,1707.3671,118.0048,94.8513,1494.511,178.5066,24
5211,1706.1001,102.3052,75.6913,1528.1036000000001,286.9134,24
4508,1705.5967,89.4459,67.7893,1548.3615,99.2372,24
2726,1705.1494,118.3081,95.3794,1491.4619,177.03099999999998,24
9637,1705.1480999999999,108.3152,64.3898,1532.4431,110.3198,24
4589,1703.4288,179.1553,109.4441,1414.8294,104.7423,24
1377,1701.691,84.9034,73.7642,1543.0234,153.30719999999997,24
165,1701.5205999999998,109.206,74.6729,1517.6417,137.4637,24
2413,1700.433,135.1638,85.7403,1479.5289,99.5656,24
1292,1697.8216,236.94819999999999,216.0262,1244.8472,112.6233,24
2424,1697.1041,117.9186,94.8036,1484.3819,177.0485,24
303,1694.9287,119.3163,84.6469,1490.9655,102.1575,24
4,1694.7354,119.5835,84.9365,1490.2154,102.2106,24
5401,1691.4384,157.1362,125.496,1408.8062,100.692,24
2614,1691.3542,129.4991,82.3324,1479.5227,99.5188,24
5927,1690.2544,249.8843,177.2906,1263.0795,100.02279999999999,24
3145,1688.8537000000001,75.81280000000001,131.25310000000002,1481.7878,105.4367,24
6134,1688.6644,277.8007,208.3703,1202.4934,106.8452,24
258,1688.3076999999998,97.409,107.2161,1483.6825999999999,98.97829999999999,24
2525,1687.8932,117.48859999999999,95.21679999999999,1475.1878,173.07529999999997,24
8779,1685.3441,186.2803,121.3616,1377.7022,155.6975,24
1482,1684.7323,94.8538,108.398,1481.4805,150.53609999999998,24
7721,1683.3943,90.1356,88.429,1504.8297,131.842,24
684,1683.3165000000001,37.2273,43.6065,1602.4827,86.36440000000002,24
9933,1683.1996,92.7521,70.1575,1520.29,106.31249999999999,24
5824,1681.5298,115.5672,88.431,1477.5316,183.69459999999998,24
280,1680.9524000000001,92.8756,75.8553,1512.2215,110.6534,24
4706,1680.6933,80.8306,62.1183,1537.7444,90.5619,24
6091,1678.48,213.4209,162.7688,1302.2903000000001,107.01650000000001,24
1580,1676.9559,96.8601,101.7617,1478.3341,152.66899999999998,24
7112,1675.9875,140.9584,131.3963,1403.6328,151.3039,24
682,1673.9177,31.8546,36.5623,1605.5008,84.29899999999999,24
6210,1673.7412,140.2855,118.1991,1415.2566,98.856,24
1074,1673.1841,83.3008,65.6772,1524.2061,151.95770000000002,24
202,1672.5071,124.0519,89.6906,1458.7646,100.62979999999999,24
7629,1671.0865,118.42240000000001,122.1076,1430.5565,222.3777,24
681,1670.5394999999999,44.2372,45.4151,1580.8872,103.9124,24
362,1670.1809,105.9587,95.8556,1468.3666,95.2434,24
7627,1667.7021,115.2217,128.1215,1424.3589,174.80339999999998,24
4593,1666.4171999999999,230.9864,85.0423,1350.3885,148.3074,24
157,1665.7818,82.3687,98.618,1484.7951,99.1471,24
975,1665.2606999999998,103.4947,73.9691,1487.7969,165.88359999999997,24
2304,1664.583,96.9114,66.7722,1500.8994,101.2394,24
6721,1663.4216999999999,92.8573,74.876,1495.6884,122.3561,24
1813,1660.0798,134.0135,99.7038,1426.3625,101.15729999999999,24
9537,1659.8676,106.13839999999999,62.995400000000004,1490.7338,103.0221,24
4489,1658.2064,133.2971,110.0099,1414.8994,98.98400000000001,24
4212,1656.7411,102.9507,91.0662,1462.7242,91.2612,24
260,1656.3866,92.1202,78.2039,1486.0625,99.7962,24
159,1656.1468,92.29039999999999,78.4365,1485.4199,99.7629,24
4775,1654.6599,245.6707,294.6841,1114.3051,94.61080000000001,24
160,1653.4515000000001,91.93769999999999,78.1459,1483.3679,99.5276,24
5990,1653.248,198.9136,169.3169,1285.0175,97.52199999999999,24
1393,1650.3096,229.3278,208.99360000000001,1211.9882,109.9354,24
7001,1648.7046,191.8318,158.8854,1297.9874,128.6726,24
4305,1647.5226,84.6636,75.0369,1487.8220999999999,94.74780000000001,24
5302,1647.4315000000001,144.0749,112.7249,1390.6317,95.5961,24
669,1646.8192999999999,126.0907,101.4757,1419.2529,110.4868,24
478,1646.6312,91.1096,75.3018,1480.2198,107.7706,24
477,1646.4043000000001,91.7516,73.8882,1480.7645,109.24360000000001,24
2771,1646.2092,109.6664,80.8004,1455.7424,98.99489999999999,24
2826,1646.0385,115.5022,94.8236,1435.7127,163.48049999999998,24
472,1645.6019,103.7534,85.331,1456.5175,107.2588,24
259,1644.7042,100.0643,89.4533,1455.1866,98.1947,24
4488,1644.3306,132.8045,109.065,1402.4611,98.0822,24
4187,1644.2022,118.9508,112.6509,1412.6005,120.7935,24
4787,1642.8065,139.398,111.21390000000001,1392.1946,98.6289,24
2333,1642.1623,111.941,79.8371,1450.3842,196.8417,24
4309,1641.9883,106.7585,78.4035,1456.8263,93.05440000000002,24
4205,1640.4303,84.788,75.7123,1479.93,93.0163,24
3991,1639.7939,116.8992,113.7276,1409.1671,90.3223,24
2423,1639.2202,117.22370000000001,95.4445,1426.552,169.79119999999998,24
5935,1638.3108,234.9558,167.7525,1235.6025,101.67509999999999,24
563,1638.1490000000001,165.2574,244.2014,1228.6902,100.9338,24
142,1638.1317999999999,107.1904,99.6415,1431.2999,188.79340000000002,24
244,1638.1317999999999,107.1904,99.6415,1431.2999,188.79340000000002,24
6731,1638.0485,284.19579999999996,391.7358,962.1169,110.3066,24
310,1637.2748000000001,122.371,89.07,1425.8338,98.6273,24
257,1636.7634,78.0174,99.6973,1459.0487,96.7184,24
1945,1635.9935,58.6103,110.1756,1467.2076,142.73870000000002,24
143,1634.6665,107.0243,99.4702,1428.172,188.0951,24
9629,1631.7628,97.3088,78.7661,1455.6879000000001,114.5069,24
5993,1631.167,193.6731,134.50300000000001,1302.9909,100.6659,24
302,1629.8689,106.4693,73.2491,1450.1505,98.3587,24
4487,1629.7382,132.2862,108.0721,1389.3799,97.2222,24
2908,1629.0421000000001,162.0189,91.2591,1375.7640999999999,99.4333,24
8401,1628.9054,183.7986,127.8401,1317.2667,105.1036,24
5301,1628.3172,151.76069999999999,120.6947,1355.8618000000001,96.72319999999999,24
3043,1627.8532,110.0458,141.9479,1375.8595,82.56479999999999,24
1073,1627.8304,85.3045,65.905,1476.6209,142.8945,24
2117,1626.6384,135.2425,90.24289999999999,1401.153,95.3531,24
8426,1626.1249,154.8806,101.47030000000001,1369.774,90.0784,24
9529,1625.0868,99.0398,77.7189,1448.3281,110.4474,24
795,1623.9551,226.04070000000002,204.74790000000002,1193.1665,108.7106,24
4188,1623.4105,111.2637,106.55789999999999,1405.5889,119.0152,24
2571,1623.2224,154.1415,120.7099,1348.371,107.41680000000001,24
3708,1622.9156,95.9625,103.1663,1423.7867999999999,83.2533,24
4389,1621.9654,126.0772,106.529,1389.3591999999999,96.166,24
7113,1620.9051,140.0585,128.8084,1352.0382,142.5172,24
7213,1619.8431,139.9636,128.9719,1350.9076,142.17430000000002,24
895,1618.8506,224.2429,204.3036,1190.3041,108.15379999999999,24
7013,1617.8957,139.4438,129.4022,1349.0497,143.6482,24
4105,1617.5212999999999,82.7529,76.06869999999999,1458.6997,91.54059999999998,24
834,1617.1715,63.8005,47.9986,1505.3724,133.9273,24
261,1614.9048,90.447,77.5996,1446.8582,95.94019999999999,24
9729,1613.9051,88.9401,67.7287,1457.2363,101.7553,24
571,1611.8062,123.59689999999999,96.68339999999999,1391.5258999999999,108.1576,24
5017,1610.9532,185.8982,114.863,1310.192,124.3707,24
5432,1610.3832,244.2716,125.18169999999999,1240.9299,91.2888,24
663,1608.4167,159.51670000000001,238.5246,1210.3754,99.42099999999999,24
5829,1607.9576,249.7023,142.2241,1216.0312,92.9165,24
4306,1607.7686999999999,83.1431,73.637,1450.9886,91.2133,24
6723,1606.8156999999999,160.0746,139.3371,1307.404,126.7733,24
4206,1606.2556,83.266,74.0815,1448.9081,91.00019999999999,24
6901,1606.14,187.5629,157.4797,1261.0974,119.48490000000001,24
6432,1604.7038,316.0885,224.75050000000002,1063.8648,107.8982,24
9831,1604.651,89.638,68.813,1446.2,100.7065,24
776,1604.2496,101.1555,72.3259,1430.7682,161.79760000000002,24
4407,1602.7233999999999,81.9131,73.0939,1447.7164,90.89399999999998,24
4186,1602.0135,111.9066,107.6115,1382.4954,118.58260000000001,24
4204,1601.9271999999999,83.2957,73.3679,1445.2636,90.9096,24
60,1601.6417,89.93469999999999,77.412,1434.295,94.7059,24
9287,1598.0291,99.89020000000001,79.35249999999999,1418.7864,110.85119999999999,24
6506,1597.8691999999999,180.9323,152.9022,1264.0347,93.38389999999998,24
4106,1594.9585,81.0193,73.1619,1440.7773,90.27169999999998,24
6724,1594.1538,157.73770000000002,135.317,1301.0991,127.21300000000001,24
4486,1591.5809,130.4668,105.2318,1355.8823,95.1184,24
5529,1590.9551000000001,243.69729999999998,126.4881,1220.7697,90.8966,24
6011,1590.7028,122.6545,97.362,1370.6863,96.61410000000001,24
9934,1590.4024000000002,87.6998,67.37349999999999,1435.3291000000002,100.31780000000002,24
141,1589.2425,125.8368,95.1225,1368.2832,164.127,24
3114,1587.8236000000002,118.3903,93.7951,1375.6382,88.6085,24
42,1586.8587,104.4801,96.8232,1385.5554,177.6002,24
6529,1583.9265,154.0309,229.812,1200.0836,103.9723,24
931,1583.3562,81.5714,66.2715,1435.5133,105.6422,24
6108,1582.6615,147.8311,132.8257,1302.0047,105.9486,24
1711,1581.5884,111.883,72.6965,1397.0089,90.53630000000001,24
4108,1581.3618,91.2967,75.4333,1414.6317999999999,90.11710000000001,24
9913,1578.4206000000001,105.3961,71.2666,1401.7579,124.20530000000001,24
4005,1578.3413,82.1246,72.1255,1424.0912,90.68270000000001,24
4210,1577.599,81.8796,71.0718,1424.6476,89.2652,24
1363,1574.8082,184.8303,196.7057,1193.2721999999999,101.6969,24
4107,1573.8785,79.2873,71.9042,1422.687,89.0055,24
4104,1573.8033,80.5969,74.4096,1418.7968,89.0486,24
2748,1573.5623,64.2864,127.79079999999999,1381.4851,112.1233,24
4386,1572.4950999999999,116.2207,101.776,1354.4984,93.4854,24
2008,1572.1336,117.0842,80.76820000000001,1374.2812,95.52769999999998,24
3808,1571.2203,83.1291,73.8184,1414.2728,88.38510000000001,24
4408,1570.3315,80.1703,69.9861,1420.1751,88.7122,24
3909,1569.612,83.6996,84.4956,1401.4168,85.89959999999999,24
5892,1568.1842,195.2702,153.8942,1219.0198,95.07339999999999,24
4605,1567.7268,82.1181,71.3783,1414.2304,88.98620000000001,24
5830,1567.1139,244.9854,136.481,1185.6475,90.2784,24
4404,1566.8342,81.905,71.2235,1413.7057,88.9879,24
4304,1566.8342,81.905,71.2235,1413.7057,88.9879,24
3807,1566.8342,81.905,71.2235,1413.7057,88.9879,24
3707,1566.8342,81.905,71.2235,1413.7057,88.9879,24
3806,1566.8342,81.905,71.2235,1413.7057,88.9879,24
4505,1566.8342,81.905,71.2235,1413.7057,88.9879,24
4405,1566.8342,81.905,71.2235,1413.7057,88.9879,24
4504,1566.8342,81.905,71.2235,1413.7057,88.9879,24
3908,1566.5505,81.3259,72.1962,1413.0284,88.8574,24
4008,1566.0007,79.4427,74.4391,1412.1189,88.5072,24
4109,1565.9224,81.2984,71.8438,1412.7802,88.84849999999999,24
3026,1565.433,228.0643,172.8196,1164.5491,104.799,24
93,1565.3943,70.9669,68.6135,1425.8138999999999,139.0723,24
3906,1565.2209,81.5654,71.0725,1412.583,88.8889,24
4209,1564.8236,81.1148,72.6009,1411.1079,88.7219,24
6715,1564.642,93.792,79.5616,1391.2884,108.56379999999999,24
3905,1563.8359,81.5572,71.042,1411.2367,88.81769999999999,24
3907,1563.1684,80.6829,71.2864,1411.1991,88.6986,24
4007,1562.2435,77.7564,73.1206,1411.3665,88.2545,24
5711,1562.2151999999999,107.0902,76.53150000000001,1378.5935,95.53829999999999,24
4387,1559.3048,115.3773,100.8141,1343.1134,93.2169,24
2480,1558.5853,165.3991,117.0358,1276.1504,133.5206,24
798,1558.5319,97.4859,82.8956,1378.1504,140.7409,24
670,1557.4063,112.9675,87.0268,1357.412,104.8171,24
4006,1557.2703,77.5098,76.7991,1402.9614,87.7287,24
102,1556.7344,126.397,91.7829,1338.5545,93.1198,24
6617,1555.6664,95.8352,80.05409999999999,1379.7771,105.4967,24
3557,1555.437,82.04,58.109,1415.288,96.6887,24
4388,1555.0589,112.746,100.1004,1342.2125,95.7567,24
3542,1554.3169,71.8329,117.1033,1365.3807,82.33340000000001,24
4203,1552.6142,80.5315,70.1064,1401.9763,87.9701,24
2749,1552.3916,61.7477,127.2512,1363.3927,113.67150000000001,24
243,1552.389,96.6906,88.3353,1367.3631,182.30519999999999,24
2603,1549.4054,81.7902,58.6186,1408.9966,94.72,24
2562,1549.2872,154.1418,121.2433,1273.9021,92.73559999999999,24
5588,1548.8957,150.227,160.2046,1238.4641,113.77159999999998,24
4688,1547.9895,130.2603,103.1981,1314.5311,92.7168,24
5,1547.6672999999998,111.1682,79.6497,1356.8494,92.78889999999998,24
6423,1547.4071999999999,115.5702,85.1966,1346.6404,97.17890000000001,24
4208,1547.1394,76.541,68.99,1401.6084,87.7127,24
4308,1546.7926,76.53359999999999,68.9536,1401.3054,87.6984,24
3809,1546.4987,101.1498,114.937,1330.4119,91.3121,24
4307,1545.8137,76.2713,68.8432,1400.6992,87.6356,24
3008,1545.3255,112.2988,90.9254,1342.1013,91.7021,24
8879,1544.5545,177.2734,116.09570000000001,1251.1854,139.45600000000002,24
3608,1544.1039,103.1608,125.8122,1315.1309,98.01679999999999,24
5929,1543.9821,241.6957,161.0151,1141.2712999999999,91.4643,24
4588,1543.7211,129.2324,102.2162,1312.2725,92.6411,24
4606,1541.8378,81.2196,70.5016,1390.1166,87.90520000000001,24
1812,1540.6838,121.3779,83.7674,1335.5385,94.632,24
6204,1538.4271,174.7053,145.6591,1218.0627,89.7679,24
4685,1537.7398,129.0197,101.8091,1306.911,92.32260000000001,24
4786,1537.7398,129.0197,101.8091,1306.911,92.32260000000001,24
4785,1537.7398,129.0197,101.8091,1306.911,92.32260000000001,24
4684,1537.7398,129.0197,101.8091,1306.911,92.32260000000001,24
4587,1537.7398,129.0197,101.8091,1306.911,92.32260000000001,24
4687,1537.7398,129.0197,101.8091,1306.911,92.32260000000001,24
4586,1537.7398,129.0197,101.8091,1306.911,92.32260000000001,24
4584,1537.7398,129.0197,101.8091,1306.911,92.32260000000001,24
4686,1537.7398,129.0197,101.8091,1306.911,92.32260000000001,24
4585,1537.7398,129.0197,101.8091,1306.911,92.32260000000001,24
662,1536.3226,145.7856,223.8537,1166.6833,95.71969999999999,24
2723,1536.193,114.2844,106.7778,1315.1308000000001,121.1636,24
9839,1535.8944,91.0368,49.4683,1395.3893,101.79020000000001,24
4110,1535.3258,80.6441,70.7831,1383.8986,87.8426,24
4303,1534.5117,79.4085,69.0213,1386.0819,86.4618,24
4009,1533.4974,78.1252,70.5002,1384.872,86.9729,24
463,1530.7591,149.7712,191.6313,1189.3566,93.86259999999999,24
5926,1529.7474,227.2321,178.3202,1124.1951,90.56410000000001,24
5494,1527.5892000000001,125.0622,116.4369,1286.0901,119.35060000000001,24
2926,1526.057,111.9893,95.4401,1318.6276,133.8294,24
9288,1525.0044,97.1896,76.8669,1350.9479,103.9491,24
4406,1524.1589,80.6226,70.53960000000001,1372.9967,87.3287,24
6604,1522.8207,176.06,144.1977,1202.563,90.4547,24
7119,1522.776,137.3094,138.535,1246.9316,125.2718,24
6716,1519.8363,89.3793,75.9606,1354.4964,108.5111,24
562,1519.1847,147.9624,194.1829,1177.0394,93.8954,24
33,1517.6293,82.55,66.0095,1369.0698,96.738,24
286,1517.416,38.3988,43.4801,1435.5371,81.3531,24
1581,1517.2154,96.46,109.4701,1311.2853,163.71359999999999,24
933,1516.0704,75.3389,58.8332,1381.8983,100.4202,24
5594,1515.6386,123.7272,114.3049,1277.6065,119.8837,24
5991,1514.2819,187.8584,160.5205,1165.903,89.57480000000001,24
380,1513.8437,84.5491,72.5725,1356.7221,97.5804,24
2770,1513.3719,126.70570000000001,77.8756,1308.7906,94.8468,24
4207,1512.315,77.019,68.8184,1366.4776,85.9059,24
5532,1512.0722,238.8985,121.7647,1151.409,86.0892,24
5730,1512.0722,238.8985,121.7647,1151.409,86.0892,24
5729,1512.0722,238.8985,121.7647,1151.409,86.0892,24
5631,1512.0722,238.8985,121.7647,1151.409,86.0892,24
5632,1512.0722,238.8985,121.7647,1151.409,86.0892,24
5530,1512.0722,238.8985,121.7647,1151.409,86.0892,24
5630,1512.0722,238.8985,121.7647,1151.409,86.0892,24
5629,1512.0722,238.8985,121.7647,1151.409,86.0892,24
5531,1512.0722,238.8985,121.7647,1151.409,86.0892,24
5731,1512.0722,238.8985,121.7647,1151.409,86.0892,24
4608,1509.9126,86.5463,61.7328,1361.6335,99.79109999999999,24
9737,1507.9605,91.4305,49.8842,1366.6458,99.6196,24
4289,1507.9257,97.5799,93.7413,1316.6045,110.2646,24
6606,1507.89,174.6152,142.6342,1190.6406,88.485,24
6304,1507.3383000000001,174.6152,142.6342,1190.0889,88.4965,24
6605,1506.9252000000001,174.6152,142.6342,1189.6758,88.5051,24
6404,1506.9252000000001,174.6152,142.6342,1189.6758,88.5051,24
6503,1506.9252000000001,174.6152,142.6342,1189.6758,88.5051,24
6505,1506.9252000000001,174.6152,142.6342,1189.6758,88.5051,24
6504,1506.9252000000001,174.6152,142.6342,1189.6758,88.5051,24
6109,1506.2497,99.0809,69.8449,1337.3239,94.2627,24
5187,1506.0368,110.3835,117.251,1278.4023,107.0864,24
5619,1505.9282,229.45080000000002,147.7283,1128.7491,92.8906,24
9914,1505.3410999999999,106.6341,79.5549,1319.1521,113.95899999999999,24
6303,1504.5751,173.3642,142.0539,1189.1570000000002,88.2201,24
6425,1502.9398,130.7942,114.3579,1257.7877,94.3117,24
4506,1502.7667,79.866,69.6616,1353.2391,86.30850000000001,24
6403,1502.4454,172.5624,141.6815,1188.2015000000001,87.981,24
497,1502.3412,78.4247,68.5432,1355.3733,122.6336,24
4288,1502.0816,98.4666,96.3937,1307.2213,113.68690000000001,24
5431,1502.0232,235.2259,120.5502,1146.2471,85.5976,24
6110,1501.4234,98.5778,69.5953,1333.2503,93.7065,24
3706,1500.6367,75.53330000000001,66.03699999999999,1359.0664,84.2553,24
677,1498.3858,101.4548,76.5549,1320.3761,101.1955,24
2431,1497.9705000000001,107.9173,76.1115,1313.9417,209.9916,24
2232,1497.9705000000001,107.9173,76.1115,1313.9417,209.9916,24
2331,1497.9705000000001,107.9173,76.1115,1313.9417,209.9916,24
2332,1497.9705000000001,107.9173,76.1115,1313.9417,209.9916,24
2432,1497.9705000000001,107.9173,76.1115,1313.9417,209.9916,24
9636,1497.9324000000001,89.02,67.5724,1341.34,97.3187,24
1681,1497.8962000000001,94.279,106.8511,1296.7661,162.6792,24
6405,1497.8100000000002,171.5781,141.21359999999999,1185.0183,87.6897,24
6010,1497.5707,98.3536,68.9836,1330.2335,93.9662,24
301,1496.8349,91.62819999999999,61.4221,1343.7846,89.6311,24
5910,1496.4116,98.3536,68.9836,1329.0744,94.0037,24
5911,1496.4116,98.3536,68.9836,1329.0744,94.0037,24
1627,1496.08,114.6267,91.1668,1290.2865,87.8544,24
2161,1493.2662,120.6602,111.3547,1261.2513,93.97,24
6005,1492.8273,150.3411,133.9003,1208.5859,86.6765,24
6603,1492.2308,172.1591,141.9011,1178.1706,90.92020000000001,24
6522,1491.8611,108.6216,81.7239,1301.5156,92.9644,24
983,1491.8541,57.6475,56.3259,1377.8807,119.6283,24
3805,1489.644,74.4482,65.1582,1350.0375999999999,83.4628,24
5811,1489.1898,98.3536,68.9836,1321.8526,94.23729999999999,24
9940,1489.0210000000002,89.8084,48.492000000000004,1350.7206,98.5918,24
9939,1489.0210000000002,89.8084,48.492000000000004,1350.7206,98.5918,24
9738,1489.0210000000002,89.8084,48.492000000000004,1350.7206,98.5918,24
9838,1489.0210000000002,89.8084,48.492000000000004,1350.7206,98.5918,24
6490,1487.8214,66.7103,66.4114,1354.6997,201.996,24
5618,1487.6661,233.524,149.55010000000001,1104.592,92.3184,24
2523,1487.1892,109.3963,97.6406,1280.1523,123.78460000000001,24
1076,1486.2314999999999,97.9888,69.4301,1318.8126,120.6625,24
2625,1486.1066,107.9101,93.3189,1284.8776,126.8186,24
1192,1486.06,202.8825,184.60410000000002,1098.5734,100.65090000000001,24
9837,1484.8102,92.1898,49.6713,1342.9491,98.2038,24
5439,1481.19,34.217,557.1818000000001,889.7912,92.44999999999999,24
6725,1480.7192,153.9322,135.1333,1191.6537,90.4673,24
2548,1480.4429,58.0865,125.5047,1296.8517,112.735,24
2549,1480.4373,58.0865,125.4991,1296.8517,112.7329,24
2649,1480.4373,58.0865,125.4991,1296.8517,112.7329,24
2648,1480.4373,58.0865,125.4991,1296.8517,112.7329,24
2675,1479.5785999999998,93.48179999999999,79.9229,1306.1739,112.5302,24
496,1479.5331,72.6378,66.3816,1340.5137,124.1219,24
7000,1479.1342,76.6376,52.7427,1349.7539,95.98360000000001,24
576,1478.0697,90.5122,73.91329999999999,1313.6442,99.14110000000001,24
572,1477.426,99.2474,73.6561,1304.5225,101.76419999999999,24
578,1476.7098,85.6495,73.6587,1317.4016,98.6243,24
4908,1476.3281,66.0845,45.7756,1364.468,84.8774,24
671,1476.2894,99.12769999999999,73.499,1303.6627,101.79499999999999,24
4004,1475.0793,72.4015,65.1677,1337.5101,82.2925,24
577,1472.9397000000001,86.004,73.28,1313.6557,98.66260000000001,24
4604,1472.8188,73.7471,62.8858,1336.1859,81.80499999999999,24
1582,1472.4815,98.0394,102.9794,1271.4627,161.22750000000002,24
1284,1469.5132,89.3649,87.4631,1292.6852,148.1013,24
5585,1469.2421,102.44290000000001,99.4639,1267.3353,107.3527,24
4674,1468.96,102.82860000000001,181.39069999999998,1184.7407,79.59819999999999,24
6391,1466.8391000000001,65.2795,65.6114,1335.9482,202.5047,24
6491,1466.7378,65.1152,65.5767,1336.0459,202.46950000000004,24
1910,1466.2974,116.1503,79.03150000000001,1271.1155999999999,90.37539999999998,24
364,1466.2499,94.3357,62.0941,1309.8201,112.82809999999999,24
1682,1466.0549,99.734,102.7213,1263.5996,160.9714,24
881,1465.7893,56.413999999999994,55.4332,1353.9421,118.83529999999998,24
64,1465.7727,125.5239,119.7647,1220.4841,88.8724,24
1539,1465.5215,63.518299999999996,123.8373,1278.1659,122.0695,24
6424,1465.3292999999999,119.7379,95.272,1250.3193999999999,92.14780000000002,24
406,1464.6127000000001,90.625,61.1719,1312.8158,87.36950000000002,24
144,1463.4054,98.8266,90.9717,1273.6071,153.58689999999999,24
6426,1462.9605,156.7511,139.7503,1166.4591,90.0221,24
4812,1461.9756,90.7645,68.932,1302.2791,102.3476,24
1479,1461.897,75.55709999999999,65.9088,1320.4311,134.6626,24
6700,1461.7672,78.7712,73.164,1309.8319999999999,85.3257,24
579,1460.3013,83.541,72.7044,1304.0559,96.8279,24
9817,1460.1737,181.8332,145.9229,1132.4176,85.4834,24
678,1460.0439999999999,99.471,74.8253,1285.7477,98.1111,24
6390,1457.8334,64.8472,65.1637,1327.8225,200.1227,24
7101,1453.1174,161.6164,134.7243,1156.7767000000001,114.1966,24
5285,1451.0339,98.0903,84.2466,1268.697,138.0251,24
676,1450.731,96.4366,69.9644,1284.33,129.1052,24
9333,1449.5221000000001,86.65990000000001,68.4014,1294.4608,106.7848,24
1434,1449.3688,129.3747,95.2646,1224.7295,100.9612,24
6717,1447.254,83.8597,71.2471,1292.1472,112.13870000000001,24
5587,1442.8564000000001,130.3441,140.2293,1172.2830000000001,108.23060000000001,24
3007,1442.5809,122.495,87.3491,1232.7368,84.99489999999999,24
4287,1440.4448,89.9084,89.09,1261.4464,110.68969999999999,24
4286,1440.4448,89.9084,89.09,1261.4464,110.68969999999999,24
575,1440.3993,90.51219999999999,68.6273,1281.2598,129.4761,24
5288,1439.7177,115.9746,102.0881,1221.655,101.4795,24
573,1436.1607,93.1991,67.9822,1274.9794,144.084,24
6523,1435.5783,133.6333,113.4399,1188.5050999999999,90.3534,24
6914,1433.7930000000001,135.4676,109.8794,1188.446,133.8342,24
4893,1430.4917,372.6324,74.0406,983.8187,116.1334,24
6524,1429.9873,144.383,128.453,1157.1513,89.99350000000001,24
5384,1429.015,97.22109999999999,90.0556,1241.7383,92.5025,24
2220,1428.6425000000002,118.8947,83.7332,1226.0146,89.36000000000001,24
873,1428.6341,94.1093,66.9083,1267.6164999999999,159.1147,24
875,1428.6341,94.1093,66.9083,1267.6164999999999,159.1147,24
674,1428.6341,94.1093,66.9083,1267.6164999999999,159.1147,24
675,1428.6341,94.1093,66.9083,1267.6164999999999,159.1147,24
672,1428.6341,94.1093,66.9083,1267.6164999999999,159.1147,24
772,1428.6341,94.1093,66.9083,1267.6164999999999,159.1147,24
773,1428.6341,94.1093,66.9083,1267.6164999999999,159.1147,24
774,1428.6341,94.1093,66.9083,1267.6164999999999,159.1147,24
775,1428.6341,94.1093,66.9083,1267.6164999999999,159.1147,24
673,1428.6341,94.1093,66.9083,1267.6164999999999,159.1147,24
973,1428.6341,94.1093,66.9083,1267.6164999999999,159.1147,24
974,1428.6341,94.1093,66.9083,1267.6164999999999,159.1147,24
874,1428.6341,94.1093,66.9083,1267.6164999999999,159.1147,24
872,1428.6341,94.1093,66.9083,1267.6164999999999,159.1147,24
972,1428.209,93.8887,66.8035,1267.5168,159.078,24
6526,1427.3911,151.9754,135.7516,1139.6641,90.2849,24
784,1425.6961000000001,36.9623,42.2369,1346.4969,79.85539999999999,24
9430,1425.2591,82.9867,66.4059,1275.8665,103.5755,24
6006,1424.952,144.7793,126.9675,1153.2052,82.2131,24
2169,1424.5194,98.0397,74.4683,1252.0113999999999,89.9245,24
574,1419.9643,88.7501,65.7955,1265.4187,158.33509999999998,24
6622,1418.8247999999999,101.9871,81.979,1234.8587,88.2859,24
635,1418.2707,62.2874,44.5306,1311.4527,113.77659999999999,24
1276,1418.1995,76.174,62.1254,1279.9001,116.85739999999998,24
5920,1418.1462999999999,219.212,160.31550000000001,1038.6188,99.11409999999998,24
5720,1416.7759,217.4786,137.9584,1061.3389,89.7124,24
6525,1415.9956,146.92849999999999,131.0681,1137.999,89.51509999999999,24
5515,1415.5941,152.059,109.026,1154.5091,81.69819999999999,24
7701,1414.573,98.4385,77.3781,1238.7564,80.3093,24
485,1413.5482000000002,36.9492,42.1725,1334.4265,79.54860000000002,24
5484,1412.3414,100.2052,103.6213,1208.5149,105.74960000000002,24
407,1411.9692,92.4505,63.3246,1256.1941,83.8271,24
2524,1411.4132,104.3649,92.6173,1214.431,110.36350000000002,24
3541,1410.8853000000001,79.7775,148.7275,1182.3803,73.421,24
7120,1408.9805000000001,145.0269,161.9998,1101.9538,119.6271,24
2910,1408.9283,122.2135,86.7775,1199.9373,83.31660000000001,24
5713,1408.3249,140.1946,102.9947,1165.1356,81.23249999999999,24
6625,1407.7238,148.4368,132.6198,1126.6671999999999,89.3372,24
6624,1407.7238,148.4368,132.6198,1126.6671999999999,89.3372,24
6626,1407.7238,148.4368,132.6198,1126.6671999999999,89.3372,24
6623,1406.9735,148.3637,132.4595,1126.1503,89.29390000000001,24
9638,1406.9544,87.1195,47.49,1272.3449,92.2396,24
5732,1405.7929,226.62290000000002,119.1,1060.07,80.1821,24
1283,1405.0285,64.1578,65.9283,1274.9424,119.53750000000001,24
4573,1404.8746,89.5557,288.4397,1026.8792,79.7096,24
5617,1403.36,229.5528,143.3402,1030.467,89.7475,24
41,1403.35,113.0386,107.5048,1182.8066,101.9587,24
6402,1403.0235,161.1781,132.5358,1109.3096,82.0702,24
8327,1402.6045,94.7426,57.5162,1250.3457,83.985,24
3006,1400.8623,106.2966,82.1622,1212.4035000000001,81.70179999999999,24
2019,1400.0428,125.4381,93.3466,1181.2581,84.72619999999999,24
5202,1399.1284,122.7857,97.2833,1179.0594,83.5923,24
6631,1397.0846999999999,214.9863,283.1367,898.9617,92.1487,24
2170,1396.5041,95.3928,74.3871,1226.7242,92.8574,24
2526,1395.5885,103.4564,82.9474,1209.1847,141.517,24
2627,1394.7667000000001,101.2824,81.04260000000001,1212.4417,142.7286,24
6034,1394.7254,212.0883,153.4703,1029.1668,91.1486,24
8764,1394.6543,162.6892,106.1116,1125.8535,97.8052,24
2430,1394.6390000000001,107.9726,75.73530000000001,1210.9311,163.161,24
7828,1393.0989,112.6426,116.2932,1164.1631,115.4689,24
4599,1390.6248,116.13029999999999,60.6062,1213.8883,77.5485,24
6815,1389.5404,79.4568,67.8299,1242.2537,113.4965,24
1917,1386.5061,124.3666,93.4644,1168.6751,84.1819,24
9730,1386.324,79.24980000000001,62.732,1244.3422,96.5726,24
5611,1382.2962,119.1842,85.7698,1177.3422,81.35589999999999,24
4615,1381.7413999999999,73.0805,67.3017,1241.3591999999999,92.64880000000001,24
4716,1380.8775,72.4869,68.2369,1240.1537,92.49470000000001,24
1334,1379.1245999999999,168.7226,75.7633,1134.6387,91.6018,24
3314,1379.0735,125.6849,123.687,1129.7016,83.5446,24
1743,1378.7834,42.282,120.55030000000001,1215.9511,128.8746,24
5719,1376.9581,220.9785,138.1783,1017.8013,88.6712,24
3410,1375.9265,114.0284,129.5747,1132.3234,89.8708,24
5820,1374.1124,217.52,136.3145,1020.2779,88.29159999999999,24
4817,1374.0835,71.9227,68.47240000000001,1233.6884,92.1992,24
5919,1368.7372,220.3852,155.6876,992.6644,94.11449999999999,24
5616,1365.7138,194.6204,130.794,1040.2993999999999,78.0465,24
1481,1364.3221,83.463,89.166,1191.6931,132.0259,24
5396,1364.27,103.002,89.5561,1171.7119,109.6302,24
2065,1363.7374,91.6277,99.8772,1172.2325,74.4965,24
498,1359.3854,76.156,65.2903,1217.9391,113.4527,24
408,1359.1632,105.9942,76.3265,1176.8425,82.241,24
5113,1358.4624000000001,123.4173,93.4727,1141.5724,101.0747,24
4403,1357.5264,64.8719,56.3118,1236.3427,75.12870000000001,24
5925,1357.4363,198.3761,182.1295,976.9307,82.5355,24
2669,1355.0159,117.6367,72.9453,1164.4339,88.596,24
1362,1354.813,162.4944,173.3568,1018.9618,80.88,24
5939,1354.4412,269.7282,116.1801,968.5329,99.7634,24
4910,1352.847,75.2604,51.9259,1225.6607,86.16499999999999,24
6915,1352.5328,76.4273,65.0863,1211.0192,116.1759,24
5485,1350.6805,92.64699999999999,96.4445,1161.589,101.9305,24
6009,1348.6426999999999,95.1445,65.7312,1187.767,86.5153,24
2578,1348.103,121.03609999999999,81.9448,1145.1221,122.2813,24
2180,1346.5429,233.7482,70.1656,1042.6290999999999,116.7447,24
6429,1344.3709,174.4438,167.1644,1002.7627,85.08680000000001,24
32,1344.2902,68.4284,51.8542,1224.0076,87.03439999999999,24
3512,1342.9077,108.5341,123.7048,1110.6688,96.7354,24
4103,1342.5824,66.112,57.444,1219.0264,74.3722,24
9504,1341.2836,208.11589999999998,150.4766,982.6911,83.1869,24
6816,1341.1663,75.772,64.81139999999999,1200.5829,115.3473,24
5497,1340.6482,100.3282,88.82600000000001,1151.4940000000001,110.31360000000001,24
6819,1340.0087,77.1983,65.8215,1196.9889,111.5274,24
7331,1339.8708000000001,124.8341,115.7692,1099.2675,250.8479,24
794,1339.514,180.3043,164.9672,994.2425,95.5787,24
6730,1339.2488,159.6372,285.2894,894.3222000000001,85.88210000000001,24
6028,1338.7172,214.0074,163.0341,961.6757,78.4701,24
6918,1337.2901,75.4766,64.5694,1197.2441000000001,115.4956,24
6917,1337.2901,75.4766,64.5694,1197.2441000000001,115.4956,24
6916,1337.2901,75.4766,64.5694,1197.2441000000001,115.4956,24
6817,1337.2901,75.4766,64.5694,1197.2441000000001,115.4956,24
6818,1336.3676,75.55199999999999,64.6018,1196.2138,115.3901,24
238,1335.9291,99.9332,62.3157,1173.6802,135.38649999999998,24
5716,1335.6416,224.17170000000002,137.6726,973.7973,87.5458,24
5718,1334.865,224.6338,137.7693,972.4619,87.5532,24
9832,1330.8771,77.2646,61.608,1192.0045,95.59540000000001,24
2060,1330.7242,105.7443,101.1416,1123.8383,81.92049999999999,24
145,1330.474,92.4634,84.3752,1153.6354000000001,126.802,24
2925,1329.8333,112.33070000000001,100.1268,1117.3758,106.3261,24
5821,1329.6425,193.7182,126.9174,1009.0069,91.4394,24
2277,1328.5202,229.48149999999998,63.1647,1035.874,77.5574,24
2623,1328.4041,101.2371,98.2191,1128.9479,107.43379999999999,24
2261,1327.9492,116.6389,106.419,1104.8913,84.3295,24
210,1327.3218,107.1395,80.2188,1139.9635,81.2315,24
140,1326.9021,104.5271,64.9086,1157.4664,133.2862,24
9431,1326.7482,76.6315,61.7239,1188.3928,96.10740000000001,24
9602,1324.4675,196.7774,145.1927,982.4974,81.98479999999999,24
7018,1324.4052,80.5047,68.8182,1175.0823,114.424,24
9935,1323.9103,77.1459,56.7656,1189.9988,79.0058,24
5488,1323.7866000000001,118.4428,130.2248,1075.119,100.58070000000001,24
3211,1323.3619,108.3209,85.6279,1129.4131,77.2532,24
7017,1322.4382,77.4518,66.3865,1178.5999,114.08340000000001,24
43,1322.3511,92.0744,83.9717,1146.305,125.16539999999999,24
3607,1321.7681,63.0869,60.1654,1198.5158,70.6492,24
2371,1321.417,90.3626,69.6176,1161.4368,90.3065,24
6919,1320.7371,76.8873,68.75099999999999,1175.0988,109.7628,24
6722,1320.586,121.5127,102.0077,1097.0656,80.80239999999999,24
5394,1319.8288,114.8047,104.9974,1100.0267,107.8202,24
2911,1319.5525,110.9564,82.3861,1126.21,78.2353,24
264,1319.3667,85.5196,65.2603,1168.5868,94.9739,24
9536,1319.3292000000001,79.3137,59.0918,1180.9237,85.75900000000001,24
9814,1319.1468,100.3863,71.3608,1147.3997,97.3192,24
2725,1319.1243,99.9834,91.7487,1127.3922,104.947,24
4676,1316.0003,159.7554,244.73149999999998,911.5134,117.1544,24
436,1313.1571,61.3583,44.0966,1207.7022,98.4894,24
634,1312.9002,79.5438,62.9142,1170.4422,92.16890000000001,24
699,1312.8045,79.6424,65.4094,1167.7527,113.21759999999999,24
598,1312.8045,79.6424,65.4094,1167.7527,113.21759999999999,24
799,1312.8045,79.6424,65.4094,1167.7527,113.21759999999999,24
698,1312.8045,79.6424,65.4094,1167.7527,113.21759999999999,24
599,1312.3165999999999,79.2119,65.2775,1167.8272,113.2178,24
5114,1311.6985,117.5181,89.3373,1104.8431,98.2261,24
7728,1310.4562,114.7976,120.2882,1075.3704,120.1679,24
5597,1309.7348,99.3776,88.17,1122.1872,108.96869999999998,24
5717,1309.696,223.2283,135.8476,950.6201,86.77199999999999,24
700,1309.5351,77.4147,64.6615,1167.4589,112.99589999999999,24
600,1309.2396,76.5567,64.4579,1168.225,113.19839999999999,24
4713,1308.8832,80.3032,58.077,1170.503,95.9893,24
6090,1307.7274,143.65720000000002,118.7707,1045.2995,75.6632,24
499,1306.9165,74.44590000000001,63.815799999999996,1168.6548,113.2202,24
5612,1305.9179,139.4096,101.9029,1064.6054,76.4285,24
500,1305.9123,73.5591,63.5445,1168.8087,113.22049999999999,24
800,1305.8569,74.9084,63.820299999999996,1167.1282,112.7465,24
5620,1305.6925,198.5634,129.5933,977.5358,80.2294,24
894,1303.7425,173.57240000000002,157.589,972.5811,90.4075,24
2177,1302.2693,219.5126,61.814,1020.9427000000001,76.6779,24
534,1302.1416,78.0103,61.1255,1163.0058,91.45750000000001,24
2629,1301.8318,106.9954,72.822,1122.0144,77.5652,24
5819,1300.1397,215.6869,132.8274,951.6254,86.06099999999999,24
5938,1299.3571,249.9543,99.8645,949.5383,100.86540000000001,24
5296,1298.1484,98.937,87.952,1111.2594,108.37620000000001,24
6822,1297.5811999999999,147.6245,137.8317,1012.125,109.5311,24
5595,1297.4886999999999,98.9725,87.9733,1110.5429,108.5613,24
5496,1296.3039,98.6989,87.8095,1109.7955,108.48530000000001,24
5596,1296.3039,98.6989,87.8095,1109.7955,108.48530000000001,24
5395,1296.3039,98.6989,87.8095,1109.7955,108.48530000000001,24
5495,1296.3039,98.6989,87.8095,1109.7955,108.48530000000001,24
5112,1296.1424,119.6331,91.4777,1085.0316,97.6181,24
5487,1295.7165,102.2408,111.7539,1081.7218,99.10230000000001,24
4609,1292.9173,79.7543,57.8084,1155.3546,95.4879,24
5014,1292.9173,79.7543,57.8084,1155.3546,95.4879,24
3310,1292.3758,103.6116,87.9535,1100.8107,75.0432,24
5839,1291.2952,241.7822,100.7349,948.7781,97.05319999999999,24
9410,1291.0892,172.5505,118.49069999999999,1000.048,87.25919999999999,24
1846,1290.1908,57.483000000000004,94.8371,1137.8707,101.3558,24
3215,1290.1200999999999,104.7816,86.5063,1098.8322,76.2447,24
2176,1289.4676,201.8663,58.6473,1028.954,75.1608,24
6702,1288.6341,147.87890000000002,127.20660000000001,1013.5486,90.3294,24
8125,1286.4928,97.9154,74.0291,1114.5483,80.1288,24
232,1286.3247,74.304,57.3637,1154.657,89.82520000000001,24
7529,1286.1652,102.0257,104.6592,1079.4803,245.99720000000002,24
4607,1285.0877,70.5989,55.2645,1159.2243,86.42479999999999,24
2624,1285.0720000000001,98.367,91.4286,1095.2764,102.94850000000001,24
131,1283.3961,64.2032,47.161899999999996,1172.031,85.694,24
5822,1283.2552,117.21470000000001,87.4199,1078.6206,125.40759999999999,24
4813,1283.1692,79.8408,58.0756,1145.2528,94.58829999999999,24
2803,1280.4258,72.9756,49.784099999999995,1157.6661,74.14249999999998,24
3309,1279.2876,101.8947,81.1877,1096.2052,75.2702,24
3109,1279.212,101.8854,81.1497,1096.1769,75.2714,24
3210,1279.212,101.8854,81.1497,1096.1769,75.2714,24
3208,1279.212,101.8854,81.1497,1096.1769,75.2714,24
3108,1279.212,101.8854,81.1497,1096.1769,75.2714,24
3107,1279.212,101.8854,81.1497,1096.1769,75.2714,24
3308,1279.212,101.8854,81.1497,1096.1769,75.2714,24
3110,1279.212,101.8854,81.1497,1096.1769,75.2714,24
3009,1279.212,101.8854,81.1497,1096.1769,75.2714,24
3010,1279.212,101.8854,81.1497,1096.1769,75.2714,24
3011,1279.212,101.8854,81.1497,1096.1769,75.2714,24
3209,1279.212,101.8854,81.1497,1096.1769,75.2714,24
3111,1279.1323,101.87440000000001,81.1411,1096.1168,75.2676,24
377,1276.9881,78.1666,58.4845,1140.337,88.65090000000001,24
5016,1275.8644,138.8278,93.4952,1043.5414,104.6987,24
3012,1274.8448,102.0026,80.8124,1092.0298,75.1378,24
777,1274.7373,89.5958,65.96549999999999,1119.176,95.79719999999999,24
7151,1274.3879,50.3409,300.6091,923.4379,96.11080000000001,24
9435,1274.1317,74.1297,59.9697,1140.0322999999999,94.9187,24
3112,1273.7186,101.95570000000001,80.7112,1091.0517,75.0949,24
3214,1273.6564,101.13850000000001,80.5472,1091.9707,75.0038,24
9937,1273.4096,71.8009,39.3622,1162.2465,82.3753,24
1282,1272.8798,65.8649,66.9862,1140.0286999999998,116.5194,24
6428,1270.8853000000001,183.1112,183.4116,904.3625,80.05799999999999,24
2825,1269.0167000000001,95.9987,89.6108,1083.4072,101.9292,24
3213,1268.8046,101.6226,80.2416,1086.9404,74.8939,24
4705,1268.6809,56.2607,50.294,1162.1262,70.0615,24
5586,1268.2622999999999,87.7328,80.2437,1100.2858,96.2138,24
2724,1267.8977,96.06700000000001,90.2227,1081.608,102.0307,24
4917,1267.3805,120.2697,87.7952,1059.3156,100.90359999999998,24
6431,1267.0552,208.1702,167.6517,891.2333,82.59909999999999,24
4213,1266.9454,94.7877,105.183,1066.9747,89.8487,24
1535,1266.619,158.6387,165.0075,942.9728,78.3335,24
9731,1264.7854,74.3674,60.0381,1130.3799,94.3579,24
9630,1264.7854,74.3674,60.0381,1130.3799,94.3579,24
9530,1264.7854,74.3674,60.0381,1130.3799,94.3579,24
9533,1264.7854,74.3674,60.0381,1130.3799,94.3579,24
9633,1264.7854,74.3674,60.0381,1130.3799,94.3579,24
9732,1264.7854,74.3674,60.0381,1130.3799,94.3579,24
9834,1264.7854,74.3674,60.0381,1130.3799,94.3579,24
9734,1264.7854,74.3674,60.0381,1130.3799,94.3579,24
9733,1264.7854,74.3674,60.0381,1130.3799,94.3579,24
9833,1264.7854,74.3674,60.0381,1130.3799,94.3579,24
9632,1264.7854,74.3674,60.0381,1130.3799,94.3579,24
3408,1264.6866,100.2529,99.9493,1064.4844,70.471,24
9531,1264.5711,74.2513,59.9876,1130.3322,94.3386,24
2659,1264.5701,247.2467,142.8581,874.4653,81.4453,24
5013,1264.225,86.123,67.1977,1110.9043,94.0467,24
9334,1264.1965,74.0479,59.8997,1130.2489,94.3044,24
9631,1264.1965,74.0479,59.8997,1130.2489,94.3044,24
9432,1262.9154,73.2753,59.552600000000005,1130.0874999999999,94.18180000000001,24
9532,1262.6856,73.2003,59.5272,1129.9581,94.16470000000001,24
9433,1262.3781999999999,73.0618,59.4722,1129.8442,94.1391,24
3212,1262.0509,101.8045,79.9812,1080.2652,74.5841,24
9634,1261.8646999999999,72.7835,59.3511,1129.7301,94.0924,24
9434,1261.5391,72.61749999999999,59.2782,1129.6434,94.065,24
3113,1261.4375,102.3623,79.7776,1079.2976,74.72749999999999,24
5934,1260.6267,199.8587,140.7789,919.9891,82.9822,24
5738,1260.5031999999999,136.7776,100.2908,1023.4348,77.256,24
34,1260.1156,84.6226,61.632000000000005,1113.8609999999999,107.2524,24
9735,1259.3805,71.4362,58.7674,1129.1769,93.8666,24
3013,1258.842,102.4317,79.5776,1076.8327,74.6481,24
3345,1258.2398,50.5178,128.8118,1078.9102,68.8613,24
1909,1257.0196,103.175,70.5643,1083.2803000000001,78.3072,24
9534,1256.6855,69.9923,58.139700000000005,1128.5535,93.6252,24
9635,1255.3886,69.2182,57.7973,1128.3731,93.4994,24
5721,1254.5888,184.9353,117.9151,951.7384,82.6889,24
780,1253.5465,71.2207,54.733,1127.5928,108.7328,24
533,1249.8844,70.1218,53.813900000000004,1125.9487,87.923,24
3207,1249.2729,97.7986,77.88589999999999,1073.5884,73.38669999999999,24
6820,1249.0557000000001,84.7367,84.7649,1079.5541,95.2429,24
831,1247.0754,83.3531,59.0051,1104.7172,78.0169,24
39,1247.0045,93.7222,70.4875,1082.7948,127.7697,24
5186,1246.6115,82.9042,85.1429,1078.5644,92.9024,24
6089,1245.8421,130.041,94.40159999999999,1021.3995,73.7114,24
132,1245.4522,62.3225,46.0679,1137.0618,82.7674,24
3916,1244.6737,166.052,143.7264,934.8953,89.2491,24
404,1244.2608,74.9169,50.5985,1118.7454,72.74189999999999,24
3044,1244.0595,54.4483,127.57679999999999,1062.0344,66.16669999999999,24
1811,1243.1213,100.4663,64.8207,1077.8343,77.60499999999999,24
4913,1242.6347,74.7414,58.3946,1109.4987,92.3247,24
7121,1241.8669,144.9603,152.5465,944.3601,92.00590000000001,24
5414,1241.282,144.4992,104.4303,992.3525,73.63589999999999,24
6328,1240.9876,203.8885,160.6255,876.4736,80.4266,24
2076,1239.8475,173.1735,54.2367,1012.4373,72.7154,24
480,1238.8195,72.1978,63.61,1103.0117,82.20410000000001,24
9510,1238.6095,548.7829,89.5903,600.2363,73.9778,24
1636,1238.4288,98.82600000000001,65.1212,1074.4816,97.5313,24
5295,1238.0762,97.21640000000001,84.9827,1055.8771,102.6251,24
5905,1236.8355999999999,128.9316,108.4134,999.4906,71.49059999999999,24
3709,1235.0104999999999,97.004,120.5406,1017.4659,96.9272,24
2059,1233.1285,98.5468,99.0069,1035.5747999999999,76.02879999999999,24
7019,1232.4088,116.7707,102.8583,1012.7798,102.36789999999999,24
40,1230.463,92.6193,70.1835,1067.6602,125.30870000000002,24
2824,1230.3547,89.6348,85.413,1055.3069,99.07159999999999,24
403,1229.9848,72.95700000000001,48.969500000000004,1108.0583,71.8858,24
4214,1228.8397,95.1852,120.8455,1012.809,93.56110000000001,24
9535,1227.959,69.4302,57.6487,1100.8800999999999,91.2563,24
5714,1227.0228,131.6018,95.5927,999.8283,71.93260000000001,24
4010,1226.4655,91.0085,96.8299,1038.6271,76.86059999999999,24
2377,1225.5564,168.4769,53.5513,1003.5282,72.229,24
1333,1222.7229,147.8204,68.84309999999999,1006.0594,81.0092,24
4698,1222.5013000000001,75.0411,48.980199999999996,1098.48,108.63730000000001,24
1716,1221.0138,110.348,91.0832,1019.5826000000001,77.2447,24
9917,1220.1498000000001,159.8678,134.573,925.7090000000001,75.375,24
9910,1219.2983,129.5838,87.4633,1002.2512,83.266,24
3142,1219.1235,57.1383,126.5778,1035.4074,68.7267,24
1176,1217.1921,78.2596,58.2451,1080.6874,104.0734,24
9835,1216.8738,74.4065,58.16,1084.3073,87.5182,24
4016,1215.716,98.3159,126.8714,990.5287,94.6742,24
1212,1215.6342,91.6898,72.1846,1051.7598,94.3249,24
6630,1212.1193,132.4757,232.8161,846.8275,77.8373,24
6920,1210.7499,104.7722,110.2191,995.7586,87.9979,24
2479,1209.8094,210.5631,75.7176,923.5287,116.1633,24
5286,1205.4667,79.73,83.6997,1042.037,91.8005,24
5387,1205.4667,79.73,83.6997,1042.037,91.8005,24
6821,1203.1288,108.8083,113.3214,980.9991,85.8962,24
1191,1201.932,158.77270000000001,145.5425,897.6168,89.0704,24
6427,1201.326,170.39,160.2401,870.6958999999999,79.9891,24
5115,1200.9021,116.311,84.7065,999.8846,94.94380000000001,24
5102,1199.5653,92.6195,73.6745,1033.2713,70.6962,24
5386,1199.317,78.3156,82.4216,1038.5798,91.4828,24
5831,1198.6649,204.0342,114.1514,880.4793,70.2636,24
5111,1195.9525,58.2141,48.0777,1089.6607000000001,113.3537,24
5486,1194.8268,76.79350000000001,80.1722,1037.8611,91.67980000000001,24
6020,1194.6254999999999,172.7841,147.876,873.9654,97.4139,24
433,1194.1705,65.0363,49.1832,1079.951,83.86849999999998,24
6531,1192.8812,144.0074,173.9094,874.9644,77.739,24
1713,1192.5464,98.5309,64.7794,1029.2361,74.5943,24
2471,1192.4167,84.9471,65.8128,1041.6568,85.7998,24
2470,1192.4167,84.9471,65.8128,1041.6568,85.7998,24
2370,1192.4167,84.9471,65.8128,1041.6568,85.7998,24
2270,1192.4167,84.9471,65.8128,1041.6568,85.7998,24
4811,1190.422,69.4698,47.3503,1073.6019000000001,75.749,24
5838,1190.3303,240.50400000000002,93.6539,856.1724,92.34900000000002,24
7251,1189.4712,54.3362,312.7323,822.4027,93.9812,24
6128,1188.8376,201.8582,159.6206,827.3588000000001,78.41890000000001,24
5287,1188.4079,78.6537,82.441,1027.3132,90.3856,24
5810,1186.7921000000001,91.7599,62.299,1032.7332000000001,78.9257,24
6430,1186.6842,195.9736,160.24269999999999,830.4679,76.8846,24
5385,1185.0936,74.2316,78.7735,1032.0885,91.1284,24
5196,1184.3063,75.097,66.1018,1043.1075,107.85270000000001,24
734,1183.6582,58.8417,43.9507,1080.8658,83.7554,24
9705,1180.9944,153.98770000000002,116.3276,910.6791,72.46199999999999,24
2570,1180.8220000000001,88.0596,65.3922,1027.3702,84.60979999999999,24
830,1179.0009,59.178399999999996,45.1474,1074.6751,83.12740000000001,24
9407,1177.1415,169.6622,119.6851,887.7942,76.0319,24
6330,1177.0037,198.6773,157.4637,820.8627,77.33539999999999,24
928,1177.0025,60.1763,43.5084,1073.3178,82.9761,24
623,1176.4497000000001,58.7464,44.8819,1072.8214,83.08500000000001,24
922,1176.4497000000001,58.7464,44.8819,1072.8214,83.08500000000001,24
622,1176.4497000000001,58.7464,44.8819,1072.8214,83.08500000000001,24
624,1176.4497000000001,58.7464,44.8819,1072.8214,83.08500000000001,24
625,1176.4497000000001,58.7464,44.8819,1072.8214,83.08500000000001,24
626,1176.4497000000001,58.7464,44.8819,1072.8214,83.08500000000001,24
921,1176.4497000000001,58.7464,44.8819,1072.8214,83.08500000000001,24
722,1176.4497000000001,58.7464,44.8819,1072.8214,83.08500000000001,24
724,1176.4497000000001,58.7464,44.8819,1072.8214,83.08500000000001,24
723,1176.4497000000001,58.7464,44.8819,1072.8214,83.08500000000001,24
721,1176.4497000000001,58.7464,44.8819,1072.8214,83.08500000000001,24
727,1176.4497000000001,58.7464,44.8819,1072.8214,83.08500000000001,24
821,1176.4497000000001,58.7464,44.8819,1072.8214,83.08500000000001,24
822,1176.4497000000001,58.7464,44.8819,1072.8214,83.08500000000001,24
829,1176.4497000000001,58.7464,44.8819,1072.8214,83.08500000000001,24
823,1176.4497000000001,58.7464,44.8819,1072.8214,83.08500000000001,24
824,1176.4243,58.7632,44.8356,1072.8255,83.0827,24
930,1176.4229,58.7464,44.8551,1072.8214,83.0819,24
1935,1176.4022,92.5937,62.0027,1021.8058,89.6617,24
932,1176.3883,58.7464,44.8205,1072.8214,83.06810000000002,24
730,1176.3733,58.7984,44.7403,1072.8346000000001,83.07790000000001,24
524,1176.3669,58.803,44.728,1072.8359,83.0774,24
728,1176.3215,58.8337,44.6441,1072.8437000000001,83.07300000000001,24
828,1176.2932,58.7935,44.6664,1072.8333,83.0545,24
725,1176.2717,58.8338,44.5942,1072.8437000000001,83.05930000000001,24
726,1176.2666,58.8182,44.6086,1072.8398,83.05380000000001,24
731,1176.259,58.799299999999995,44.625,1072.8347,83.04660000000001,24
2276,1176.1208,136.322,48.5741,991.2247,69.5748,24
825,1176.0855,59.6333,43.356,1073.0962,82.992,24
627,1175.9554,59.0841,43.9626,1072.9087,83.0389,24
729,1175.9239,59.1064,43.902499999999996,1072.915,83.03590000000001,24
832,1175.8662,58.7464,44.2984,1072.8214,82.92420000000001,24
827,1175.8402,59.0485,43.8921,1072.8996,82.9976,24
525,1175.8372,59.165099999999995,43.7423,1072.9298000000001,83.02790000000002,24
231,1175.7795,59.538199999999996,42.7991,1073.4422,82.99130000000001,24
923,1175.7433,58.7206,44.8654,1072.1573,83.0292,24
820,1175.6267,58.775,44.9093,1071.9424,83.02919999999999,24
526,1175.5733,59.3459,43.250299999999996,1072.9771,83.0031,24
732,1175.4773,58.8202,43.816900000000004,1072.8402,82.83670000000001,24
633,1175.4704,58.7624,43.8827,1072.8253,82.84660000000001,24
630,1175.4539,59.4281,43.0274,1072.9984,82.99210000000001,24
833,1175.4515000000001,58.7464,43.8837,1072.8214,82.80980000000001,24
733,1175.4515000000001,58.7464,43.8837,1072.8214,82.80980000000001,24
532,1175.4253,58.7464,43.8575,1072.8214,82.85770000000001,24
632,1175.4245,58.9074,43.6541,1072.863,82.8452,24
631,1175.4017000000001,59.2697,43.1749,1072.9571,82.93570000000001,24
826,1175.3961,59.2856,43.1489,1072.9616,82.93700000000001,24
628,1175.3941,59.468399999999995,42.9169,1073.0088,82.9865,24
331,1175.3514,59.3997,42.9608,1072.9909,82.96780000000001,24
531,1175.326,59.4893,42.8226,1073.0141,82.9732,24
527,1175.3248,59.5165,42.7867,1073.0216,82.98,24
431,1175.323,59.5047,42.8001,1073.0182,82.97660000000002,24
528,1175.321,59.5184,42.7808,1073.0218,82.97970000000001,24
529,1175.321,59.5184,42.7808,1073.0218,82.97970000000001,24
31,1175.321,59.5184,42.7808,1073.0218,82.97970000000001,24
129,1175.321,59.5184,42.7808,1073.0218,82.97970000000001,24
429,1175.321,59.5184,42.7808,1073.0218,82.97970000000001,24
228,1175.321,59.5184,42.7808,1073.0218,82.97970000000001,24
327,1175.321,59.5184,42.7808,1073.0218,82.97970000000001,24
329,1175.321,59.5184,42.7808,1073.0218,82.97970000000001,24
427,1175.321,59.5184,42.7808,1073.0218,82.97970000000001,24
130,1175.321,59.5184,42.7808,1073.0218,82.97970000000001,24
229,1175.321,59.5184,42.7808,1073.0218,82.97970000000001,24
230,1175.321,59.5184,42.7808,1073.0218,82.97970000000001,24
629,1175.321,59.5184,42.7808,1073.0218,82.97970000000001,24
330,1175.321,59.5184,42.7808,1073.0218,82.97970000000001,24
428,1175.321,59.5184,42.7808,1073.0218,82.97970000000001,24
430,1175.321,59.5184,42.7808,1073.0218,82.97970000000001,24
426,1175.321,59.5184,42.7808,1073.0218,82.97970000000001,24
530,1175.321,59.5184,42.7808,1073.0218,82.97970000000001,24
328,1175.321,59.5184,42.7808,1073.0218,82.97970000000001,24
425,1175.321,59.5184,42.7808,1073.0218,82.97970000000001,24
435,1175.2494,59.4737,42.7656,1073.0101,82.9698,24
332,1175.1722,59.0774,43.187599999999996,1072.9072,82.91800000000002,24
235,1175.0993,59.5785,42.8793,1072.6415,82.9631,24
335,1174.9346,59.277,42.6984,1072.9592,82.9265,24
336,1174.7152,59.1397,42.6522,1072.9233,82.89630000000001,24
234,1174.4587,58.915099999999995,42.6788,1072.8648,82.8469,24
334,1174.3611,58.8822,42.6224,1072.8565,82.83970000000001,24
434,1174.2688,58.8607,42.5572,1072.8509,82.8349,24
233,1174.166,58.7964,42.5352,1072.8344,82.82080000000002,24
333,1174.086,58.7464,42.5182,1072.8214,82.80980000000001,24
7429,1173.7666,99.9353,98.4192,975.4121,243.7763,24
326,1173.3347,59.589,42.8479,1070.8978,82.8448,24
128,1172.5021000000002,59.6175,42.8748,1070.0098,82.7882,24
927,1172.2289,59.8063,43.0138,1069.4088,82.66449999999999,24
925,1171.79,61.1135,44.0843,1066.5922,82.39170000000001,24
4115,1170.7407,94.44839999999999,123.5669,952.7254,94.56420000000001,24
405,1170.7345,74.9366,52.359,1043.4389,68.53190000000001,24
926,1170.5853,60.594500000000004,43.6237,1066.3671,82.38440000000001,24
1463,1170.2681,123.3412,128.8608,918.0661,69.47,24
924,1169.7322,59.3146,44.5077,1065.9099,82.4505,24
1133,1168.7909,52.776,40.580400000000004,1075.4345,107.51480000000002,24
4914,1167.6102,67.2624,59.2698,1041.078,87.6052,24
929,1167.4215,59.224000000000004,44.1443,1064.0532,82.40299999999999,24
30,1167.0371,59.8131,43.0592,1064.1648,82.417,24
2568,1165.6598,83.6802,57.0403,1024.9393,79.443,24
920,1165.6143,58.3979,44.8127,1062.4037,82.2621,24
7531,1165.5612,99.8172,97.7638,967.9802,242.9374,24
236,1165.0277,66.5216,47.829,1050.6770999999999,95.27040000000001,24
7431,1165.0034,99.75800000000001,97.7409,967.5045,242.92450000000002,24
7430,1165.0034,99.75800000000001,97.7409,967.5045,242.92450000000002,24
7530,1165.0034,99.75800000000001,97.7409,967.5045,242.92450000000002,24
797,1164.933,89.2047,72.8111,1002.9172,103.93279999999999,24
227,1164.2005,59.9125,43.153,1061.135,82.2241,24
1183,1163.4742,70.1493,71.5684,1021.7565,115.66550000000001,24
4695,1162.256,64.1747,46.5318,1051.5495,128.1729,24
6228,1162.1486,197.0222,156.0429,809.0835000000001,76.68950000000001,24
7021,1162.0064,141.5683,144.1217,876.3164,82.6314,24
2860,1161.6615000000002,77.892,58.1262,1025.6433,75.3259,24
6530,1157.9379999999999,130.995,179.1678,847.7752,75.9791,24
6921,1157.731,134.205,136.5008,887.0252,81.41029999999999,24
7022,1157.6385,143.4446,145.7427,868.4512,82.56179999999999,24
4500,1157.5811999999999,107.0448,54.5696,995.9667999999999,64.35,24
523,1157.2777,59.4255,45.5234,1052.3288,81.7822,24
1280,1156.2337,79.6982,72.8004,1003.7351,115.89059999999999,24
4507,1155.3346,67.82300000000001,61.6902,1025.8214,78.8315,24
3411,1155.1325,95.3377,109.0517,950.7431,77.87379999999999,24
135,1155.1152,71.8682,52.61,1030.637,102.4273,24
2425,1155.0126,91.9173,73.4883,989.607,113.16670000000002,24
4614,1154.9296,64.6592,60.001,1030.2694,86.16159999999999,24
597,1154.6253,71.3432,59.7089,1023.5732,98.76899999999999,24
1184,1154.1533,69.12650000000001,70.2031,1014.8236999999999,115.1037,24
3711,1153.8527,99.5608,120.5005,933.7914,94.48599999999999,24
5837,1152.7965,171.4877,77.3412,903.9676,90.8871,24
3904,1152.2148,56.4914,48.2236,1047.4998,64.07079999999999,24
5413,1151.6135,140.613,102.0677,908.9328,69.4291,24
5514,1151.6133,140.613,102.0677,908.9326,69.4289,24
6922,1150.8482,142.8381,144.735,863.2751,81.87,24
1435,1150.468,130.73499999999999,70.7201,949.0129000000001,73.6307,24
3313,1150.3601,95.27799999999999,79.562,975.5201000000001,68.1555,24
5512,1150.0961,140.43030000000002,101.9209,907.7449,69.3408,24
237,1149.9558,78.2201,55.2947,1016.441,118.1243,24
5513,1149.5316,140.362,101.8669,907.3027,69.3079,24
136,1147.8655,79.9023,56.3336,1011.6296,121.4928,24
139,1147.8509999999999,79.9487,56.3435,1011.5588,121.63149999999999,24
38,1147.8509999999999,79.9487,56.3435,1011.5588,121.63149999999999,24
35,1147.8509999999999,79.9487,56.3435,1011.5588,121.63149999999999,24
36,1147.8509999999999,79.9487,56.3435,1011.5588,121.63149999999999,24
37,1147.8509999999999,79.9487,56.3435,1011.5588,121.63149999999999,24
138,1147.7776,79.903,56.327799999999996,1011.5468,121.62119999999999,24
137,1147.3094,79.6102,56.2285,1011.4707,121.5569,24
1185,1147.0299,77.3672,80.6453,989.0174,118.16080000000001,24
3714,1146.4363,97.6866,118.77,929.9797,100.6942,24
3245,1145.8514,43.285399999999996,123.4144,979.1516,65.4464,24
7727,1145.4349,109.5036,116.4653,919.466,116.1898,24
3910,1143.9941,95.064,118.5956,930.3345,94.58789999999999,24
2500,1143.2727,137.25300000000001,105.4605,900.5592,64.4877,24
5388,1142.9959,79.6691,81.6146,981.7121999999999,85.7682,24
1182,1141.078,67.83,67.61749999999999,1005.6305,114.50319999999999,24
5613,1140.939,139.3243,101.0376,900.5771,68.8073,24
7928,1140.8877,26.9862,29.1016,1084.7999,69.6291,24
8228,1140.8874,34.3467,32.0756,1074.4651000000001,69.99980000000001,24
1480,1140.6484,65.7523,61.9707,1012.9254,106.5055,24
2231,1138.7377,92.7009,64.77,981.2668,149.20819999999998,24
1810,1137.7581,93.06179999999999,58.1121,986.5842,71.576,24
1712,1137.7581,93.06179999999999,58.1121,986.5842,71.576,24
1710,1137.4983,93.0412,58.0999,986.3571999999999,71.554,24
2269,1137.1857,80.5011,61.2933,995.3913,82.04929999999999,24
2221,1136.9645,107.8042,97.72330000000001,931.437,75.72460000000001,24
5615,1136.9234999999999,138.9928,100.7035,897.2272,68.4005,24
5614,1135.5735,138.6792,100.5217,896.3726,68.4777,24
2478,1135.0487,222.4782,66.5728,845.9977,111.0558,24
424,1134.9948,60.688,44.8956,1029.4112,80.24959999999999,24
720,1134.0684,59.722500000000004,45.8915,1028.4544,79.9044,24
3444,1133.5531,42.4943,122.853,968.2058,66.0628,24
679,1131.3919,79.7969,59.6009,991.9941,99.028,24
133,1130.9388,57.578,42.0457,1031.3151,77.9936,24
2674,1130.0472,82.5977,69.1031,978.3464,95.93119999999999,24
7827,1129.6437,99.0693,105.60239999999999,924.972,105.1523,24
2367,1129.0133,73.7299,56.6916,998.5918,76.7412,24
982,1128.4106,62.2245,58.6301,1007.556,112.51010000000001,24
29,1126.8719,61.2373,44.402699999999996,1021.2319,79.6875,24
1378,1126.239,63.346000000000004,57.735099999999996,1005.1578999999999,111.1069,24
6331,1126.1124,193.2195,147.8779,785.015,75.19,24
9905,1124.8991,136.34029999999998,103.8054,884.7534,70.227,24
5412,1124.4096,137.8221,99.4978,887.0897,67.8663,24
4912,1124.1593,66.4472,68.2636,989.4485,85.6586,24
2278,1124.0671,225.1205,63.3948,835.5518,111.0413,24
2380,1123.4750999999999,224.7054,63.569900000000004,835.1998,111.33699999999999,24
2379,1122.9983,225.0917,63.4018,834.5048,111.2945,24
2280,1122.9983,225.0917,63.4018,834.5048,111.2945,24
4600,1121.7131,103.1462,52.5291,966.0378,62.6148,24
4800,1121.6975,103.1423,52.5252,966.03,62.6137,24
4900,1121.4878,103.1466,52.4626,965.8786,62.6175,24
4700,1121.3856,103.0586,52.4435,965.8835,62.5919,24
4794,1121.374,108.1031,44.2346,969.0363,120.14479999999999,24
4699,1120.987,103.0354,52.4902,965.4614,62.5768,24
3143,1120.4061,41.7904,122.5664,956.0493,65.9819,24
3243,1120.4061,41.7904,122.5664,956.0493,65.9819,24
3242,1120.4061,41.7904,122.5664,956.0493,65.9819,24
3344,1120.4061,41.7904,122.5664,956.0493,65.9819,24
3342,1120.4061,41.7904,122.5664,956.0493,65.9819,24
3443,1120.4061,41.7904,122.5664,956.0493,65.9819,24
3442,1120.4061,41.7904,122.5664,956.0493,65.9819,24
3343,1120.4061,41.7904,122.5664,956.0493,65.9819,24
3144,1120.4061,41.7904,122.5664,956.0493,65.9819,24
3244,1120.4061,41.7904,122.5664,956.0493,65.9819,24
2178,1120.2518,224.6859,63.1518,832.4141,111.1486,24
2179,1120.1391,223.47809999999998,62.4687,834.1922999999999,110.6875,24
2279,1120.1249,224.6674,63.14,832.3175,111.1418,24
9904,1120.0124,136.34029999999998,103.8054,879.8667,70.5616,24
9805,1119.8751,136.34029999999998,103.8054,879.7294,70.2877,24
294,1119.6083,65.6699,62.52869999999999,991.4097,95.949,24
2378,1119.4154,217.4114,61.8228,840.1812,107.7225,24
9804,1118.6548,136.34029999999998,103.8054,878.5091,70.6545,24
9803,1118.4628,136.34029999999998,103.8054,878.3171,70.6676,24
9702,1118.4628,136.34029999999998,103.8054,878.3171,70.6676,24
9903,1118.4396,136.34029999999998,103.8054,878.2939,70.662,24
9802,1118.2988,136.2884,103.787,878.2234,70.64249999999998,24
1083,1118.2019,65.4605,63.5826,989.1587999999999,113.3159,24
1281,1115.3499,65.3699,63.4865,986.4935,113.14229999999999,24
884,1115.2219,36.9929,40.7502,1037.4788,73.27199999999999,24
7020,1114.8016,133.2615,133.67079999999999,847.8693000000001,78.3931,24
4111,1114.4771,88.0318,106.95700000000001,919.4883,88.916,24
9902,1113.7424,134.70159999999998,103.2279,875.8129,69.9873,24
9836,1113.1126,68.7979,46.968799999999995,997.3459,67.1138,24
6229,1110.4571,191.6434,145.92430000000002,772.8894,74.1855,24
713,1110.0018,80.1707,55.4864,974.3447,66.6594,24
1032,1109.517,56.3816,43.3392,1009.7962,77.79270000000001,24
4916,1109.2379,71.4795,66.5917,971.1667,85.62419999999999,24
2670,1108.0766,103.6019,62.4406,942.0341,77.8157,24
4714,1107.8207,61.3021,59.9666,986.552,83.844,24
4814,1107.8207,61.3021,59.9666,986.552,83.844,24
4697,1107.4652,55.4315,43.5224,1008.5113,129.85989999999998,24
4696,1107.4652,55.4315,43.5224,1008.5113,129.85989999999998,24
4799,1104.1386,98.521,51.2226,954.395,61.363600000000005,24
2298,1103.7556,134.937,108.8416,859.977,63.1693,24
409,1103.5387,87.4375,64.4045,951.6967,67.3155,24
621,1103.2665,59.6365,46.0093,997.6206999999999,77.13969999999999,24
8127,1102.6132,25.7358,25.6902,1051.1872,67.3148,24
2499,1102.5099,139.1564,108.88029999999999,854.4732,65.4979,24
8128,1102.1618,25.1245,25.4183,1051.619,67.4596,24
3509,1102.0935,96.0448,118.05720000000001,887.9915,93.2164,24
8028,1101.9662,23.6694,24.8298,1053.467,67.3865,24
6233,1100.6905,213.6522,143.3415,743.6967999999999,74.4596,24
8126,1100.08,26.6164,26.078500000000002,1047.3851,66.7441,24
8027,1099.5582,23.967299999999998,24.9826,1050.6083,67.3021,24
2672,1099.5471,81.6767,60.4225,957.4479,81.8933,24
3815,1098.5611,165.2853,136.5862,796.6895999999999,91.9939,24
1809,1097.3721,89.8739,56.1634,951.3348,68.1613,24
2572,1097.2072,90.5657,70.122,936.5195,84.3099,24
9603,1096.5906,134.9929,101.55720000000001,860.0405000000001,68.4632,24
432,1095.6304,55.9849,41.1109,998.5346,76.7269,24
3814,1095.4602,108.0091,119.5967,867.8544,96.2064,24
9409,1095.2587,158.23590000000002,109.3197,827.7031,71.3715,24
8227,1095.1239,28.4735,26.7024,1039.948,66.57780000000001,24
134,1094.9234999999999,58.66,44.322900000000004,991.9406,77.0449,24
9604,1094.5398,130.7483,98.8901,864.9014,68.491,24
5715,1094.0782,152.8975,102.0531,839.1276,65.4613,24
6129,1094.0741,190.6516,142.0924,761.3301,73.5127,24
6323,1093.7063,97.8564,75.112,920.7379,66.2048,24
9901,1093.6827,131.3736,101.1058,861.2033,68.5154,24
2369,1093.4093,76.3854,57.661,959.3629,79.09609999999999,24
1082,1093.2814,62.8796,59.187,971.2148,112.02260000000001,24
3511,1092.2884,95.5307,118.3187,878.439,93.1202,24
1181,1092.0951,62.7569,58.978,970.3602,111.96090000000001,24
1277,1091.4587,62.6912,58.8652,969.9023,111.928,24
1278,1091.4587,62.6912,58.8652,969.9023,111.928,24
1180,1091.4587,62.6912,58.8652,969.9023,111.928,24
1279,1091.4587,62.6912,58.8652,969.9023,111.928,24
981,1091.4587,62.6912,58.8652,969.9023,111.928,24
1081,1091.4587,62.6912,58.8652,969.9023,111.928,24
1179,1091.4587,62.6912,58.8652,969.9023,111.928,24
1080,1091.4497000000001,62.6903,58.8648,969.8946,111.9274,24
5212,1091.2586999999999,122.0478,87.41329999999999,881.7976,73.066,24
1178,1090.8987,62.6326,58.8242,969.4419,111.8894,24
695,1090.6892,141.1755,122.9478,826.5658999999999,79.9667,24
8226,1090.6779000000001,26.2195,26.0517,1038.4067,66.1754,24
1079,1090.3253,62.5725,58.782500000000006,968.9703,111.85,24
395,1090.2839000000001,65.3226,62.1293,962.832,93.3193,24
8025,1090.1131,69.7024,73.2761,947.1346,107.6903,24
3412,1089.9656,90.1151,102.3874,897.4630999999999,71.3967,24
325,1089.7154,62.5548,45.6467,981.5139,77.16259999999998,24
127,1087.4707,62.5959,45.6917,979.1831000000001,77.0137,24
1379,1087.4609,61.9075,56.9475,968.6059,108.60349999999998,24
161,1086.7551,70.0206,70.1173,946.6172,65.0189,24
6230,1085.6746,189.2004,140.5727,755.9014999999999,72.96770000000001,24
1380,1085.6723,61.6337,56.7024,967.3362,108.44389999999999,24
6329,1084.7314,181.38119999999998,142.2617,761.0885,69.9335,24
9704,1084.375,131.7147,99.2293,853.431,67.96780000000001,24
9408,1083.8177,146.2646,101.6075,835.9456,68.8192,24
4899,1082.9618,78.6466,46.9083,957.4069,86.26150000000001,24
1381,1081.8799,61.1219,56.7497,964.0083000000001,108.7254,24
880,1080.515,60.6252,57.1459,962.7438999999999,110.3724,24
10,1079.6304,94.5087,72.8411,912.2805999999999,67.2871,24
980,1079.2666,61.4161,57.9747,959.8758,111.0884,24
2120,1078.4821,97.9984,79.3839,901.0998,70.42869999999999,24
5511,1078.4048,130.6773,93.8679,853.8596,64.7048,24
2160,1078.3945,96.0538,86.1211,896.2196,66.3952,24
697,1075.9342,71.8979,58.0912,945.9451,91.8837,24
110,1074.8691,94.2668,72.7,907.9023,67.019,24
3710,1073.5213,95.06739999999999,118.0629,860.391,96.37349999999999,24
522,1071.3946,62.4715,48.3984,960.5247,75.9462,24
164,1070.496,71.4699,68.8695,930.1566,71.0719,24
1078,1070.078,63.2354,57.4208,949.4218,109.4196,24
979,1069.0356,60.5139,57.2348,951.2869000000001,110.32130000000001,24
1177,1068.9787000000001,66.3152,57.4735,945.19,108.1534,24
9703,1068.4289,130.3651,99.176,838.8878,67.5316,24
3510,1068.3593,93.9262,116.6265,857.8066,93.60919999999999,24
5012,1066.1195,68.0778,64.0049,934.0368,82.1689,24
4704,1065.9929,51.5506,41.3537,973.0886,61.097500000000004,24
4816,1065.7942,57.112300000000005,60.4575,948.2244,81.2002,24
4715,1065.7942,57.112300000000005,60.4575,948.2244,81.2002,24
4815,1065.7942,57.112300000000005,60.4575,948.2244,81.2002,24
4915,1063.8294,57.4229,59.2998,947.1067,81.17569999999999,24
1031,1061.7466,54.7054,41.9419,965.0993,73.98979999999999,24
6121,1060.2259,96.24080000000001,74.5174,889.4676999999999,63.801899999999996,24
226,1058.3896,63.6663,46.695299999999996,948.028,75.034,24
7927,1056.5993,28.0124,31.6892,996.8977,64.8536,24
778,1055.7544,78.5564,56.592999999999996,920.605,101.7189,24
2569,1055.0912,86.0712,56.165,912.855,75.1827,24
2204,1053.9436,66.70270000000001,48.4703,938.7706,64.6663,24
1899,1052.6416,152.7497,115.101,784.7909,62.2758,24
879,1050.8386,70.14489999999999,56.3897,924.304,105.49270000000001,24
5930,1049.8445,183.6715,118.66,747.513,66.5299,24
81,1049.4747,73.7886,63.1602,912.5259,70.1357,24
1230,1049.431,79.0409,75.3704,895.0197,63.0988,24
3915,1049.1038,122.3449,128.8392,797.9197,92.9713,24
3609,1048.4137,91.3488,115.3783,841.6866,94.62970000000001,24
9801,1046.5792,127.6333,96.7916,822.1543,65.7927,24
1411,1046.2246,79.67660000000001,51.2906,915.2574,61.248099999999994,24
2469,1045.3628,72.2306,53.7045,919.4277,75.8429,24
978,1044.593,73.4545,56.100699999999996,915.0378,104.0972,24
1084,1043.5018,62.214600000000004,62.7541,918.5331,105.631,24
1633,1043.4954,101.468,83.1262,858.9012,73.81899999999999,24
423,1043.4243,63.4685,49.321600000000004,930.6342,74.0453,24
7925,1040.7002,133.3241,143.5259,763.8502,85.8036,24
483,1039.8092,44.4777,40.8643,954.4671999999999,58.8802,24
877,1039.7129,77.6995,55.821200000000005,906.1922,102.1615,24
2022,1039.6363000000001,93.0838,80.5095,866.043,70.10480000000001,24
5097,1039.4388,51.7483,41.958999999999996,945.7315,131.8091,24
1077,1039.4238,76.19120000000001,55.8609,907.3716999999999,102.94279999999999,24
582,1039.3187,32.486200000000004,32.7768,974.0557,55.33359999999999,24
6326,1037.7241,135.70409999999998,124.3524,777.6676,64.06110000000001,24
779,1036.8033,77.5764,55.7384,903.4885,102.35810000000001,24
977,1036.8033,77.5764,55.7384,903.4885,102.35810000000001,24
878,1036.8033,77.5764,55.7384,903.4885,102.35810000000001,24
3311,1036.5371,82.0164,70.5706,883.9501,57.713,24
535,1036.3246,53.9536,39.2514,943.1196,72.1899,24
2322,1035.4187,94.6307,83.5129,857.2751,67.3994,24
1612,1035.3298,84.977,53.1692,897.1836,62.915499999999994,24
323,1035.2853,64.0003,48.8867,922.3983000000001,73.4829,24
324,1035.249,64.4871,47.4695,923.2924,73.4615,24
225,1034.5374,64.51219999999999,47.493900000000004,922.5313,73.413,24
819,1034.4804,56.5911,44.0631,933.8262,69.31920000000001,24
3106,1033.8408,68.9708,54.8548,910.0152,59.856899999999996,24
422,1033.708,63.6113,49.5062,920.5905,73.2725,24
1934,1033.3588,98.8867,73.6813,860.7908,64.0604,24
1918,1031.9935,103.90429999999999,87.4226,840.6666,66.62780000000001,24
2671,1030.319,74.8027,55.680800000000005,899.8355,78.2065,24
28,1029.4886,62.671,46.0944,920.7232,73.2636,24
1908,1028.9854,89.7633,62.4818,876.7402999999999,60.9674,24
9405,1027.8455000000001,139.8471,97.9244,790.0740000000001,62.621900000000004,24
6027,1027.4695,148.8833,131.95080000000002,746.6354,60.4294,24
4998,1026.328,44.5866,39.0677,942.6737,131.1246,24
4795,1026.2686,44.4636,39.0654,942.7396,131.1131,24
4895,1026.2686,44.4636,39.0654,942.7396,131.1131,24
4996,1026.2686,44.4636,39.0654,942.7396,131.1131,24
4997,1026.2686,44.4636,39.0654,942.7396,131.1131,24
5096,1026.2686,44.4636,39.0654,942.7396,131.1131,24
4796,1026.2686,44.4636,39.0654,942.7396,131.1131,24
4896,1026.2686,44.4636,39.0654,942.7396,131.1131,24
4897,1026.2297,44.453,39.0554,942.7213,131.1116,24
4898,1026.1946,44.4435,39.0463,942.7048,131.1102,24
4797,1026.1304,44.4266,39.0293,942.6745,131.1075,24
4798,1025.3937,44.3921,38.9809,942.0207,130.9826,24
2376,1023.673,61.3289,38.9861,923.358,66.94839999999999,24
6133,1023.1326,178.2,118.3013,726.6313,68.5194,24
1311,1022.5015,73.8975,46.0597,902.5443,61.128,24
680,1020.2338,68.8411,53.745,897.6477,101.1305,24
3610,1018.1137,90.5373,114.5237,813.0527,94.24059999999999,24
3611,1018.0015,90.5121,114.61019999999999,812.8792,94.2238,24
1718,1014.3148,102.59100000000001,86.8764,824.8474,64.858,24
6033,1012.3395,177.2157,117.2799,717.8439,67.8622,24
224,1010.8637,63.4396,46.8019,900.6222,71.98780000000001,24
919,1010.8002,52.5122,42.1932,916.0948,67.316,24
5313,1010.0388,126.0865,88.6982,795.2541,61.2953,24
1506,1009.4189,80.3575,52.9399,876.1215000000001,64.8583,24
4114,1008.7108999999999,88.4359,121.7878,798.4872,92.8193,24
4015,1008.7108999999999,88.4359,121.7878,798.4872,92.8193,24
4014,1008.6919,88.4338,121.7794,798.4787,92.81899999999999,24
2061,1007.9905,79.082,74.8015,854.107,63.671899999999994,24
5411,1007.2974,124.58579999999999,87.7936,794.918,60.8787,24
126,1007.2668,63.276199999999996,46.696,897.2946000000001,71.7713,24
4113,1007.2244,89.0436,119.6095,798.5713,92.9452,24
3914,1006.0415,91.4455,119.37490000000001,795.2211,92.732,24
3713,1002.6379,89.5231,113.6249,799.4898999999999,92.96,24
6189,1002.2953,69.18260000000001,42.9251,890.1876,60.6102,24
3911,1002.2149,90.3941,113.66340000000001,798.1573999999999,93.23339999999999,24
384,1001.0322,39.0991,37.4551,924.478,57.64410000000001,24
262,999.1904,66.6335,68.8769,863.68,62.988200000000006,24
9605,998.8381,124.90990000000001,90.9504,782.9778,60.475300000000004,24
6291,998.1365999999999,59.9215,45.5156,892.6995,79.4175,24
1394,996.2338,122.655,109.7565,763.8223,72.5215,24
3810,995.5305,91.09049999999999,113.3372,791.1028,92.2621,24
4112,994.3235,88.66890000000001,111.9919,793.6627,92.93509999999999,24
1511,994.0263,76.0967,48.2521,869.6775,58.399,24
4011,993.5967,88.4744,111.9093,793.213,92.9007,24
2020,992.9233,108.0215,93.1941,791.7077,64.0415,24
4013,992.8796,86.8528,114.68299999999999,791.3438,92.58759999999998,24
1293,991.1804,123.2568,111.1366,756.787,72.6288,24
2268,990.0693,66.7051,49.3667,873.9975,70.93520000000001,24
4012,989.7823999999999,86.5432,113.29299999999999,789.9462,92.54229999999998,24
1560,989.303,59.745799999999996,69.4212,860.136,71.7009,24
6502,988.1068,110.9769,94.7581,782.3718,61.2191,24
3612,987.9844,88.85900000000001,114.8987,784.2266999999999,91.4844,24
4995,987.4601,45.5817,38.9799,902.8985,124.15220000000001,24
2257,987.2969,100.05499999999999,80.5792,806.6627,61.61,24
2467,986.5703,65.6726,47.3586,873.5391,71.09119999999999,24
9701,985.7388000000001,120.1566,90.6567,774.9255,62.1122,24
612,984.2672,77.4573,50.1101,856.6998,55.879000000000005,24
402,984.0360000000001,58.8561,40.6157,884.5642,57.2351,24
9716,983.6702,114.5509,90.6799,778.4394,57.3789,24
6029,982.8143,178.155,122.8329,681.8264,67.4999,24
2577,977.0143,78.8166,61.8844,836.3133,84.7266,24
3912,975.5932,86.2173,113.53070000000001,775.8452,91.0144,24
5909,975.2522,87.1041,57.579100000000004,830.569,67.8572,24
1462,973.4261,99.86449999999999,106.2119,767.3497,62.134100000000004,24
8026,971.2043,31.3681,33.5864,906.2498,65.9042,24
181,970.279,67.0047,48.1678,855.1065,60.128600000000006,24
2761,968.7783000000001,117.696,82.1031,768.9792,62.5249,24
1233,967.6301,108.4122,54.6063,804.6116,62.3964,24
1361,964.4358,95.3483,104.44,764.6475,64.08749999999999,24
193,960.9154,63.7849,60.3636,836.7669000000001,81.7186,24
2007,959.3804,70.2984,42.3835,846.6985000000001,55.634100000000004,24
1008,957.905,83.9267,72.7708,801.2075,59.401700000000005,24
6290,957.8042,58.9221,43.686099999999996,855.196,68.7976,24
223,957.7134,60.3415,44.7136,852.6583,66.58109999999999,24
1919,957.1726,99.4656,86.1592,771.5478,64.0123,24
1819,957.1726,99.4656,86.1592,771.5478,64.0123,24
1818,957.1726,99.4656,86.1592,771.5478,64.0123,24
1817,957.1726,99.4656,86.1592,771.5478,64.0123,24
1719,957.1726,99.4656,86.1592,771.5478,64.0123,24
1616,957.1726,99.4656,86.1592,771.5478,64.0123,24
1619,957.1726,99.4656,86.1592,771.5478,64.0123,24
1518,957.1726,99.4656,86.1592,771.5478,64.0123,24
6127,956.9403,136.6339,128.0373,692.2691,59.287699999999994,24
1844,956.4507,29.6847,93.84440000000001,832.9216,96.9965,24
1617,956.356,99.5631,86.1039,770.689,64.0264,24
984,956.0158,42.935900000000004,43.7061,869.3738,83.57329999999999,24
1618,954.9554,99.8527,86.2226,768.8801,64.05170000000001,24
2468,954.6198,64.3829,46.233200000000004,844.0037,69.6987,24
2368,954.6198,64.3829,46.233200000000004,844.0037,69.6987,24
9715,954.3091,93.6518,71.1974,789.4599,54.1271,24
363,954.27,67.6553,71.426,815.1887,62.468799999999995,24
1517,953.9902,99.1482,85.7727,769.0693,63.8106,24
1536,952.2536,86.8985,57.7782,807.5769,72.7852,24
6327,952.0179,137.7965,125.08579999999999,689.1356000000001,59.6576,24
192,951.2863,63.6716,60.2324,827.3823,80.855,24
293,951.2863,63.6716,60.2324,827.3823,80.855,24
92,951.2863,63.6716,60.2324,827.3823,80.855,24
1542,951.1708,27.5299,108.7093,814.9316,95.8281,24
620,951.1507,56.5433,44.5171,850.0903,61.9619,24
1799,950.6596,112.9848,87.771,749.9038,65.1083,24
191,949.8368,63.512,60.0956,826.2292,80.72,24
292,949.7151,63.553999999999995,60.1369,826.0242000000001,80.771,24
4894,949.3914,48.6378,37.9367,862.8169,116.15780000000001,24
3613,946.9827,87.4885,111.57,747.9242,87.6514,24
521,946.7148,57.8679,45.5712,843.2757,62.3263,24
125,945.833,60.4905,44.8973,840.4452,68.0726,24
2474,944.7489,78.813,62.7825,803.1533999999999,85.8544,24
2105,944.3805,62.2834,34.8891,847.208,54.5624,24
1611,943.4937,78.7552,48.7256,816.0129000000001,56.794700000000006,24
1709,942.2042,77.6265,48.6747,815.903,55.0415,24
5312,941.0028,119.0027,82.17869999999999,739.8214,57.3292,24
1418,940.9609,97.847,84.1869,758.927,62.9854,24
393,940.568,62.875899999999994,59.5892,818.1029,80.28309999999999,24
9505,940.4047,122.0622,84.242,734.1005,56.9284,24
2132,939.1695000000001,84.2469,58.4694,796.4532,115.44050000000001,24
1613,938.9001,77.3658,48.5155,813.0187999999999,54.7622,24
6325,938.0448,104.119,84.4257,749.5001,56.264,24
6332,937.788,170.1749,113.8441,653.769,64.8806,24
1907,937.5586,73.406,44.3082,819.8444,56.5891,24
3812,937.2955,85.174,110.411,741.7104999999999,87.49119999999999,24
2122,936.8515,85.2075,75.535,776.109,62.9328,24
1610,935.7328,77.1156,48.3625,810.2547,54.4944,24
3913,934.7977,85.0365,112.7262,737.035,86.9186,24
1507,933.7089000000001,75.9094,48.7802,809.0193,55.961400000000005,24
4911,932.7473,51.796299999999995,46.0946,834.8564,74.3952,24
3705,932.1785,43.2047,36.1652,852.8086,53.8274,24
27,932.109,59.8693,44.498,827.7417,67.2463,24
394,931.374,62.7786,59.0824,809.513,79.7311,24
6227,929.3082,131.838,121.90299999999999,675.5672,58.6414,24
4503,929.0094,43.4715,36.1049,849.433,50.407199999999996,24
44,928.3506,73.2149,64.4212,790.7145,68.4055,24
45,928.3506,73.2149,64.4212,790.7145,68.4055,24
46,928.3506,73.2149,64.4212,790.7145,68.4055,24
4302,927.3329,39.9653,33.4034,853.9642,50.476299999999995,24
6231,924.5147,170.1287,111.5821,642.8039,64.1624,24
5015,923.1828,68.261,54.0239,800.8979,76.7292,24
6026,922.5748,133.6219,119.28059999999999,669.6723,54.907300000000006,24
5832,918.7587,170.277,106.8867,641.595,63.769400000000005,24
6801,918.3072,99.8536,89.5803,728.8733,58.014599999999994,24
6226,918.0176,130.1402,119.7683,668.1091,57.882999999999996,24
389,917.6043999999999,80.7152,86.3835,750.5056999999999,79.9098,24
2361,916.7338,82.4343,71.6074,762.6921,57.0285,24
1717,915.7455,96.0649,81.4625,738.2181,62.3628,24
596,915.6356,67.5145,54.322,793.7991,72.68769999999999,24
1543,915.4938,30.5509,86.2068,798.7361000000001,92.4636,24
63,914.324,66.1623,70.8253,777.3364,61.866,24
4675,910.0009,125.6474,230.7399,553.6136,62.40260000000001,24
1564,906.9507,79.2538,75.9075,751.7894,58.6246,24
2477,906.7859,81.6993,52.9048,772.1818,71.2582,24
5933,905.9965,167.5178,107.2151,631.2636,62.89410000000001,24
1825,904.8853,87.6064,76.7319,740.547,57.5561,24
1519,904.6872000000001,89.446,77.83670000000001,737.4045,61.098000000000006,24
3307,904.5075,59.4928,46.9606,798.0541000000001,52.279599999999995,24
3813,900.6928,84.2809,109.17240000000001,707.2395,83.8364,24
322,897.4659,54.7596,43.1276,799.5787,56.4701,24
1516,896.0488,93.30290000000001,78.6301,724.1158,60.100899999999996,24
1614,895.7909,74.8713,50.2898,770.6298,53.304500000000004,24
6130,895.1235,166.4361,106.0935,622.5939,62.6655,24
3508,894.3594,82.0268,97.2658,715.0668000000001,66.30250000000001,24
6031,894.1414,166.4361,106.0935,621.6118,62.5018,24
6131,894.1414,166.4361,106.0935,621.6118,62.5018,24
5931,894.1414,166.4361,106.0935,621.6118,62.5018,24
6030,894.1414,166.4361,106.0935,621.6118,62.5018,24
5833,894.1414,166.4361,106.0935,621.6118,62.5018,24
6132,894.1414,166.4361,106.0935,621.6118,62.5018,24
5932,894.1414,166.4361,106.0935,621.6118,62.5018,24
6032,894.1414,166.4361,106.0935,621.6118,62.5018,24
6232,894.1414,166.4361,106.0935,621.6118,62.5018,24
1643,883.6046,27.5299,89.11019999999999,766.9645,91.5048,24
2198,882.7846,123.39840000000001,101.471,657.9152,52.3432,24
2330,882.133,81.8214,56.658,743.6536,105.8001,24
1290,881.1709,111.4597,102.6185,667.0927,74.5419,24
263,880.3722,62.0383,67.1936,751.1403,60.2329,24
62,880.3722,62.0383,67.1936,751.1403,60.2329,24
163,880.3722,62.0383,67.1936,751.1403,60.2329,24
162,880.3722,62.0383,67.1936,751.1403,60.2329,24
61,880.3722,62.0383,67.1936,751.1403,60.2329,24
25,879.265,57.4734,42.9512,778.8404,64.0649,24
26,879.265,57.4734,42.9512,778.8404,64.0649,24
2323,878.4732,79.2028,69.11,730.1604,75.4296,24
188,877.5098,70.1943,56.4972,750.8183,65.984,24
4202,875.4677,42.4302,34.4647,798.5728,50.9524,24
3312,875.2368,72.322,57.6535,745.2613,51.5293,24
124,875.1848,57.132600000000004,42.7113,775.3409,63.3179,24
24,871.9897,56.9951,42.623,772.3716,63.1507,24
1211,870.6323,70.5821,44.6002,755.4499999999999,52.461800000000004,24
1644,870.5813,27.5299,84.5813,758.4701,90.652,24
1515,870.5206000000001,77.8914,53.9584,738.6708,51.1827,24
1745,870.4127,27.5299,84.7126,758.1702,90.64590000000001,24
1744,869.8836,27.5299,85.1304,757.2233,90.6267,24
1845,869.8836,27.5299,85.1304,757.2233,90.6267,24
1419,869.3867,82.5267,72.063,714.797,58.7635,24
1835,867.1536,81.4739,55.222899999999996,730.4568,65.3804,24
9916,855.4148,113.3056,92.151,649.9582,51.4266,24
7826,854.1745,62.494499999999995,67.6156,724.0644,70.39320000000001,24
9909,853.8512000000001,123.7571,80.7555,649.3386,53.9246,24
1808,849.9147,69.4674,43.4047,737.0426,50.2281,24
6126,849.638,120.8164,108.1938,620.6278,51.5633,24
6191,849.2189,58.7474,39.3172,751.1543,57.4338,24
311,848.5182,80.0442,64.1665,704.3075,54.0241,24
6190,844.7917,57.485299999999995,38.7693,748.5371,57.4317,24
5906,841.0391999999999,95.7517,69.12440000000001,676.1631,58.008799999999994,24
1205,839.9442,68.78,43.9594,727.2048,50.828,24
9406,838.1703,92.6112,61.6028,683.9562999999999,50.5347,24
5195,837.6901,77.5135,58.856700000000004,701.3199,61.5102,24
1415,837.013,70.1709,44.1867,722.6554,50.5591,24
421,835.7272,50.6003,40.5967,744.5302,50.9869,24
2503,834.6858,38.7356,29.5304,766.4198,51.4383,24
5921,832.5845,112.7302,81.5197,638.3346,58.26559999999999,24
2324,830.0556,75.9651,61.928,692.1625,72.9731,24
5095,829.4243,45.7779,36.1981,747.4483,96.2724,24
719,827.1301,50.0345,40.2097,736.8859,50.2244,24
2673,826.2685,73.6782,58.830000000000005,693.7603,82.8293,24
1708,825.9462,68.4506,43.064099999999996,714.4315,50.436099999999996,24
1410,825.9462,68.4506,43.064099999999996,714.4315,50.436099999999996,24
1409,825.9462,68.4506,43.064099999999996,714.4315,50.436099999999996,24
1412,825.9462,68.4506,43.064099999999996,714.4315,50.436099999999996,24
1413,825.9462,68.4506,43.064099999999996,714.4315,50.436099999999996,24
1602,825.9462,68.4506,43.064099999999996,714.4315,50.436099999999996,24
1408,825.9462,68.4506,43.064099999999996,714.4315,50.436099999999996,24
1314,825.9462,68.4506,43.064099999999996,714.4315,50.436099999999996,24
1312,825.9462,68.4506,43.064099999999996,714.4315,50.436099999999996,24
1603,825.9462,68.4506,43.064099999999996,714.4315,50.436099999999996,24
1608,825.9462,68.4506,43.064099999999996,714.4315,50.436099999999996,24
1609,825.9462,68.4506,43.064099999999996,714.4315,50.436099999999996,24
1604,825.9462,68.4506,43.064099999999996,714.4315,50.436099999999996,24
1113,825.9462,68.4506,43.064099999999996,714.4315,50.436099999999996,24
1214,825.9462,68.4506,43.064099999999996,714.4315,50.436099999999996,24
1213,825.9462,68.4506,43.064099999999996,714.4315,50.436099999999996,24
1209,825.9462,68.4506,43.064099999999996,714.4315,50.436099999999996,24
1505,825.9462,68.4506,43.064099999999996,714.4315,50.436099999999996,24
1509,825.9462,68.4506,43.064099999999996,714.4315,50.436099999999996,24
1508,825.9462,68.4506,43.064099999999996,714.4315,50.436099999999996,24
1512,825.9462,68.4506,43.064099999999996,714.4315,50.436099999999996,24
1502,825.9462,68.4506,43.064099999999996,714.4315,50.436099999999996,24
1305,825.9462,68.4506,43.064099999999996,714.4315,50.436099999999996,24
1513,825.9462,68.4506,43.064099999999996,714.4315,50.436099999999996,24
1510,825.9462,68.4506,43.064099999999996,714.4315,50.436099999999996,24
1313,825.9462,68.4506,43.064099999999996,714.4315,50.436099999999996,24
1405,825.9462,68.4506,43.064099999999996,714.4315,50.436099999999996,24
1315,825.9462,68.4506,43.064099999999996,714.4315,50.436099999999996,24
1309,825.9462,68.4506,43.064099999999996,714.4315,50.436099999999996,24
1707,824.9676000000001,68.2497,42.9016,713.8163000000001,50.3905,24
1112,824.5301,68.2053,42.8331,713.4917,50.3672,24
1304,824.3411,68.0748,42.7597,713.5066,50.35940000000001,24
1706,823.6962,67.9887,42.69,713.0175,50.331100000000006,24
3005,822.5917999999999,52.2582,39.983000000000004,730.3506,47.2512,24
4806,821.7827,37.874900000000004,26.7804,757.1274,47.1083,24
1288,819.7376,56.3519,59.4743,703.9114,84.3635,24
1660,819.5027,65.2038,74.2367,680.0622,58.37960000000001,24
1296,819.4704,64.4435,55.0258,700.0011,82.1178,24
1806,819.1196,67.0491,41.9305,710.14,50.1176,24
410,818.8602999999999,65.442,49.9268,703.4915,50.5462,24
1704,818.4599999999999,67.0534,41.7044,709.7022,50.0999,24
1210,817.4846,71.2026,47.8724,698.4096,49.4901,24
2573,817.4347,73.1625,58.5287,685.7435,82.3198,24
7926,816.8031,49.6718,56.961999999999996,710.1693,72.64869999999999,24
187,816.1897,33.7566,36.1953,746.2378,61.1121,24
9908,816.0453,121.5392,79.6012,614.9049,52.1362,24
6025,814.5837,114.924,100.43900000000001,599.2207,48.9747,24
2576,814.5202999999999,73.2153,58.7489,682.5561,83.0325,24
1514,813.86,76.65820000000001,47.2759,689.9259,46.347100000000005,24
1114,813.8064,68.3561,42.5729,702.8774,48.6167,24
2476,813.564,72.81530000000001,58.2048,682.5439,82.3123,24
1111,813.3466999999999,66.2744,41.0096,706.0627,49.823699999999995,24
1605,811.8309,65.5541,40.7217,705.5551,49.777100000000004,24
1727,811.1674,94.0569,79.2472,637.8633,50.1218,24
1702,810.9851,65.75580000000001,40.5771,704.6522,49.7104,24
1110,810.8643000000001,65.846,40.6049,704.4134,49.703100000000006,24
1215,810.5503,68.33109999999999,42.4411,699.7781,48.4163,24
2475,809.5983,73.06869999999999,58.5866,677.943,82.843,24
2574,809.5983,73.06869999999999,58.5866,677.943,82.843,24
2575,809.5983,73.06869999999999,58.5866,677.943,82.843,24
1601,808.9696,64.477,39.8482,704.6444,49.6248,24
1021,807.7719000000001,46.687,41.3969,719.688,54.871,24
5804,806.9995,80.9743,70.395,655.6302000000001,47.104699999999994,24
9608,806.8705,131.1494,90.3634,585.3577,50.8289,24
1404,805.6446,66.4837,41.4531,697.7078,49.2013,24
2033,804.4225,75.2687,52.3601,676.7937000000001,65.5155,24
495,801.511,58.8133,52.087399999999995,690.6103,72.53099999999999,24
5924,801.1681,101.06739999999999,77.2798,622.8209,59.7869,24
5923,801.1681,101.06739999999999,77.2798,622.8209,59.7869,24
1735,799.2872,77.92060000000001,53.2614,668.1052,59.1558,24
1402,798.5919,62.6509,38.3881,697.5529,48.69559999999999,24
1414,798.162,72.4665,44.6801,681.0154,45.3743,24
1013,797.8288,68.1423,41.8602,687.8263,47.6388,24
1109,797.7714000000001,63.585,38.4702,695.7162000000001,49.066500000000005,24
818,796.4601,44.5402,36.3157,715.6042,45.21,24
1029,795.367,49.8127,39.8385,705.7158,50.317499999999995,24
5922,795.0377,100.4361,76.70779999999999,617.8938,58.9889,24
1204,793.9628,65.82979999999999,40.5045,687.6285,47.4112,24
1504,793.5312,61.9719,38.313199999999995,693.2461,48.6149,24
1998,793.4422,115.7573,96.5425,581.1424,49.11059999999999,24
1705,793.2083,61.7325,37.6301,693.8457,48.908,24
1607,793.1695,63.5784,39.1069,690.4842,48.6708,24
2062,792.6676,60.9315,58.6905,673.0456,56.3621,24
1329,790.2922,56.4966,50.6333,683.1623,45.3157,24
1012,789.7583000000001,63.8483,38.388400000000004,687.5216,47.405,24
1620,789.604,78.1951,71.4793,639.9296,54.3815,24
918,789.5155,43.4894,33.0816,712.9445000000001,45.7636,24
3606,789.3743,34.0146,28.5989,726.7608,47.7977,24
1115,782.5966999999999,68.1134,41.3115,673.1718,46.6956,24
1303,782.048,61.747,37.7718,682.5292000000001,46.72,24
386,780.9109,35.9676,39.3683,705.5749999999999,64.6003,24
7821,780.3596,68.4256,92.2202,619.7138,117.4614,24
1802,780.0053,58.5496,35.1393,686.3164,48.1467,24
1030,779.4893,40.0746,30.0775,709.3371999999999,54.4997,24
1014,778.7616,68.0836,41.1562,669.5218,46.459500000000006,24
1703,778.3539000000001,60.001,34.9958,683.3571000000001,48.1841,24
6007,775.5477999999999,90.3127,62.5453,622.6898,55.88459999999999,24
1116,774.8867,67.7811,40.7976,666.308,46.237899999999996,24
1015,774.4672,67.5039,40.9375,666.0258,46.219100000000005,24
494,773.9493,55.4794,50.0341,668.4358,70.8873,24
5710,773.7637,82.7041,53.1357,637.9239,58.0018,24
3811,772.9567,79.64320000000001,104.5066,588.8069,71.6468,24
1805,770.8463,57.1452,33.9188,679.7823,47.864200000000004,24
1216,769.4819,68.0478,41.3988,660.0353,46.092099999999995,24
1606,765.3141,58.1114,34.6826,672.5201000000001,47.339400000000005,24
914,764.2448,65.9432,39.0628,659.2388,45.691900000000004,24
1417,763.8042,80.1621,62.6288,621.0133000000001,51.7658,24
907,763.6985999999999,59.1582,40.4378,664.1025999999999,45.006,24
1803,763.4518,56.7379,31.7052,675.0087,47.625099999999996,24
1501,761.9041,54.1796,31.4053,676.3192,46.9623,24
595,761.1682999999999,68.6716,55.5586,636.9381,68.5231,24
9816,760.7581,96.7429,78.104,585.9112,45.2903,24
1104,760.3965,56.859,40.263799999999996,663.2737,44.6712,24
915,759.4698,64.8075,38.4051,656.2572,45.447399999999995,24
1807,756.7677,56.9633,33.5837,666.2207,46.2809,24
585,756.3787,36.2722,38.677400000000006,681.4291000000001,64.2201,24
1520,755.8485,67.8804,63.2849,624.6831999999999,51.8682,24
893,754.6404,88.4237,78.8298,587.3869,63.78159999999999,24
6324,753.9182,89.3967,65.3009,599.2206,45.057199999999995,24
1920,752.2448,81.8003,76.0053,594.4392,53.4705,24
1406,751.7035,61.4251,40.7045,649.5739,48.8368,24
2064,750.9782,56.9705,56.0651,637.9426,54.7614,24
1011,750.4408999999999,56.7088,31.718799999999998,662.0133,45.7497,24
520,749.3832,44.9251,36.7107,667.7474,47.2299,24
285,748.0704000000001,40.2263,37.955,669.8891,51.9023,24
9506,747.9901,123.7453,85.17229999999999,539.0725,48.3923,24
1503,746.58,60.0296,37.0248,649.5256,45.735,24
908,746.2037,62.5202,36.1508,647.5327,44.7368,24
1308,745.6131,61.657000000000004,38.1642,645.7918999999999,45.505199999999995,24
1820,744.5908000000001,80.33840000000001,74.7919,589.4605,53.0733,24
1004,744.1998,51.2164,37.8443,655.1391,43.5703,24
186,741.3399,44.419,42.0962,654.8247,53.894299999999994,24
718,740.0934,44.1698,36.1886,659.735,46.8658,24
419,738.187,44.1892,36.2072,657.7906,47.0047,24
618,738.187,44.1892,36.2072,657.7906,47.0047,24
518,738.187,44.1892,36.2072,657.7906,47.0047,24
420,738.187,44.1892,36.2072,657.7906,47.0047,24
619,738.187,44.1892,36.2072,657.7906,47.0047,24
519,738.187,44.1892,36.2072,657.7906,47.0047,24
1203,737.8494000000001,51.3204,35.844500000000004,650.6845,43.398700000000005,24
5294,737.5891,73.9511,54.0901,609.5479,55.06219999999999,24
1903,736.6554,48.9882,27.067999999999998,660.5992,46.1947,24
1804,736.5275,51.3965,27.138,657.9929999999999,46.383799999999994,24
1904,736.2189,51.3392,26.7491,658.1306,46.381,24
906,735.26,49.063,36.100500000000004,650.0965,43.055800000000005,24
9906,734.378,115.7064,81.5322,537.1394,48.8113,24
1020,734.2651000000001,44.5452,42.065799999999996,647.6541,49.5005,24
1010,734.063,53.5306,28.7881,651.7443,45.2282,24
2004,733.1875,49.8063,26.6019,656.7793,46.0202,24
808,732.2556,53.8777,35.6899,642.688,43.39809999999999,24
91,730.5109,39.498,39.552499999999995,651.4604,60.257000000000005,24
517,730.3095,44.231,35.6522,650.4263,46.6391,24
321,728.6731,43.7585,35.9291,648.9855,46.627399999999994,24
1563,726.2327,55.4881,53.9965,616.7481,54.069700000000005,24
1665,726.0027,55.4625,53.9684,616.5718,54.0634,24
1960,725.7021,53.3818,56.0958,616.2245,54.1701,24
2005,724.7279,48.2862,25.3846,651.0571,45.7868,24
411,724.4905,48.184400000000004,35.8012,640.5049,43.821200000000005,24
1202,723.9087,46.405899999999995,33.9505,643.5523000000001,42.4152,24
1720,723.0159,74.8831,69.977,578.1558,51.817099999999996,24
401,722.841,43.8912,31.7543,647.1955,42.3641,24
1701,722.4518,54.5129,32.8025,635.1364,44.3592,24
1461,721.7364,50.1641,59.6413,611.931,54.1606,24
801,721.5182,46.4096,33.9554,641.1532,42.3697,24
1022,721.4851,42.6758,34.3944,644.4149,47.111200000000004,24
1561,720.9854,50.1918,59.2826,611.511,54.1294,24
1760,720.9402,50.7087,58.618900000000004,611.6126,54.1055,24
1860,720.8275,52.0007,56.9604,611.8664,54.046200000000006,24
1661,720.7377,53.0411,55.626,612.0706,53.9983,24
1562,720.6153,54.4494,53.8185,612.3474,53.9336,24
1761,720.592,54.7166,53.4756,612.3998,53.9213,24
1764,720.5791,54.855,53.2973,612.4268,53.9149,24
1763,720.5791,54.855,53.2973,612.4268,53.9149,24
1963,720.5791,54.855,53.2973,612.4268,53.9149,24
1965,720.5791,54.855,53.2973,612.4268,53.9149,24
1962,720.5791,54.855,53.2973,612.4268,53.9149,24
1961,720.5791,54.855,53.2973,612.4268,53.9149,24
1964,720.5791,54.855,53.2973,612.4268,53.9149,24
1863,720.5791,54.855,53.2973,612.4268,53.9149,24
1862,720.5791,54.855,53.2973,612.4268,53.9149,24
1864,720.5791,54.855,53.2973,612.4268,53.9149,24
1762,720.5791,54.855,53.2973,612.4268,53.9149,24
1664,720.5791,54.855,53.2973,612.4268,53.9149,24
1662,720.5791,54.855,53.2973,612.4268,53.9149,24
1663,720.5791,54.855,53.2973,612.4268,53.9149,24
2063,720.5791,54.855,53.2973,612.4268,53.9149,24
1861,720.5791,54.855,53.2973,612.4268,53.9149,24
1865,720.4221,54.7596,53.2544,612.4081,53.9132,24
1765,720.3765,54.7318,53.2421,612.4026,53.9127,24
807,720.2158000000001,45.541399999999996,33.2509,641.4235,42.2068,24
904,718.717,45.191,32.9671,640.5589,42.12220000000001,24
1622,718.6429,64.467,62.6048,591.5711,51.7889,24
1102,718.3162,47.9743,36.7147,633.6272,41.43899999999999,24
702,718.0674,45.0382,32.844,640.1852,42.0856,24
9809,717.8694,115.7783,76.6035,525.4876,47.4922,24
617,717.4561,44.264,34.1755,639.0166,45.194,24
905,717.2529,44.847899999999996,32.6898,639.7152,42.0396,24
418,716.8836,43.2234,35.5831,638.0771,46.1601,24
1521,716.3172000000001,61.6761,61.52,593.1211000000001,49.198100000000004,24
1117,716.2173,62.768,39.0171,614.4322,43.882999999999996,24
4994,716.1452,44.9416,33.6593,637.5443,76.3927,24
1009,715.8194,51.4747,26.627699999999997,637.717,43.586999999999996,24
1905,715.7639,46.2371,24.4465,645.0803,45.3301,24
1103,714.5897,44.2245,32.1854,638.1798,41.889300000000006,24
806,714.4843,44.1999,32.1655,638.1188999999999,41.88340000000001,24
607,714.4487,44.1918,32.1584,638.0985,41.881299999999996,24
392,714.3987,46.0934,46.0327,622.2726,68.21029999999999,24
1101,713.6326,44.0226,32.0218,637.5882,41.838699999999996,24
3206,713.6155,42.393299999999996,32.8577,638.3645,41.5035,24
1401,712.0656,46.1884,29.091,636.7862,42.236900000000006,24
4003,711.9195,40.961,30.66,640.2985,42.41010000000001,24
903,711.6034,43.5259,31.6191,636.4584,41.720600000000005,24
694,711.3673,81.0025,75.4602,554.9046,65.6979,24
289,711.2556,55.0546,58.7831,597.4179,68.2629,24
707,710.7935,43.3363,31.465999999999998,635.9912,41.675000000000004,24
6024,710.7301,93.0268,69.9922,547.7111,49.10080000000001,24
803,710.6422,43.3011,31.4373,635.9038,41.6664,24
804,710.556,43.2807,31.4211,635.8542,41.661500000000004,24
5603,710.547,68.7461,54.7472,587.0537,41.02000000000001,24
1316,710.4924,67.9047,44.2877,598.3,44.2017,24
901,710.1066,43.1755,31.336199999999998,635.5949,41.6362,24
504,710.1066,43.1755,31.336199999999998,635.5949,41.6362,24
703,710.1066,43.1755,31.336199999999998,635.5949,41.6362,24
606,710.1066,43.1755,31.336199999999998,635.5949,41.6362,24
601,710.1066,43.1755,31.336199999999998,635.5949,41.6362,24
705,710.1066,43.1755,31.336199999999998,635.5949,41.6362,24
805,710.1066,43.1755,31.336199999999998,635.5949,41.6362,24
502,710.1066,43.1755,31.336199999999998,635.5949,41.6362,24
603,710.1066,43.1755,31.336199999999998,635.5949,41.6362,24
706,710.1066,43.1755,31.336199999999998,635.5949,41.6362,24
602,710.1066,43.1755,31.336199999999998,635.5949,41.6362,24
605,710.1066,43.1755,31.336199999999998,635.5949,41.6362,24
503,710.1066,43.1755,31.336199999999998,635.5949,41.6362,24
506,710.1066,43.1755,31.336199999999998,635.5949,41.6362,24
701,710.1066,43.1755,31.336199999999998,635.5949,41.6362,24
1201,710.1066,43.1755,31.336199999999998,635.5949,41.6362,24
704,710.1066,43.1755,31.336199999999998,635.5949,41.6362,24
1301,710.1066,43.1755,31.336199999999998,635.5949,41.6362,24
604,710.1066,43.1755,31.336199999999998,635.5949,41.6362,24
501,710.1066,43.1755,31.336199999999998,635.5949,41.6362,24
505,710.1066,43.1755,31.336199999999998,635.5949,41.6362,24
902,710.1066,43.1755,31.336199999999998,635.5949,41.6362,24
1001,710.1066,43.1755,31.336199999999998,635.5949,41.6362,24
5703,710.0269,75.1918,59.9709,574.8642,40.60679999999999,24
1906,709.4839,44.553599999999996,23.7352,641.1951,45.0001,24
512,707.5607,43.6816,31.2436,632.6355,41.9981,24
123,706.5688,46.0354,35.1105,625.4229,45.832600000000006,24
1302,706.5033,45.54,28.954800000000002,632.0085,41.846000000000004,24
2104,706.398,50.1219,30.4843,625.7918,43.0246,24
1092,706.3674,79.0517,72.2906,555.0251,61.722300000000004,24
802,706.3342,43.1804,31.227899999999998,631.9259,41.5416,24
507,706.1806,43.280499999999996,31.0327,631.8674,41.5003,24
717,704.9341,44.06,28.9593,631.9148,41.766200000000005,24
1002,704.3687,44.100500000000004,31.851399999999998,628.4168,41.2086,24
1421,704.3100000000001,54.8954,52.8828,596.5318,48.1116,24
312,703.5725,64.6581,51.759499999999996,587.1549,44.8252,24
291,703.3595,45.2742,45.3706,612.7147,67.6212,24
1108,703.3283,58.119099999999996,36.3001,608.9091,42.93549999999999,24
817,702.7106,43.9553,26.936700000000002,631.8186,42.1513,24
912,701.3643,55.0853,28.8109,617.4680999999999,42.4657,24
913,701.2931,55.073,28.7997,617.4204,42.4621,24
1018,701.0337999999999,43.6254,31.8197,625.5887,42.4541,24
1319,699.0891,52.8163,45.2688,601.004,47.403000000000006,24
281,697.9591,50.4537,42.9285,604.5769,54.5891,24
708,696.5662,44.1763,30.5654,621.8245,41.2212,24
9808,695.1576,114.5835,75.9818,504.5923,46.5292,24
1403,692.7912,48.6716,28.0046,616.115,43.1122,24
6602,691.5351,71.0942,66.3888,554.0521,47.1272,24
1003,691.3448,41.9275,30.3866,619.0307,40.650099999999995,24
608,690.3374,44.2588,30.0485,616.0301,40.998599999999996,24
1320,688.0854,45.669,41.1156,601.3008,46.6447,24
1220,687.9729,45.5708,41.1387,601.2634,46.628,24
1321,687.1514,45.63,41.0607,600.4607,46.563,24
508,686.0946,43.6874,29.456799999999998,612.9504,40.8004,24
1028,685.7269,44.2502,33.0914,608.3853,43.029799999999994,24
513,685.2356,41.3399,29.262700000000002,614.633,40.7391,24
1120,685.1639,43.1153,41.7164,600.3322000000001,46.20980000000001,24
1119,684.9886,42.9622,41.7523,600.2741,46.183800000000005,24
1019,684.9886,42.9622,41.7523,600.2741,46.183800000000005,24
509,684.6595,43.8579,29.3721,611.4295,40.755700000000004,24
510,684.6595,43.8579,29.3721,611.4295,40.755700000000004,24
609,684.6595,43.8579,29.3721,611.4295,40.755700000000004,24
610,684.6595,43.8579,29.3721,611.4295,40.755700000000004,24
6122,684.1671,86.1386,64.011,534.0175,40.8825,24
709,683.6188000000001,44.2114,28.9924,610.415,40.7569,24
611,683.1560999999999,44.3676,28.824,609.9645,40.7573,24
511,682.5103,42.5058,28.9331,611.0714,40.6286,24
1407,682.1631,57.2274,36.0516,588.8841,41.3797,24
1219,681.1958999999999,45.0952,40.8215,595.2792,46.2313,24
313,681.0934,40.3009,29.1825,611.61,40.7086,24
6008,681.078,80.7454,51.1327,549.1999,53.078799999999994,24
211,680.9518,73.9016,60.742200000000004,546.308,44.61110000000001,24
613,679.0641,53.4668,30.3962,595.2011,40.2154,24
1186,678.3886,46.0346,52.9535,579.4005,67.4739,24
710,676.8578,46.5066,26.5274,603.8238,40.7641,24
412,676.3639000000001,38.6397,27.6773,610.0469,40.2651,24
413,676.3639000000001,38.6397,27.6773,610.0469,40.2651,24
414,676.288,38.6402,27.677500000000002,609.9703,40.260400000000004,24
1105,674.976,60.2777,35.0212,579.6771,39.9812,24
514,674.4776,39.4732,26.9577,608.0467,40.279199999999996,24
1221,673.7839,43.9489,40.631099999999996,589.2039,45.3089,24
6023,673.6342,89.7287,67.0025,516.903,44.717600000000004,24
813,673.2678,50.2339,24.2312,598.8027,41.0243,24
222,673.186,41.9625,33.3932,597.8303,44.101800000000004,24
5806,673.1168,81.7029,52.414100000000005,538.9998,52.3467,24
715,672.7417,47.5926,24.2215,600.9276,40.965599999999995,24
809,671.5919,48.2932,24.607300000000002,598.6914,40.769299999999994,24
9806,671.3317,112.4659,78.08239999999999,480.7834,45.9014,24
320,670.9244,41.1408,34.2396,595.544,44.337900000000005,24
5311,669.8496,84.69630000000001,58.2349,526.9184,41.558,24
711,669.6586,48.9507,23.9021,596.8058,40.7715,24
9712,668.8007,110.3064,74.3664,484.1279,45.6181,24
714,668.6933,49.2847,23.4709,595.9377,40.7868,24
910,668.5943,49.3896,23.4415,595.7632,40.7869,24
911,668.4826,49.389,23.4373,595.6563,40.780100000000004,24
1725,668.442,58.564,53.9228,555.9552,42.3592,24
909,668.3707999999999,49.3883,23.4326,595.5499,40.7731,24
812,668.3707999999999,49.3883,23.4326,595.5499,40.7731,24
811,668.3707999999999,49.3883,23.4326,595.5499,40.7731,24
810,668.3707999999999,49.3883,23.4326,595.5499,40.7731,24
1621,667.8675,59.2471,59.4843,549.1361,47.6673,24
1017,667.0858,45.1431,24.792299999999997,597.1504,40.7149,24
917,665.7209,44.152,24.332,597.2369,40.6131,24
916,663.8264,44.8069,24.1729,594.8466,40.547200000000004,24
5002,663.5737,45.5934,36.2646,581.7157,40.94160000000001,24
816,663.3352,44.3682,24.2304,594.7366,40.522600000000004,24
5809,662.7858,80.3372,50.7188,531.7298,52.3501,24
614,662.7662,45.0786,22.4174,595.2702,40.3928,24
716,662.7302999999999,44.2312,24.1436,594.3555,40.4916,24
111,662.7129,70.0281,57.2736,535.4112,43.2337,24
4575,662.4322999999999,79.4223,170.8728,412.1372,45.6327,24
1016,661.4694,49.1211,26.9571,585.3912,40.083,24
515,661.1048,42.8198,23.355,594.93,40.091100000000004,24
615,660.2774,44.1701,21.94,594.1673,40.299099999999996,24
1217,659.5766,67.764,46.4989,545.3137,43.77629999999999,24
796,659.0731,74.99210000000001,56.8007,527.2803,56.852000000000004,24
6223,658.7641,85.45609999999999,63.3011,510.00690000000003,39.6496,24
9815,658.4465,66.58449999999999,51.0348,540.8272,37.2982,24
5338,657.6445,14.9305,476.7655,165.9485,55.366699999999994,24
5709,655.5754,80.1758,50.5561,524.8435,52.028099999999995,24
5708,655.2776,80.1758,50.5561,524.5457,51.9381,24
5908,654.6786999999999,80.1758,50.5561,523.9467999999999,51.757,24
5238,653.6678999999999,18.0981,464.7919,170.7779,49.83149999999999,24
1420,653.3741,55.0782,45.0817,553.2142,45.781200000000005,24
2006,651.8321,42.985299999999995,22.3759,586.4709,41.0068,24
5807,649.8941,79.699,50.198299999999996,519.9968,51.4346,24
1208,649.4054,56.0207,33.7692,559.6155,39.2449,24
1416,645.7754,67.738,47.2938,530.7436,44.422399999999996,24
5503,645.1154,55.2453,43.9865,545.8836,38.370599999999996,24
1318,643.9079,67.7474,47.8591,528.3014,44.675,24
5610,643.4118,79.1549,49.8473,514.4096,51.01689999999999,24
2098,642.1685,110.8335,93.4432,437.8918,40.5544,24
2400,642.1685,110.8335,93.4432,437.8918,40.5544,24
2399,642.1685,110.8335,93.4432,437.8918,40.5544,24
2299,642.1685,110.8335,93.4432,437.8918,40.5544,24
5907,642.1423,78.9253,49.6177,513.5993,50.91159999999999,24
417,640.1392,39.7451,33.3391,567.0550000000001,43.1175,24
6225,639.3883,88.3771,67.2513,483.7599,39.2179,24
1317,639.0742,67.7119,47.4514,523.9109,44.392900000000004,24
6401,638.7108,63.4784,60.5243,514.7081,44.88000000000001,24
2199,638.2828,109.8662,92.6194,435.79720000000003,40.3352,24
9811,634.5734,109.10839999999999,73.5522,451.9128,43.5505,24
5808,633.4568,78.0479,48.9599,506.449,50.362,24
616,630.1458,44.5041,24.4069,561.2348,38.4692,24
287,628.4967,36.1397,37.9978,554.3592,61.784499999999994,24
1218,626.6928,60.9172,43.812400000000004,521.9631999999999,43.6669,24
319,625.7225999999999,39.0911,32.9162,553.7153,42.545899999999996,24
314,620.7113,38.0745,26.5502,556.0866,37.0543,24
5609,620.5355,76.5237,47.919399999999996,496.0924,49.565,24
415,618.4745,39.4121,28.0573,551.0051,37.4644,24
2661,617.89,84.5162,47.1387,486.2351,43.8528,24
23,617.0398,40.2398,31.149200000000004,545.6508,41.3929,24
2223,612.6672,59.2369,57.352399999999996,496.0779,48.5326,24
6022,612.4279,84.2868,62.071,466.0701,37.4854,24
190,612.3139,33.2425,34.8718,544.1996,56.7927,24
2222,611.6998,66.79169999999999,66.0268,478.8813,47.3826,24
6224,611.2118,84.1788,61.9724,465.0606,37.3417,24
6123,611.2118,84.1788,61.9724,465.0606,37.3417,24
6125,611.2118,84.1788,61.9724,465.0606,37.3417,24
6124,611.2118,84.1788,61.9724,465.0606,37.3417,24
6021,610.5109,84.1788,61.9724,464.3597,37.3417,24
388,609.3129,40.7705,41.010600000000004,527.5318,62.806799999999996,24
1306,608.855,54.0406,32.557700000000004,522.2567,36.1872,24
5011,608.6251,29.0912,29.8421,549.6918,56.964800000000004,24
1533,607.351,73.8651,61.8867,471.5992,42.2465,24
5707,607.3474,74.9571,46.966,485.4243,48.2817,24
9512,606.7853,108.30850000000001,68.8609,429.6159,41.0045,24
2099,606.4374,101.9403,85.873,418.6241,38.538,24
1006,605.806,50.0845,33.3725,522.349,35.7671,24
9509,604.723,109.958,74.3823,420.3827,42.9508,24
1728,604.1965,63.595600000000005,57.900099999999995,482.7008,37.9346,24
221,601.0783,37.9741,32.1952,530.909,41.568799999999996,24
5805,600.1351999999999,71.2268,46.8721,482.0363,45.319799999999994,24
1118,599.7832,46.0038,35.7936,517.9858,41.365899999999996,24
5010,598.9564,29.2217,28.293499999999998,541.4412,56.3094,24
3105,596.9966000000001,44.3784,37.2832,515.335,37.419,24
2300,596.5678,99.4836,83.7808,413.3034,37.9808,24
1023,595.9821000000001,38.2438,31.5018,526.2365,37.1877,24
9706,595.4811,107.936,73.6773,413.8678,42.0241,24
516,595.2223,41.94,28.433,524.8493,39.6623,24
315,594.6621,39.3813,30.0366,525.2442,40.4283,24
318,594.5227,37.677299999999995,32.005,524.8404,41.3088,24
6701,594.2835,59.4258,57.4496,477.4081,42.7832,24
6501,594.2835,59.4258,57.4496,477.4081,42.7832,24
6601,594.2835,59.4258,57.4496,477.4081,42.7832,24
9609,594.0501,108.7503,73.31139999999999,411.9884,41.630900000000004,24
2003,591.5074999999999,39.6669,26.5509,525.2897,36.506699999999995,24
1729,591.4538,61.574600000000004,56.7777,473.1015,37.2008,24
1827,591.4538,61.574600000000004,56.7777,473.1015,37.2008,24
1828,591.4538,61.574600000000004,56.7777,473.1015,37.2008,24
1927,591.4538,61.574600000000004,56.7777,473.1015,37.2008,24
2027,591.4538,61.574600000000004,56.7777,473.1015,37.2008,24
2028,591.4538,61.574600000000004,56.7777,473.1015,37.2008,24
1926,591.4538,61.574600000000004,56.7777,473.1015,37.2008,24
1928,591.4538,61.574600000000004,56.7777,473.1015,37.2008,24
2128,591.4538,61.574600000000004,56.7777,473.1015,37.2008,24
1829,591.4538,61.574600000000004,56.7777,473.1015,37.2008,24
1121,590.7509,39.0553,36.2034,515.4922,37.9272,24
11,590.7277,55.9925,46.0342,488.701,38.8392,24
416,590.3761,38.7038,30.1649,521.5074,40.036100000000005,24
1721,590.0352,57.2148,57.2817,475.5387,45.648700000000005,24
1929,588.722,62.3078,56.3671,470.0471,37.4691,24
2123,588.0246999999999,58.3664,56.6312,473.0271,44.6582,24
2025,586.9788,60.9857,55.9634,470.0297,36.9166,24
1189,585.4441,42.7657,43.637499999999996,499.0409,61.7663,24
2023,584.526,75.7298,65.6001,443.1961,41.9204,24
9713,583.8403,73.3838,49.496199999999995,460.9603,39.8497,24
316,583.0725,37.3099,30.9917,514.7709,40.7088,24
117,582.9141999999999,37.150800000000004,31.6643,514.0991,40.8487,24
118,582.9141999999999,37.150800000000004,31.6643,514.0991,40.8487,24
120,582.9141999999999,37.150800000000004,31.6643,514.0991,40.8487,24
218,582.9141999999999,37.150800000000004,31.6643,514.0991,40.8487,24
119,582.9141999999999,37.150800000000004,31.6643,514.0991,40.8487,24
220,582.9141999999999,37.150800000000004,31.6643,514.0991,40.8487,24
217,582.9141999999999,37.150800000000004,31.6643,514.0991,40.8487,24
219,582.9141999999999,37.150800000000004,31.6643,514.0991,40.8487,24
317,582.9141999999999,37.150800000000004,31.6643,514.0991,40.8487,24
18,582.9051,37.1543,31.651,514.0998,40.8477,24
121,582.8871,37.1691,31.614,514.1039999999999,40.844699999999996,24
17,582.6867,37.1529,31.4341,514.0997,40.8268,24
19,582.5948999999999,37.2782,31.1918,514.1249,40.8133,24
1522,582.5648,56.0701,53.6928,472.8019,37.7239,24
216,582.5353,37.150800000000004,31.2854,514.0991,40.8123,24
20,582.4612999999999,37.3314,30.9942,514.1356999999999,40.798500000000004,24
21,582.2728999999999,37.5576,30.512900000000002,514.2024,40.758900000000004,24
122,581.933,37.822,29.837400000000002,514.2736,40.7053,24
22,581.786,37.9229,29.563200000000002,514.2999,40.683800000000005,24
1289,579.9572,46.9613,47.0048,485.9911,61.471900000000005,24
696,578.9169,63.4215,47.4084,468.087,50.6285,24
1730,578.6117,64.3961,54.9725,459.24309999999997,38.1706,24
2021,578.4704,60.4485,60.7574,457.2645,45.65809999999999,24
5510,577.2362,69.7677,45.0331,462.4354,44.150400000000005,24
1826,577.0899000000001,60.2695,55.5852,461.2352,36.0852,24
2127,576.9952,61.3432,55.4494,460.2026,36.829,24
1005,576.6168,46.6884,33.5151,496.4133,33.053200000000004,24
1187,576.1655,37.2792,39.7102,499.1761,61.1702,24
116,574.9751,36.684799999999996,30.0288,508.2615,40.0364,24
5009,574.1755,29.4321,22.408,522.3354,38.369800000000005,24
288,573.8348,37.0745,38.1496,498.6107,59.9247,24
89,573.8022,22.3399,24.8746,526.5877,47.4228,24
88,573.8022,22.3399,24.8746,526.5877,47.4228,24
90,573.8022,22.3399,24.8746,526.5877,47.4228,24
2029,573.5431,65.58239999999999,54.2554,453.7053,38.550799999999995,24
493,570.7379999999999,39.6333,37.9738,493.1309,60.1961,24
9508,570.5625,105.81869999999999,69.08239999999999,395.6614,39.547399999999996,24
685,570.4988,36.08,37.6891,496.72970000000004,60.6799,24
1999,568.6295,92.5299,77.8606,398.239,36.4041,24
9610,568.6153,105.3537,70.8869,392.3747,40.2024,24
5339,567.0752,0.0,487.5016,79.5736,45.9752,24
1830,566.6714000000001,68.0422,53.096500000000006,445.53270000000003,39.539500000000004,24
215,566.2245,36.054,28.5977,501.5728,37.5684,24
1089,565.4154,36.3583,37.910000000000004,491.1471,60.6171,24
1130,564.7496,46.5612,48.951,469.2374,35.764399999999995,24
1087,564.5288,36.0743,37.6575,490.797,60.5662,24
688,564.5288,36.0743,37.6575,490.797,60.5662,24
987,564.5288,36.0743,37.6575,490.797,60.5662,24
988,564.5288,36.0743,37.6575,490.797,60.5662,24
986,564.5288,36.0743,37.6575,490.797,60.5662,24
1088,564.5288,36.0743,37.6575,490.797,60.5662,24
889,564.5288,36.0743,37.6575,490.797,60.5662,24
489,564.5288,36.0743,37.6575,490.797,60.5662,24
1188,564.5288,36.0743,37.6575,490.797,60.5662,24
886,564.5288,36.0743,37.6575,490.797,60.5662,24
687,564.5288,36.0743,37.6575,490.797,60.5662,24
686,564.5288,36.0743,37.6575,490.797,60.5662,24
885,564.5288,36.0743,37.6575,490.797,60.5662,24
989,564.5288,36.0743,37.6575,490.797,60.5662,24
785,564.5288,36.0743,37.6575,490.797,60.5662,24
587,564.5288,36.0743,37.6575,490.797,60.5662,24
586,564.5288,36.0743,37.6575,490.797,60.5662,24
589,564.5288,36.0743,37.6575,490.797,60.5662,24
588,564.5288,36.0743,37.6575,490.797,60.5662,24
590,564.5288,36.0743,37.6575,490.797,60.5662,24
690,564.5288,36.0743,37.6575,490.797,60.5662,24
490,564.5288,36.0743,37.6575,490.797,60.5662,24
486,564.5288,36.0743,37.6575,490.797,60.5662,24
789,564.5288,36.0743,37.6575,490.797,60.5662,24
786,564.5288,36.0743,37.6575,490.797,60.5662,24
488,564.5288,36.0743,37.6575,490.797,60.5662,24
689,564.5288,36.0743,37.6575,490.797,60.5662,24
487,564.5288,36.0743,37.6575,490.797,60.5662,24
1086,564.5231,36.0679,37.6672,490.788,60.563599999999994,24
1085,564.5225,35.5186,38.6472,490.3567,60.328599999999994,24
491,564.492,36.0699,37.653999999999996,490.7681,60.563599999999994,24
790,564.3144,36.065200000000004,37.6522,490.597,60.5524,24
387,563.787,35.9087,37.9338,489.9445,60.5086,24
788,563.4836,35.9199,37.5623,490.0014,60.492900000000006,24
2426,563.294,63.536300000000004,50.2218,449.53589999999997,43.4368,24
9606,563.1876,104.0312,69.90259999999999,389.2538,39.9013,24
787,563.0504,35.856,37.5225,489.6719,60.4626,24
9511,562.5108,106.9565,71.4853,384.069,40.4305,24
985,562.3718,35.755900000000004,37.460899999999995,489.15500000000003,60.4152,24
3804,562.2917,30.2789,22.0069,510.0059,37.813,24
9708,561.3681,106.474,71.7575,383.1366,40.2481,24
9709,561.1496,106.4739,71.7575,382.9182,40.1466,24
189,560.0267,26.9133,29.3967,503.7167,51.5733,24
9607,559.887,104.59299999999999,70.4843,384.8097,40.0295,24
9611,559.407,106.4697,71.7593,381.178,40.0025,24
9710,559.2493,106.4697,71.7593,381.0203,39.9896,24
9907,559.224,106.4697,71.7593,380.995,39.987500000000004,24
9612,559.224,106.4697,71.7593,380.995,39.987500000000004,24
9810,559.224,106.4697,71.7593,380.995,39.987500000000004,24
9711,559.224,106.4697,71.7593,380.995,39.987500000000004,24
390,558.3552999999999,35.5759,37.2416,485.5378,60.0158,24
1925,557.9274,58.5285,53.9956,445.4033,34.5969,24
888,557.033,34.9675,36.9741,485.0914,60.0411,24
887,556.6322,34.9081,36.9381,484.786,60.013099999999994,24
2461,555.994,49.9384,37.0244,469.0312,38.6693,24
9707,554.6456000000001,106.4697,71.7593,376.4166,40.0643,24
890,553.6659999999999,35.6013,37.2865,480.77819999999997,59.8925,24
9807,553.2729,106.2362,71.6008,375.4359,39.92190000000001,24
1921,551.3344,55.2684,56.4541,439.6119,44.25,24
5001,550.3557,49.3542,38.3011,462.7004,34.5007,24
4907,549.3851999999999,29.1202,20.1156,500.1494,31.479100000000003,24
391,548.0325,34.0775,36.2427,477.7123,59.43600000000001,24
1422,546.6727999999999,48.2789,43.6531,454.7408,34.294000000000004,24
2129,545.5716,65.985,51.5304,428.0562,37.6678,24
381,544.0432,43.3452,38.1136,462.5844,46.8723,24
591,543.7829,35.1437,36.473,472.1662,59.391799999999996,24
290,542.2214,33.4086,35.7571,473.0557,59.01219999999999,24
9507,542.0315,100.2914,67.2919,374.4482,38.510099999999994,24
1629,540.3102,55.783699999999996,52.955400000000004,431.5711,33.124700000000004,24
2557,536.648,65.8697,40.877,429.9013,38.2081,24
2702,536.5092999999999,26.3044,22.8947,487.3102,33.5415,24
1310,536.0253,47.7855,27.8947,460.3451,32.1873,24
87,535.0254,21.3724,23.186,490.467,43.567699999999995,24
2224,531.9176,61.3686,50.2552,420.29380000000003,38.6884,24
1821,531.8533,51.5495,53.3651,426.9387,43.2389,24
2802,531.3242,37.0595,31.013299999999997,463.2514,31.848300000000002,24
1722,529.8928,52.3087,51.5047,426.0794,38.4666,24
1726,529.7455,55.968199999999996,51.6563,422.12100000000004,32.4081,24
1027,527.0676,38.4043,29.2029,459.4604,31.4429,24
2660,526.2625,61.589,38.4428,426.2307,37.4187,24
2628,524.9467,56.9193,43.6441,424.38329999999996,43.1356,24
990,523.9924,34.2805,35.7468,453.9651,58.1767,24
5239,523.9725,0.0,476.1843,47.7882,43.6254,24
2456,520.5404,45.1307,32.4267,442.983,37.6383,24
1731,518.0966,67.6587,48.4573,401.98060000000004,38.0455,24
1930,517.65,68.3495,48.4042,400.8963,37.787600000000005,24
2561,517.3246,60.0132,34.7944,422.517,37.6279,24
1902,517.0448,32.2302,22.0757,462.7389,32.363,24
1922,515.7379,50.3441,52.0667,413.3271,41.952600000000004,24
2760,514.6092,52.1528,36.3374,426.119,37.234700000000004,24
5094,514.2537,38.482,26.3581,449.4136,41.4929,24
2026,513.4215,52.609,48.2887,412.5238,32.1717,24
2260,509.173,45.4594,32.4996,431.214,36.2804,24
5403,507.6024,43.6127,34.7706,429.2191,30.8325,24
1831,507.5171,68.0341,47.512699999999995,391.9703,37.232299999999995,24
1801,506.1187,31.015,21.7715,453.3322,31.778999999999996,24
5194,506.0028,45.518299999999996,30.8993,429.5852,38.326,24
2229,502.3867,64.3362,47.7235,390.327,35.6476,24
1228,501.0327,51.202,48.3948,401.4359,30.218400000000003,24
492,499.64,32.5327,33.6774,433.4299,56.8036,24
16,497.9371,30.5815,24.9058,442.44980000000004,32.3528,24
1630,495.8104,50.8713,48.4061,396.533,29.5226,24
594,495.2989,36.5059,34.5165,424.2765,56.121300000000005,24
212,492.8929,59.3561,50.1999,383.3369,31.745700000000003,24
1626,491.8318,52.5231,48.5102,390.7985,29.8149,24
213,490.4327,38.3244,29.2963,422.812,30.0628,24
2125,490.152,57.3076,49.0518,383.7926,33.9852,24
2227,489.4294,59.938900000000004,47.406,382.0845,34.5768,24
383,488.4388,42.3335,36.3486,409.7567,43.5566,24
2225,487.73900000000003,59.9127,47.251000000000005,380.5753,34.5333,24
2326,487.73900000000003,59.9127,47.251000000000005,380.5753,34.5333,24
2325,487.73900000000003,59.9127,47.251000000000005,380.5753,34.5333,24
2226,487.73900000000003,59.9127,47.251000000000005,380.5753,34.5333,24
2126,487.6968,53.950900000000004,46.4499,387.296,32.2762,24
2527,487.6702,56.882600000000004,44.122,386.6656,37.072100000000006,24
2228,486.3435,58.4816,47.2105,380.6514,33.5529,24
1524,486.1175,52.0038,48.036,386.0777,29.455900000000003,24
1526,486.1175,52.0038,48.036,386.0777,29.455900000000003,24
1523,486.1175,52.0038,48.036,386.0777,29.455900000000003,24
1624,486.1175,52.0038,48.036,386.0777,29.455900000000003,24
1723,486.1175,52.0038,48.036,386.0777,29.455900000000003,24
1525,486.1175,52.0038,48.036,386.0777,29.455900000000003,24
1623,486.1175,52.0038,48.036,386.0777,29.455900000000003,24
1625,486.1175,52.0038,48.036,386.0777,29.455900000000003,24
2403,486.1058,23.381999999999998,20.7564,441.9674,30.6013,24
1527,485.8288,51.7513,48.0956,385.9819,29.464300000000005,24
1528,483.6157,49.8165,48.5511,385.2481,29.527500000000003,24
1007,483.4545,43.8952,29.5259,410.03340000000003,28.4561,24
1530,483.02180000000004,49.2971,48.673500000000004,385.0512,29.544400000000003,24
1529,483.02180000000004,49.2971,48.673500000000004,385.0512,29.544400000000003,24
1328,483.0125,49.2922,48.6658,385.0545,29.543400000000002,24
1427,482.5061,49.1456,47.8762,385.4843,29.410099999999996,24
82,481.8033,44.17,38.4053,399.228,42.991499999999995,24
1090,481.1117,33.9312,34.5286,412.6519,55.773,24
1428,479.3298,47.2044,46.0083,386.1171,29.0844,24
1724,478.5446,50.7596,45.6034,382.1816,28.540999999999997,24
3504,477.1518,37.9574,28.4361,410.75829999999996,32.9296,24
1327,476.6243,45.672,44.0561,386.8962,28.7475,24
3407,476.18399999999997,28.784299999999998,21.3699,426.0298,32.7685,24
1322,476.0981,36.4041,28.7859,410.9081,28.829300000000003,24
1425,474.1531,45.2218,39.3999,389.5314,28.102800000000002,24
581,473.2182,39.5906,34.8833,398.7443,42.6117,24
691,473.1954,31.998,32.708800000000004,408.4886,55.334300000000006,24
5293,472.7585,39.6847,26.5513,406.5225,35.3115,24
2558,472.3508,48.0944,30.882,393.3744,34.413,24
9613,472.0364,76.6199,50.3701,345.0464,32.4381,24
1430,471.0557,42.514700000000005,40.0365,388.5045,28.053599999999996,24
1132,470.79580000000004,33.8222,28.6162,408.3574,28.5329,24
1424,470.4761,43.1375,36.7464,390.5922,28.0689,24
1634,470.4439,62.7816,45.4446,362.2177,33.360499999999995,24
1423,470.1376,42.9468,36.5041,390.68670000000003,28.065600000000003,24
1822,470.1239,48.8332,49.067099999999996,372.2236,36.489900000000006,24
2103,469.3383,28.883,25.4719,414.9834,30.2902,24
1429,469.2984,41.5197,38.7686,389.0101,27.856900000000003,24
1426,468.9456,42.1553,35.9906,390.7997,28.0304,24
2230,468.23990000000003,64.2979,43.6017,360.3403,35.7577,24
115,467.5458,28.5338,23.3161,415.6959,30.1021,24
2030,464.9976,64.06869999999999,44.4733,356.4556,33.2008,24
1431,464.769,44.2033,39.0921,381.4736,28.0934,24
1229,463.8474,42.2431,39.190599999999996,382.4137,28.234199999999998,24
1531,463.3753,54.574600000000004,45.7242,363.0765,30.489800000000002,24
1227,462.121,37.4876,33.4783,391.1551,27.798499999999997,24
86,460.3993,33.5321,30.3784,396.48879999999997,41.7567,24
2327,459.921,57.5604,44.814299999999996,357.54630000000003,32.5393,24
1127,459.3743,36.735,29.0705,393.5688,27.9428,24
2159,458.9343,39.9572,31.2897,387.6874,33.8087,24
1190,458.2255,37.2562,36.7334,384.2359,54.4831,24
1026,457.81370000000004,35.9612,27.6091,394.2434,27.952,24
1323,457.81370000000004,35.9612,27.6091,394.2434,27.952,24
1025,457.81370000000004,35.9612,27.6091,394.2434,27.952,24
1324,457.4846,35.6738,27.6764,394.1344,27.9276,24
83,457.0062,39.7127,34.877,382.4165,42.5554,24
282,457.0062,39.7127,34.877,382.4165,42.5554,24
482,457.0062,39.7127,34.877,382.4165,42.5554,24
284,457.0062,39.7127,34.877,382.4165,42.5554,24
283,457.0062,39.7127,34.877,382.4165,42.5554,24
84,457.0062,39.7127,34.877,382.4165,42.5554,24
85,457.0062,39.7127,34.877,382.4165,42.5554,24
382,457.0062,39.7127,34.877,382.4165,42.5554,24
184,457.0062,39.7127,34.877,382.4165,42.5554,24
185,457.0062,39.7127,34.877,382.4165,42.5554,24
183,457.0062,39.7127,34.877,382.4165,42.5554,24
481,456.976,39.6972,34.8694,382.4094,42.5529,24
182,456.76959999999997,39.7307,34.8882,382.1507,42.41799999999999,24
1933,456.4495,64.6939,43.9651,347.7905,33.1386,24
1325,456.26480000000004,34.6072,27.927799999999998,393.7298,27.8372,24
1222,456.2466,33.3313,28.3318,394.5835,27.7541,24
1128,456.2429,39.4984,31.4596,385.2849,27.4197,24
1126,456.1981,34.5491,27.9412,393.7078,27.8323,24
1125,455.351,33.8088,28.1153,393.42690000000005,27.7694,24
1326,455.0516,33.5469,28.1769,393.3278,27.7473,24
1223,454.89840000000004,33.413,28.2085,393.2769,27.7359,24
1224,454.73830000000004,33.2729,28.2416,393.22380000000004,27.7241,24
1124,454.72790000000003,33.2642,28.243199999999998,393.2205,27.7232,24
1123,454.7166,33.2542,28.2456,393.21680000000003,27.7224,24
1232,454.7166,33.2542,28.2456,393.21680000000003,27.7224,24
1231,454.7166,33.2542,28.2456,393.21680000000003,27.7224,24
1122,454.7166,33.2542,28.2456,393.21680000000003,27.7224,24
1226,454.7166,33.2542,28.2456,393.21680000000003,27.7224,24
1225,454.7166,33.2542,28.2456,393.21680000000003,27.7224,24
1331,454.7166,33.2542,28.2456,393.21680000000003,27.7224,24
1330,454.6892,33.2542,28.2182,393.21680000000003,27.7213,24
1832,454.5898,63.6687,43.3979,347.52320000000003,33.0447,24
1332,454.09310000000005,34.997099999999996,29.2315,389.8645,27.6666,24
2203,453.98879999999997,25.1769,22.7101,406.1018,29.352700000000002,24
1924,451.3169,49.9995,46.4192,354.8982,27.8816,24
2131,450.8323,63.561499999999995,43.0522,344.21860000000004,32.8122,24
2032,450.16020000000003,63.5323,43.0308,343.5971,32.6987,24
2031,450.16020000000003,63.5323,43.0308,343.5971,32.6987,24
1932,450.16020000000003,63.5323,43.0308,343.5971,32.6987,24
1931,450.16020000000003,63.5323,43.0308,343.5971,32.6987,24
2130,449.3899,63.385,42.9597,343.0452,32.6026,24
1628,448.476,47.1105,42.3516,359.0139,28.2168,24
1631,447.3977,58.8654,43.3252,345.2071,32.0598,24
1833,447.0836,60.8408,43.0302,343.2126,32.408899999999996,24
5706,446.3216,50.2441,35.0018,361.0757,31.438200000000002,24
1432,446.0745,57.5935,42.0109,346.4701,31.822000000000003,24
1732,446.0521,59.9382,43.0302,343.0837,32.3117,24
995,445.9652,35.5363,30.2083,380.2206,41.7704,24
3104,445.5251,36.5827,26.4788,382.4636,32.519600000000004,24
1733,445.4306,59.3947,43.0298,343.0061,32.2532,24
1834,445.4306,59.3947,43.0298,343.0061,32.2532,24
1734,445.4306,59.3947,43.0298,343.0061,32.2532,24
1632,445.4306,59.3947,43.0298,343.0061,32.2532,24
1635,445.4306,59.3947,43.0298,343.0061,32.2532,24
1433,445.4306,59.3947,43.0298,343.0061,32.2532,24
1532,445.4306,59.3947,43.0298,343.0061,32.2532,24
5092,444.501,37.0487,24.2821,383.1702,34.0288,24
4993,444.501,37.0487,24.2821,383.1702,34.0288,24
5192,444.501,37.0487,24.2821,383.1702,34.0288,24
5193,444.501,37.0487,24.2821,383.1702,34.0288,24
5093,444.501,37.0487,24.2821,383.1702,34.0288,24
2158,443.4027,38.307,30.224,374.8717,33.024,24
2002,441.47339999999997,22.248,20.339,398.8864,28.5745,24
2360,440.09979999999996,38.9766,25.8105,375.3127,32.782399999999996,24
5103,439.9129,33.6118,26.8904,379.4107,27.683300000000003,24
2457,439.5573,39.0287,25.7838,374.7448,32.7443,24
2460,439.5573,39.0287,25.7838,374.7448,32.7443,24
2459,439.5573,39.0287,25.7838,374.7448,32.7443,24
2458,439.5573,39.0287,25.7838,374.7448,32.7443,24
2560,439.5573,39.0287,25.7838,374.7448,32.7443,24
2359,439.5573,39.0287,25.7838,374.7448,32.7443,24
2358,439.5573,39.0287,25.7838,374.7448,32.7443,24
2559,439.5573,39.0287,25.7838,374.7448,32.7443,24
2357,439.5573,39.0287,25.7838,374.7448,32.7443,24
2258,439.5573,39.0287,25.7838,374.7448,32.7443,24
2259,439.5573,39.0287,25.7838,374.7448,32.7443,24
4805,439.0025,28.0153,20.2997,390.6875,26.5884,24
2001,438.88349999999997,21.8998,20.0587,396.925,28.4497,24
1824,438.3768,48.5679,44.8197,344.9892,27.098600000000005,24
2601,437.7291,21.3715,19.63,396.7276,28.3415,24
2102,437.7291,21.3715,19.63,396.7276,28.3415,24
2602,437.7291,21.3715,19.63,396.7276,28.3415,24
2303,437.7291,21.3715,19.63,396.7276,28.3415,24
2402,437.7291,21.3715,19.63,396.7276,28.3415,24
2501,437.7291,21.3715,19.63,396.7276,28.3415,24
2401,437.7291,21.3715,19.63,396.7276,28.3415,24
1901,437.7291,21.3715,19.63,396.7276,28.3415,24
2502,437.7291,21.3715,19.63,396.7276,28.3415,24
2200,437.6694,59.934400000000004,50.11,327.625,29.0129,24
2427,437.2965,55.6475,42.8331,338.8159,30.9178,24
9714,436.5991,43.389700000000005,31.7347,361.4747,25.1261,24
2302,436.0774,21.1121,19.8256,395.1397,28.265400000000003,24
791,435.6645,30.323800000000002,30.6536,374.6871,53.1896,24
2201,435.0892,21.0166,19.3434,394.7292,28.214399999999998,24
2301,433.8664,20.8524,19.2118,393.8022,28.1555,24
815,432.0021,38.486200000000004,23.9197,369.5962,25.4274,24
2101,430.1304,20.3505,18.8062,390.9737,27.9754,24
2529,428.2672,62.538199999999996,50.8074,314.9216,36.6308,24
12,427.4653,32.8403,26.3582,368.2668,28.2952,24
2202,425.4271,19.7184,18.2961,387.4126,27.7488,24
114,425.0584,27.432299999999998,22.127299999999998,375.4988,29.138799999999996,24
15,424.6356,24.2086,20.0762,380.3508,29.5714,24
214,423.2546,31.0273,22.977999999999998,369.2493,25.0873,24
1106,422.1083,37.9968,20.3401,363.7714,25.2997,24
3205,421.3454,28.9105,20.3915,372.0434,30.0147,24
2124,421.0345,52.0968,48.3907,320.54699999999997,32.1506,24
2701,418.7419,25.5403,24.2223,368.9793,26.8257,24
2024,415.088,48.8281,45.7435,320.51640000000003,27.937600000000003,24
4603,410.1572,22.9846,15.796199999999999,371.3764,25.480000000000004,24
14,407.5464,24.3663,19.8645,363.3156,27.4423,24
592,404.5612,28.918400000000002,28.6389,347.0039,51.4858,24
2329,401.7512,54.1553,39.5099,308.086,28.563699999999997,24
5303,400.6661,33.3015,26.285,341.07959999999997,24.6949,24
2429,397.2461,54.7708,42.199,300.2763,28.1269,24
1193,393.9608,27.1683,22.485999999999997,344.3065,38.827200000000005,24
891,390.6205,28.3155,28.2733,334.0317,50.5951,24
1823,385.5685,46.2098,43.364,295.9947,25.7313,24
2328,385.0596,51.2319,38.2582,295.5695,27.1738,24
2100,383.9861,46.5391,38.496700000000004,298.9503,26.2893,24
2000,382.3433,46.1643,38.3851,297.7939,26.515700000000002,24
2428,382.1175,50.983200000000004,38.0005,293.1338,26.9629,24
2528,381.5858,50.6391,37.8754,293.0713,26.8378,24
5608,381.4155,45.531800000000004,29.3108,306.5729,29.156200000000002,24
1206,380.5197,40.4228,23.2954,316.8015,22.6524,24
4102,380.2971,24.1948,15.229000000000001,340.8733,29.731899999999996,24
4574,377.8265,25.229999999999997,105.9783,246.6182,28.812999999999995,24
593,375.6474,27.6409,27.3221,320.6844,49.7705,24
991,373.1352,27.5327,27.2644,318.3381,49.6081,24
792,373.1352,27.5327,27.2644,318.3381,49.6081,24
892,373.1352,27.5327,27.2644,318.3381,49.6081,24
1091,373.1352,27.5327,27.2644,318.3381,49.6081,24
693,373.1352,27.5327,27.2644,318.3381,49.6081,24
692,373.1352,27.5327,27.2644,318.3381,49.6081,24
992,368.0075,26.1749,25.3753,316.4573,47.6044,24
793,367.8874,27.4861,24.8038,315.59749999999997,46.91069999999999,24
1900,366.6536,45.4249,35.8026,285.4261,25.874399999999998,24
5003,365.9031,28.3356,22.9083,314.6592,23.5908,24
1129,365.1576,31.6949,22.7567,310.706,22.2712,24
4402,361.7529,21.5725,14.2836,325.8968,23.1329,24
2902,361.1373,26.080199999999998,18.436700000000002,316.6204,24.757800000000003,24
3204,355.7118,23.7962,16.681,315.2346,28.4727,24
3306,353.751,21.3516,15.0778,317.3216,28.150799999999997,24
1800,352.224,46.1518,33.4117,272.6605,25.481099999999998,24
3507,348.6439,20.64,14.6544,313.3495,28.0963,24
4703,347.7039,26.6434,17.6055,303.455,22.4655,24
5203,341.7609,27.455099999999998,21.8691,292.43670000000003,21.8416,24
2903,341.3818,20.7219,14.5478,306.1121,27.6931,24
993,340.4579,18.8808,15.2233,306.3538,36.830000000000005,24
3604,338.1658,24.823999999999998,14.872,298.4698,27.160800000000002,24
5604,337.5528,26.8307,20.6811,290.041,20.6441,24
1295,337.3755,18.0648,14.087299999999999,305.2234,35.6245,24
1095,337.3755,18.0648,14.087299999999999,305.2234,35.6245,24
1093,337.3755,18.0648,14.087299999999999,305.2234,35.6245,24
1195,337.3755,18.0648,14.087299999999999,305.2234,35.6245,24
1294,337.3755,18.0648,14.087299999999999,305.2234,35.6245,24
1194,337.28679999999997,18.0217,14.0595,305.2056,35.6167,24
994,337.122,17.941200000000002,14.008,305.1728,35.6023,24
1094,336.9274,17.8464,13.9472,305.1338,35.5853,24
3103,329.4724,20.1706,14.0525,295.2493,27.247,24
3003,329.4724,20.1706,14.0525,295.2493,27.247,24
3203,329.4724,20.1706,14.0525,295.2493,27.247,24
3004,329.4724,20.1706,14.0525,295.2493,27.247,24
3002,329.4724,20.1706,14.0525,295.2493,27.247,24
3303,329.4724,20.1706,14.0525,295.2493,27.247,24
3202,329.4724,20.1706,14.0525,295.2493,27.247,24
3405,329.4724,20.1706,14.0525,295.2493,27.247,24
3406,329.4724,20.1706,14.0525,295.2493,27.247,24
3101,329.4724,20.1706,14.0525,295.2493,27.247,24
3304,329.4724,20.1706,14.0525,295.2493,27.247,24
3102,329.4724,20.1706,14.0525,295.2493,27.247,24
3305,329.4724,20.1706,14.0525,295.2493,27.247,24
3201,329.4609,20.174599999999998,14.051400000000001,295.2349,27.2468,24
3506,329.3646,20.2109,14.042599999999998,295.1111,27.2456,24
3404,329.2555,20.2508,14.0326,294.9721,27.2443,24
3302,328.74199999999996,20.4393,13.9865,294.3162,27.2384,24
3505,328.6617,20.4686,13.979199999999999,294.2139,27.2375,24
3001,328.4563,20.255,14.3405,293.8608,27.2469,24
9936,328.1263,17.9588,11.4382,298.7293,19.1549,24
3403,327.33639999999997,20.9549,13.8591,292.5224,27.222099999999998,24
3704,325.6521,22.8568,13.5136,289.2817,27.310399999999998,24
3301,324.3576,22.0489,13.5904,288.7183,27.1881,24
3903,323.38030000000003,23.1482,13.5555,286.6766,27.117900000000002,24
3402,323.1847,22.4796,13.4844,287.2207,27.174500000000002,24
4002,322.9997,23.9429,13.8139,285.2429,26.7045,24
3902,322.3759,22.7762,13.411,286.1887,27.165099999999995,24
4101,322.3759,22.7762,13.411,286.1887,27.165099999999995,24
4001,322.3759,22.7762,13.411,286.1887,27.165099999999995,24
3803,322.3759,22.7762,13.411,286.1887,27.165099999999995,24
3602,322.3759,22.7762,13.411,286.1887,27.165099999999995,24
3901,322.3759,22.7762,13.411,286.1887,27.165099999999995,24
3503,322.3759,22.7762,13.411,286.1887,27.165099999999995,24
3801,322.3759,22.7762,13.411,286.1887,27.165099999999995,24
3802,322.3759,22.7762,13.411,286.1887,27.165099999999995,24
3603,322.3759,22.7762,13.411,286.1887,27.165099999999995,24
3703,322.3759,22.7762,13.411,286.1887,27.165099999999995,24
3502,322.3759,22.7762,13.411,286.1887,27.165099999999995,24
3601,322.3759,22.7762,13.411,286.1887,27.165099999999995,24
3702,322.3759,22.7762,13.411,286.1887,27.165099999999995,24
3605,322.3759,22.7762,13.411,286.1887,27.165099999999995,24
3701,322.3759,22.7762,13.411,286.1887,27.165099999999995,24
3401,321.25939999999997,22.4775,13.2848,285.4971,27.106399999999997,24
3501,318.6684,21.7834,12.990499999999999,283.8945,26.9703,24
1923,317.5309,41.988,40.4407,235.1022,24.577099999999998,24
4902,310.1562,21.8893,16.5207,271.7462,22.456999999999997,24
4801,302.3469,23.4229,16.6537,262.2703,21.9206,24
4804,292.7234,21.4307,16.4735,254.8192,19.1709,24
4802,292.6483,20.6203,14.5691,257.45889999999997,21.5096,24
4901,292.6483,20.6203,14.5691,257.45889999999997,21.5096,24
4903,292.5083,22.096799999999998,17.8215,252.59,19.987,24
4701,291.1527,20.5609,14.4771,256.11469999999997,21.402099999999997,24
4803,288.5385,21.1049,15.3103,252.1233,20.8641,24
4201,286.64209999999997,21.7461,11.5561,253.3399,23.4746,24
5509,275.8386,29.3876,20.8498,225.6012,18.662300000000002,24
1307,273.1331,22.6498,12.3381,238.1452,16.5195,24
5607,271.1041,28.1322,20.4196,222.5523,17.8516,24
5110,267.7897,20.6964,15.2316,231.8617,20.6427,24
13,258.1405,16.8965,13.7053,227.5387,19.0369,24
5104,257.5096,24.0233,19.1926,214.2937,16.8858,24
5205,257.0443,21.9111,16.4636,218.6696,16.1094,24
113,253.00900000000001,20.714299999999998,16.0211,216.2736,15.930800000000001,24
5105,249.3946,21.7623,16.5577,211.0746,15.7582,24
4702,246.3251,18.785,11.738900000000001,215.8012,18.1818,24
4601,243.22650000000002,18.4317,11.4966,213.2982,17.976,24
1534,235.4984,32.5689,27.278,175.6515,15.582,24
1107,235.12619999999998,24.4166,12.409,198.3006,14.289299999999999,24
5004,226.5902,20.0241,16.2564,190.3097,15.586900000000002,24
5504,221.6308,20.9312,16.6854,184.0142,14.7932,24
4301,219.1783,17.6951,10.0463,191.4369,16.2069,24
4602,218.1132,17.6664,10.0144,190.4324,16.1552,24
4502,218.1132,17.6664,10.0144,190.4324,16.1552,24
4401,218.1132,17.6664,10.0144,190.4324,16.1552,24
4501,214.8781,16.7505,9.6868,188.4408,15.9922,24
5705,212.9613,20.1321,15.8172,177.012,14.3754,24
4904,205.2756,18.9901,15.1547,171.1308,13.953100000000001,24
5704,204.1686,18.9361,15.124500000000001,170.108,13.887900000000002,24
5605,204.05730000000003,18.9361,15.124500000000001,169.9967,13.887900000000002,24
5606,203.9451,18.9361,15.124500000000001,169.8845,13.887900000000002,24
5304,203.7098,18.9361,15.124500000000001,169.6492,13.887900000000002,24
5106,203.7098,18.9361,15.124500000000001,169.6492,13.887900000000002,24
5404,203.7098,18.9361,15.124500000000001,169.6492,13.887900000000002,24
5406,203.7098,18.9361,15.124500000000001,169.6492,13.887900000000002,24
5405,203.7098,18.9361,15.124500000000001,169.6492,13.887900000000002,24
5305,203.7098,18.9361,15.124500000000001,169.6492,13.887900000000002,24
5005,203.7098,18.9361,15.124500000000001,169.6492,13.887900000000002,24
5506,203.7098,18.9361,15.124500000000001,169.6492,13.887900000000002,24
5505,203.7098,18.9361,15.124500000000001,169.6492,13.887900000000002,24
5307,203.7098,18.9361,15.124500000000001,169.6492,13.887900000000002,24
5507,203.7098,18.9361,15.124500000000001,169.6492,13.887900000000002,24
2901,203.3656,12.9574,8.8246,181.5836,16.8719,24
5204,202.80349999999999,18.8474,15.0193,168.9368,13.8371,24
5207,202.0761,18.7736,15.0024,168.3001,13.7827,24
5306,199.4169,18.5078,14.8032,166.1059,13.6118,24
5206,195.8973,18.1571,14.5404,163.1998,13.385299999999999,24
5107,191.9847,18.4721,14.4078,159.1048,13.1879,24
5407,189.9696,17.5653,14.096599999999999,158.3077,13.0042,24
5008,189.019,17.8536,11.9292,159.2362,12.9875,24
5408,188.638,17.4322,13.9966,157.2092,12.9188,24
5208,185.105,18.1991,13.9875,152.9184,12.7774,24
5006,177.5808,17.9005,13.527899999999999,146.1524,12.3283,24
5508,175.7698,16.148500000000002,13.0342,146.5871,12.091399999999998,24
5108,173.9599,19.4225,12.7356,141.80180000000001,12.3615,24
5109,169.5613,17.6194,11.536999999999999,140.4049,12.3048,24
4905,165.6071,17.4264,12.7962,135.3845,11.708399999999997,24
5308,163.8013,16.1637,12.4137,135.2239,11.522100000000002,24
5410,163.3828,16.4165,12.4198,134.5465,11.554499999999999,24
5409,150.1235,13.5898,11.1146,125.4191,10.7345,24
5309,145.133,15.0755,11.1937,118.8638,10.6633,24
5209,139.6356,16.3966,11.2089,112.0301,10.556799999999999,24
5007,134.448,16.1905,10.892199999999999,107.3653,10.3268,24
4906,129.3575,15.989,10.5815,102.787,10.1011,24
5210,129.1749,15.982000000000001,10.5703,102.6226,10.093,24
5310,129.13920000000002,15.8148,10.5398,102.7846,10.083300000000001,24
1207,97.3609,12.588899999999999,5.0938,79.6782,6.7894,24
112,69.7055,7.4208,5.947,56.3377,4.4971,24
2801,55.178999999999995,2.6783,2.4714,50.0293,3.6103,24
